player_id,player_name,season,event_month,family,base_share,new_share,delta,is_new_pitch,n_prior_months
425794,"Wainwright, Adam",2022,8,cufam,0.2870182555780933,0.3896940418679549,0.10267578628986163,FALSE,4
425794,"Wainwright, Adam",2023,7,fc,0.24858115777525538,0.13934426229508196,-0.10923689548017343,FALSE,2
425844,"Greinke, Zack",2021,7,slfam,0.09102646868947709,0.2336448598130841,0.14261839112360702,FALSE,3
425844,"Greinke, Zack",2022,8,slfam,0.11185983827493262,0.0056657223796034,-0.10619411589532922,FALSE,4
425844,"Greinke, Zack",2023,5,cufam,0.23935091277890466,0.10199556541019955,-0.1373553473687051,FALSE,1
434671,"S<c3><a1>nchez, An<c3><ad>bal",2022,9,fc,0.21995192307692307,0.3825,0.16254807692307693,FALSE,2
446372,"Kluber, Corey",2021,5,ch,0.075,0.20089285714285715,0.12589285714285714,FALSE,1
446372,"Kluber, Corey",2023,6,fc,0.24675324675324675,0.36818181818181817,0.12142857142857141,FALSE,2
448179,"Hill, Rich",2022,5,slfam,0.07251908396946564,0.17333333333333334,0.1008142493638677,FALSE,1
448179,"Hill, Rich",2023,9,fc,0.15635593220338984,0.017543859649122806,-0.13881207255426703,FALSE,5
450203,"Morton, Charlie",2021,5,si,0.2708803611738149,0.10978043912175649,-0.16109992205205842,FALSE,1
450203,"Morton, Charlie",2023,8,fc,0.050445103857566766,0.1527777777777778,0.10233267392021103,FALSE,4
456501,"Cueto, Johnny",2021,7,si,0.11753731343283583,0.22518159806295399,0.10764428463011816,FALSE,3
456501,"Cueto, Johnny",2022,6,ch,0.13138686131386862,0.26238532110091745,0.13099845978704883,FALSE,1
456501,"Cueto, Johnny",2023,8,si,0.11214953271028037,0.21245421245421245,0.10030467974393208,FALSE,1
457918,"Happ, J.A.",2021,9,si,0.1444043321299639,0.3318777292576419,0.18747339712767802,FALSE,5
458681,"Lynn, Lance",2021,8,ff,0.4284122562674095,0.2468354430379747,-0.18157681322943478,FALSE,4
458681,"Lynn, Lance",2023,6,ff,0.45271966527196655,0.34535104364326374,-0.10736862162870281,FALSE,2
458681,"Lynn, Lance",2024,6,ff,0.3775303643724696,0.5864077669902913,0.20887740261782167,FALSE,2
471911,"Carrasco, Carlos",2022,5,ff,0.3591331269349845,0.46261682242990654,0.10348369549492203,FALSE,1
471911,"Carrasco, Carlos",2023,6,si,0.13043478260869565,0.010050251256281407,-0.12038453135241424,FALSE,2
471911,"Carrasco, Carlos",2024,5,si,0.17034068136272545,0.27615062761506276,0.1058099462523373,FALSE,1
471911,"Carrasco, Carlos",2025,8,slfam,0.2841880341880342,0.12941176470588237,-0.1547762694821518,FALSE,1
474463,"Anderson, Brett",2021,8,ch,0.21643286573146292,0.327683615819209,0.1112507500877461,FALSE,4
477132,"Kershaw, Clayton",2025,6,slfam,0.3333333333333333,0.4502487562189055,0.11691542288557216,FALSE,1
489119,"Miley, Wade",2022,9,ch,0.2576419213973799,0.3864406779661017,0.1287987565687218,FALSE,1
489119,"Miley, Wade",2023,5,ch,0.2772511848341232,0.16019417475728157,-0.11705701007684163,FALSE,1
500779,"Quintana, Jose",2022,5,si,0.07476635514018691,0.23582766439909297,0.16106130925890605,FALSE,1
500779,"Quintana, Jose",2024,7,cufam,0.20186113099498926,0.32842105263157895,0.1265599216365897,FALSE,3
501985,"Minor, Mike",2021,6,slfam,0.2619047619047619,0.15236427320490367,-0.10954048869985825,FALSE,2
502042,"Archer, Chris",2022,5,ch,0.035842293906810034,0.15977961432506887,0.12393732041825883,FALSE,1
502043,"Gibson, Kyle",2021,5,ch,0.07489878542510121,0.1878048780487805,0.11290609262367927,FALSE,1
502043,"Gibson, Kyle",2022,5,si,0.41950113378684806,0.3009049773755656,-0.11859615641128246,FALSE,1
502171,"Cobb, Alex",2023,9,fs,0.3785066896849374,0.4973544973544973,0.11884780766955994,FALSE,5
503449,"Peralta, Wily",2022,6,ff,0.33210332103321033,0.18633540372670807,-0.14576791730650226,FALSE,1
506433,"Darvish, Yu",2021,9,slfam,0.5713642503376857,0.40145985401459855,-0.16990439632308713,FALSE,5
506433,"Darvish, Yu",2022,9,ff,0.2347024308466052,0.3401709401709402,0.10546850932433499,FALSE,5
506433,"Darvish, Yu",2023,6,si,0.10428100987925357,0.31435643564356436,0.2100754257643108,FALSE,2
506433,"Darvish, Yu",2024,9,ff,0.2170978627671541,0.10483870967741936,-0.11225915308973473,FALSE,2
506433,"Darvish, Yu",2025,8,slfam,0.35,0.15748031496062992,-0.19251968503937006,FALSE,1
518516,"Bumgarner, Madison",2022,5,fc,0.5113924050632911,0.3924050632911392,-0.11898734177215187,FALSE,1
518774,"Harvey, Matt",2021,8,ff,0.37559808612440193,0.20722891566265061,-0.16836917046175132,FALSE,4
518876,"Kelly, Merrill",2022,8,si,0.16304347826086957,0.27442827442827444,0.11138479616740488,FALSE,4
518876,"Kelly, Merrill",2023,6,ff,0.24975704567541301,0.35394456289978676,0.10418751722437375,FALSE,2
519242,"Sale, Chris",2023,5,ff,0.4027777777777778,0.5408163265306123,0.1380385487528345,FALSE,1
523260,"Kelly, Joe",2022,9,slfam,0.00423728813559322,0.3696969696969697,0.3654596815613765,TRUE,1
527048,"P<c3><a9>rez, Mart<c3><ad>n",2021,8,fc,0.3035826524198617,0.1524390243902439,-0.1511436280296178,FALSE,4
527048,"P<c3><a9>rez, Mart<c3><ad>n",2022,5,cufam,0.1476510067114094,0.0328719723183391,-0.1147790343930703,FALSE,1
527048,"P<c3><a9>rez, Mart<c3><ad>n",2023,7,ch,0.2980225988700565,0.16716417910447762,-0.13085841976557888,FALSE,3
527048,"P<c3><a9>rez, Mart<c3><ad>n",2024,8,cufam,0.10185185185185185,0.2681992337164751,0.16634738186462322,FALSE,3
527048,"P<c3><a9>rez, Mart<c3><ad>n",2025,8,fc,0.3710691823899371,0.23765432098765432,-0.13341486140228276,FALSE,1
528748,"Castellanos, Humberto",2021,9,si,0.27167630057803466,0.4005102040816326,0.12883390350359797,FALSE,1
528748,"Castellanos, Humberto",2022,5,ff,0.19915254237288135,0.056640625,-0.14251191737288135,FALSE,1
542881,"Anderson, Tyler",2022,5,ch,0.23193916349809887,0.36046511627906974,0.12852595278097087,FALSE,1
542881,"Anderson, Tyler",2023,9,ch,0.35135135135135137,0.24210526315789474,-0.10924608819345663,FALSE,5
543037,"Cole, Gerrit",2021,8,slfam,0.20239234449760765,0.3127147766323024,0.11032243213469475,FALSE,4
543037,"Cole, Gerrit",2022,8,ff,0.4963181148748159,0.6009538950715422,0.10463578019672626,FALSE,4
543037,"Cole, Gerrit",2023,8,fc,0.040583675330597355,0.16753926701570682,0.12695559168510945,FALSE,4
543037,"Cole, Gerrit",2024,8,fc,0.22953451043338685,0.07575757575757576,-0.1537769346758111,FALSE,2
543101,"DeSclafani, Anthony",2021,5,slfam,0.2850574712643678,0.3861788617886179,0.10112139052425007,FALSE,1
543135,"Eovaldi, Nathan",2022,8,fc,0.07621247113163972,0.19078947368421054,0.11457700255257082,FALSE,4
543243,"Gray, Sonny",2021,9,slfam,0.17347580138277813,0.28716904276985744,0.11369324138707931,FALSE,4
543243,"Gray, Sonny",2022,7,si,0.345565749235474,0.2360097323600973,-0.1095560168753767,FALSE,2
543243,"Gray, Sonny",2023,5,ff,0.13953488372093023,0.25,0.11046511627906977,FALSE,1
543243,"Gray, Sonny",2024,9,si,0.16613708579210168,0.2785714285714286,0.1124343427793269,FALSE,5
543243,"Gray, Sonny",2025,8,si,0.20143487858719647,0.08240534521158129,-0.11902953337561518,FALSE,4
543294,"Hendricks, Kyle",2023,9,ch,0.3901292596944771,0.5,0.10987074030552291,FALSE,4
543294,"Hendricks, Kyle",2024,5,ff,0.1989247311827957,0.07251908396946564,-0.12640564721333003,FALSE,1
543475,"Lyles, Jordan",2021,5,cufam,0.14609571788413098,0.2611218568665377,0.11502613898240674,FALSE,1
543475,"Lyles, Jordan",2022,7,ff,0.295391061452514,0.453448275862069,0.158057214409555,FALSE,3
543475,"Lyles, Jordan",2023,5,ff,0.3932384341637011,0.2678185745140389,-0.12541985964966218,FALSE,1
543606,"Odorizzi, Jake",2021,7,fs,0.14862385321100918,0.31473214285714285,0.16610828964613367,FALSE,2
543606,"Odorizzi, Jake",2022,5,fc,0.10780669144981413,0.29515418502202645,0.1873474935722123,FALSE,1
544150,"Su<c3><a1>rez, Albert",2024,7,cufam,0.06974459724950884,0.2006269592476489,0.13088236199814007,FALSE,3
544931,"Strasburg, Stephen",2021,5,ff,0.24277456647398843,0.34591194968553457,0.10313738321154614,FALSE,1
545333,"Bauer, Trevor",2021,6,ff,0.4589641434262948,0.2631578947368421,-0.19580624868945273,TRUE,2
547001,"Poteet, Cody",2021,6,ch,0.2275449101796407,0.11162790697674418,-0.11591700320289652,FALSE,1
547179,"Lorenzen, Michael",2022,6,si,0.327445652173913,0.17678100263852242,-0.1506646495353906,FALSE,2
547179,"Lorenzen, Michael",2023,5,slfam,0.1862348178137652,0.3086680761099366,0.12243325829617138,FALSE,1
547179,"Lorenzen, Michael",2024,6,slfam,0.21059602649006623,0.06728971962616823,-0.143306306863898,FALSE,2
547179,"Lorenzen, Michael",2025,6,ff,0.2689655172413793,0.1623529411764706,-0.1066125760649087,FALSE,2
547943,"Ryu, Hyun Jin",2023,9,fc,0.11320754716981132,0.24836601307189543,0.1351584659020841,FALSE,1
548389,"Stripling, Ross",2021,9,ff,0.5373015873015873,0.43137254901960786,-0.10592903828197942,FALSE,3
548389,"Stripling, Ross",2024,5,fc,0.03770197486535009,0.13864306784660768,0.10094109298125759,FALSE,1
554430,"Wheeler, Zack",2021,6,ff,0.4556053811659193,0.35,-0.10560538116591933,FALSE,2
554430,"Wheeler, Zack",2022,9,fc,0.27857473391948173,0.16243654822335024,-0.11613818569613149,FALSE,5
570632,"Ure<c3><b1>a, Jos<c3><a9>",2021,5,ff,0.19599109131403117,0.07416267942583732,-0.12182841188819385,FALSE,1
570632,"Ure<c3><b1>a, Jos<c3><a9>",2023,9,ff,0.19834710743801653,0.09803921568627451,-0.10030789175174203,FALSE,1
571578,"Corbin, Patrick",2022,5,ff,0.24937655860349128,0.12429378531073447,-0.1250827732927568,FALSE,1
571578,"Corbin, Patrick",2024,7,si,0.4080421885299934,0.2725225225225225,-0.1355196660074709,FALSE,3
571578,"Corbin, Patrick",2025,5,si,0.2314540059347181,0.3806818181818182,0.14922781224710008,FALSE,1
571760,"Heaney, Andrew",2021,8,ff,0.5957572186210961,0.4769874476987448,-0.1187697709223513,FALSE,4
571760,"Heaney, Andrew",2022,8,slfam,0.4807692307692308,0.30833333333333335,-0.17243589743589743,FALSE,1
571927,"Matz, Steven",2021,7,si,0.47073170731707314,0.5907590759075908,0.12002736859051766,FALSE,3
571945,"Mikolas, Miles",2022,8,ff,0.22742801366520254,0.3409893992932862,0.11356138562808366,FALSE,4
571945,"Mikolas, Miles",2024,5,slfam,0.35234215885947046,0.24242424242424243,-0.10991791643522802,FALSE,1
572020,"Paxton, James",2023,8,fc,0.1988105352591334,0.08385744234800839,-0.114953092911125,FALSE,3
572070,"Richards, Garrett",2021,8,ch,0.03499713138267355,0.14603174603174604,0.1110346146490725,FALSE,4
572971,"Keuchel, Dallas",2021,6,fc,0.20358649789029537,0.33557046979865773,0.13198397190836236,FALSE,2
572971,"Keuchel, Dallas",2022,5,si,0.39814814814814814,0.5050505050505051,0.10690235690235694,FALSE,1
573186,"Stroman, Marcus",2021,5,slfam,0.2019704433497537,0.34279475982532753,0.14082431647557384,FALSE,1
573186,"Stroman, Marcus",2022,5,slfam,0.21021021021021022,0.3813559322033898,0.1711457219931796,FALSE,1
579328,"Kikuchi, Yusei",2021,7,fc,0.4084942084942085,0.2135306553911205,-0.19496355310308797,FALSE,3
579328,"Kikuchi, Yusei",2022,5,fc,0.1949685534591195,0.002325581395348837,-0.19264297206377068,FALSE,1
579328,"Kikuchi, Yusei",2023,5,slfam,0.36054421768707484,0.19029850746268656,-0.17024571022438828,TRUE,1
579328,"Kikuchi, Yusei",2024,7,cufam,0.25336927223719674,0.11889596602972399,-0.13447330620747275,FALSE,3
579328,"Kikuchi, Yusei",2025,6,cufam,0.09777777777777778,0.2147117296222664,0.11693395184448861,FALSE,2
592314,"Foltynewicz, Mike",2021,6,ff,0.3767258382642998,0.25907990314769974,-0.11764593511660004,FALSE,2
592332,"Gausman, Kevin",2024,5,fs,0.40122199592668023,0.24742268041237114,-0.1537993155143091,FALSE,1
592346,"Gonz<c3><a1>lez, Chi Chi",2021,9,ff,0.47829131652661067,0.3157894736842105,-0.16250184284240016,FALSE,4
592351,"Gray, Jon",2023,8,slfam,0.3842821782178218,0.48598130841121495,0.10169913019339316,FALSE,4
592662,"Ray, Robbie",2021,5,slfam,0.1726027397260274,0.2808080808080808,0.10820534108205337,FALSE,1
592662,"Ray, Robbie",2022,6,si,0.0010695187165775401,0.3083623693379791,0.30729285062140155,TRUE,2
592662,"Ray, Robbie",2025,7,ff,0.5302180685358255,0.4,-0.13021806853582552,FALSE,3
592716,"Sampson, Adrian",2021,9,slfam,0.2185430463576159,0.0967741935483871,-0.1217688528092288,FALSE,1
592716,"Sampson, Adrian",2022,8,ch,0.19270833333333334,0.0870712401055409,-0.10563709322779244,FALSE,1
592717,"Sanchez, Aaron",2022,8,si,0.4508816120906801,0.20675105485232068,-0.24413055723835944,FALSE,1
592767,"Smyly, Drew",2021,7,si,0.5322997416020672,0.3971631205673759,-0.13513662103469126,FALSE,3
592767,"Smyly, Drew",2022,7,si,0.2611731843575419,0.3948220064724919,0.13364882211495,FALSE,2
592767,"Smyly, Drew",2023,5,si,0.47737556561085975,0.3757455268389662,-0.10163003877189353,FALSE,1
592789,"Syndergaard, Noah",2022,7,cufam,0.08829568788501027,0.35447761194029853,0.2661819240552883,FALSE,3
592789,"Syndergaard, Noah",2023,5,cufam,0.0511727078891258,0.20630372492836677,0.15513101703924098,FALSE,1
592791,"Taillon, Jameson",2021,5,slfam,0.21875,0.11284046692607004,-0.10590953307392996,FALSE,1
592791,"Taillon, Jameson",2022,5,cufam,0.21428571428571427,0.09411764705882353,-0.12016806722689075,FALSE,1
592791,"Taillon, Jameson",2023,6,ff,0.2753623188405797,0.41123595505617977,0.13587363621560006,FALSE,2
592791,"Taillon, Jameson",2024,9,si,0.09251101321585903,0.19318181818181818,0.10067080496595915,FALSE,5
592826,"Velasquez, Vince",2021,5,ff,0.5691699604743083,0.4519650655021834,-0.11720489497212494,FALSE,1
592836,"Walker, Taijuan",2021,6,si,0.21201413427561838,0.332579185520362,0.12056505124474359,FALSE,2
592836,"Walker, Taijuan",2022,6,slfam,0.10810810810810811,0.20926243567753003,0.10115432756942191,FALSE,1
592836,"Walker, Taijuan",2023,5,slfam,0.13024282560706402,0.01991150442477876,-0.11033132118228525,FALSE,1
592836,"Walker, Taijuan",2024,8,fs,0.17894736842105263,0.34104046242774566,0.16209309400669303,FALSE,2
592866,"Williams, Trevor",2021,8,cufam,0.11753371868978806,0.012578616352201259,-0.1049551023375868,FALSE,3
592866,"Williams, Trevor",2023,5,ff,0.4375,0.5576131687242798,0.1201131687242798,FALSE,1
592866,"Williams, Trevor",2025,5,ff,0.32604735883424407,0.4486873508353222,0.12263999200107811,FALSE,1
593423,"Montas, Frankie",2021,5,si,0.416135881104034,0.2839506172839506,-0.1321852638200834,FALSE,1
593423,"Montas, Frankie",2024,9,ff,0.3497942386831276,0.23318385650224216,-0.11661038218088543,FALSE,5
593958,"Rodriguez, Eduardo",2021,6,ff,0.3055242390078918,0.48695652173913045,0.18143228273123868,FALSE,2
593958,"Rodriguez, Eduardo",2022,9,ff,0.40991535671100365,0.2850467289719626,-0.12486862773904106,FALSE,3
593958,"Rodriguez, Eduardo",2025,8,ff,0.43617021276595747,0.549618320610687,0.11344810784472958,FALSE,4
593974,"Peralta, Wandy",2025,6,slfam,0.13100436681222707,0.24537037037037038,0.1143660035581433,FALSE,1
594798,"deGrom, Jacob",2021,6,slfam,0.24183976261127596,0.4358288770053476,0.19398911439407165,FALSE,2
594798,"deGrom, Jacob",2022,9,slfam,0.44238683127572015,0.3392070484581498,-0.10317978281757034,FALSE,1
594835,"Gonzales, Marco",2021,8,ff,0.4578627280625543,0.5687285223367697,0.11086579427421545,FALSE,3
594835,"Gonzales, Marco",2024,7,si,0.19262295081967212,0,-0.19262295081967212,FALSE,1
596001,"Junis, Jakob",2021,5,ff,0.42857142857142855,0.2737430167597765,-0.15482841181165202,FALSE,1
596001,"Junis, Jakob",2022,7,si,0.3304794520547945,0.17058823529411765,-0.15989121676067686,FALSE,2
596133,"Weaver, Luke",2023,5,slfam,0.08854166666666667,0.1988527724665392,0.11031110579987254,FALSE,1
596295,"Gomber, Austin",2021,6,ch,0.14362850971922247,0.3,0.15637149028077751,FALSE,2
596295,"Gomber, Austin",2022,5,slfam,0.3253731343283582,0.20476190476190476,-0.12061122956645343,FALSE,1
596295,"Gomber, Austin",2023,6,slfam,0.12428078250863062,0.2738336713995943,0.1495528888909637,FALSE,2
596295,"Gomber, Austin",2025,7,fs,0.1794871794871795,0.007075471698113208,-0.17241170778906628,FALSE,1
601713,"Pivetta, Nick",2021,9,slfam,0.21769837972579975,0.11538461538461539,-0.10231376434118436,FALSE,5
601713,"Pivetta, Nick",2022,6,fc,0.17787913340935005,0.06209150326797386,-0.11578763014137619,TRUE,2
601713,"Pivetta, Nick",2024,5,ff,0.3160919540229885,0.5710526315789474,0.25496067755595886,FALSE,1
605135,"Bassitt, Chris",2021,8,si,0.38007736943907156,0.2474747474747475,-0.13260262196432407,FALSE,4
605135,"Bassitt, Chris",2022,8,si,0.29779213785675823,0.4124748490945674,0.11468271123780915,FALSE,4
605164,"Bundy, Dylan",2021,8,si,0.14362176628010706,0.24705882352941178,0.10343705724930471,FALSE,3
605164,"Bundy, Dylan",2022,7,si,0.1407185628742515,0,-0.1407185628742515,FALSE,3
605182,"Clevinger, Mike",2022,6,ff,0.210727969348659,0.34962406015037595,0.13889609080171694,FALSE,1
605182,"Clevinger, Mike",2023,5,fc,0.034990791896869246,0.1795774647887324,0.14458667289186317,FALSE,1
605200,"Davies, Zach",2022,6,ff,0.03891509433962264,0.15565031982942432,0.11673522548980167,FALSE,2
605200,"Davies, Zach",2023,6,si,0.17751479289940827,0.3553398058252427,0.17782501292583444,FALSE,1
605288,"Houser, Adrian",2023,6,si,0.3793911007025761,0.5837837837837838,0.20439268308120773,FALSE,1
605288,"Houser, Adrian",2025,6,ff,0.30687830687830686,0.12472647702407003,-0.18215182985423684,FALSE,1
605397,"Musgrove, Joe",2021,8,cufam,0.20833333333333334,0.328,0.11966666666666667,FALSE,4
605397,"Musgrove, Joe",2023,7,ff,0.2840909090909091,0.16396761133603238,-0.12012329775487673,FALSE,3
605397,"Musgrove, Joe",2024,5,slfam,0.25666666666666665,0.14583333333333334,-0.11083333333333331,FALSE,1
605400,"Nola, Aaron",2021,9,si,0.1223905034793287,0.22916666666666666,0.10677616318733796,FALSE,5
605400,"Nola, Aaron",2022,5,si,0.16945107398568018,0.2757281553398058,0.10627708135412564,FALSE,1
605400,"Nola, Aaron",2023,8,ff,0.27848101265822783,0.3882113821138211,0.10973036945559328,FALSE,4
605400,"Nola, Aaron",2025,8,ff,0.253765932792584,0.4,0.146234067207416,FALSE,2
605452,"Ross, Joe",2021,7,si,0.4385277995301488,0.5408560311284046,0.10232823159825583,FALSE,3
605463,"Scott, Tayler",2024,6,ff,0.37575757575757573,0.5114155251141552,0.1356579493565795,FALSE,2
605483,"Snell, Blake",2021,6,ff,0.45010845986984815,0.5809248554913294,0.13081639562148129,FALSE,2
605483,"Snell, Blake",2023,6,ff,0.5719661335841957,0.4383838383838384,-0.1335822952003573,FALSE,2
605483,"Snell, Blake",2024,7,cufam,0.1820388349514563,0.3392330383480826,0.1571942033966263,FALSE,2
605488,"Springs, Jeffrey",2022,6,slfam,0.17671517671517672,0.3006535947712418,0.12393841805606509,FALSE,2
605507,"Thompson, Zach",2021,7,ch,0.03508771929824561,0.1755485893416928,0.14046087004344718,FALSE,1
605507,"Thompson, Zach",2022,5,fc,0.2935153583617747,0.4057971014492754,0.11228174308750066,FALSE,1
605540,"Woodruff, Brandon",2021,7,cufam,0.13879709187045605,0.24897959183673468,0.11018249996627863,FALSE,3
605540,"Woodruff, Brandon",2023,9,si,0.1731066460587326,0.2904040404040404,0.11729739434530778,FALSE,2
605540,"Woodruff, Brandon",2025,9,fc,0.12222222222222222,0.33766233766233766,0.21544011544011543,FALSE,2
607067,"Rea, Colin",2025,6,ff,0.4823529411764706,0.3640776699029126,-0.11827527127355797,FALSE,2
607074,"Rod<c3><b3>n, Carlos",2022,6,ff,0.653755868544601,0.546572934973638,-0.10718293357096298,FALSE,2
607074,"Rod<c3><b3>n, Carlos",2024,5,slfam,0.19210053859964094,0.31016042780748665,0.11805988920784571,FALSE,1
607192,"Glasnow, Tyler",2024,6,ff,0.5351351351351351,0.37292161520190026,-0.16221351993323485,FALSE,2
607192,"Glasnow, Tyler",2025,7,ff,0.48366013071895425,0.3305785123966942,-0.15308161832226003,FALSE,1
607200,"Fedde, Erick",2021,9,si,0.44902271526677234,0.3230174081237911,-0.12600530714298125,FALSE,5
607200,"Fedde, Erick",2022,5,cufam,0.3389830508474576,0.22115384615384615,-0.11782920469361147,FALSE,1
607200,"Fedde, Erick",2024,5,slfam,0.268630849220104,0.15985790408525755,-0.10877294513484645,FALSE,1
607231,"Gant, John",2021,5,si,0.4631336405529954,0.3021978021978022,-0.1609358383551932,FALSE,1
607259,"Martinez, Nick",2022,5,ff,0.36752136752136755,0.19444444444444445,-0.1730769230769231,FALSE,1
607536,"Freeland, Kyle",2021,6,ch,0.2911392405063291,0.1761786600496278,-0.11496058045670132,FALSE,1
607536,"Freeland, Kyle",2022,8,si,0.1959385290889133,0.2991967871485944,0.10325825805968109,FALSE,4
607536,"Freeland, Kyle",2023,5,fc,0.2648870636550308,0.1384928716904277,-0.12639419196460308,FALSE,1
607536,"Freeland, Kyle",2025,5,si,0.2446351931330472,0.06483300589390963,-0.1798021872391376,FALSE,1
607572,"Howard, Sam",2021,6,ff,0.5226130653266332,0.41818181818181815,-0.10443124714481505,FALSE,1
607625,"Lugo, Seth",2023,9,cufam,0.31632110579479,0.17338709677419356,-0.14293400902059644,FALSE,5
607625,"Lugo, Seth",2024,9,fc,0.07379798732761834,0.18181818181818182,0.10802019449056348,FALSE,5
607644,"Means, John",2021,7,ff,0.5140913508260447,0.38636363636363635,-0.12772771446240838,FALSE,2
608331,"Fried, Max",2021,8,slfam,0.25082946250829463,0.1461864406779661,-0.10464302183032853,FALSE,4
608331,"Fried, Max",2022,8,slfam,0.21973094170403587,0.0913978494623656,-0.12833309224167028,FALSE,4
608331,"Fried, Max",2024,9,slfam,0.09700176366843033,0.20242914979757085,0.10542738612914052,FALSE,5
608331,"Fried, Max",2025,6,si,0.2046058458813109,0.10176125244618395,-0.10284459343512695,FALSE,2
608337,"Giolito, Lucas",2021,7,ch,0.3748411689961881,0.24279835390946503,-0.13204281508672305,FALSE,3
608337,"Giolito, Lucas",2023,9,ch,0.25105243015690776,0.42634315424610053,0.17529072408919277,FALSE,5
608344,"Irvin, Cole",2021,5,si,0.2539325842696629,0.13555992141453832,-0.1183726628551246,FALSE,1
608344,"Irvin, Cole",2022,7,ff,0.2795414462081129,0.43896713615023475,0.15942568994212186,FALSE,3
608344,"Irvin, Cole",2023,6,ff,0.44609665427509293,0.2796208530805687,-0.1664758011945242,FALSE,1
608344,"Irvin, Cole",2024,7,ff,0.274385408406027,0.10267857142857142,-0.17170683697745556,FALSE,3
608379,"Wacha, Michael",2021,6,fc,0.3787878787878788,0.2773972602739726,-0.10139061851390618,FALSE,1
608379,"Wacha, Michael",2022,5,si,0.08923076923076922,0.19322033898305085,0.10398956975228163,FALSE,1
608566,"M<c3><a1>rquez, Germ<c3><a1>n",2021,9,slfam,0.2821718683197948,0.17817371937639198,-0.10399814894340281,FALSE,5
608566,"M<c3><a1>rquez, Germ<c3><a1>n",2022,6,si,0.14554579673776663,0.2828096118299446,0.13726381509217794,FALSE,2
608566,"M<c3><a1>rquez, Germ<c3><a1>n",2025,5,cufam,0.18876404494382024,0.3452685421994885,0.15650449725566826,FALSE,1
608723,"Voth, Austin",2022,5,fc,0.21359223300970873,0.3621621621621622,0.14856992915245346,FALSE,1
615698,"Quantrill, Cal",2021,6,fc,0.04,0.2727272727272727,0.2327272727272727,FALSE,2
615698,"Quantrill, Cal",2022,7,si,0.4518118735543562,0.26865671641791045,-0.18315515713644576,FALSE,3
615698,"Quantrill, Cal",2023,9,fs,0.06243705941591138,0.26286764705882354,0.20043058764291216,FALSE,2
615698,"Quantrill, Cal",2024,5,si,0.21616871704745166,0.32217573221757323,0.10600701517012157,FALSE,1
615698,"Quantrill, Cal",2025,5,fc,0.15889830508474576,0.26288659793814434,0.10398829285339858,FALSE,1
621051,"Wilson, Steven",2022,9,ff,0.5740740740740741,0.42028985507246375,-0.15378421900161032,FALSE,2
621076,"Kaprielian, James",2022,9,ff,0.5467391304347826,0.18974358974358974,-0.3569955406911929,TRUE,4
621076,"Kaprielian, James",2023,5,si,0.25277777777777777,0.10112359550561797,-0.1516541822721598,FALSE,1
621107,"Eflin, Zach",2021,6,slfam,0.2782694198623402,0.1543026706231454,-0.12396674923919482,FALSE,2
621107,"Eflin, Zach",2023,9,cufam,0.2808155699721965,0.17422434367541767,-0.10659122629677881,FALSE,5
621107,"Eflin, Zach",2024,5,fc,0.18801652892561985,0.33045977011494254,0.1424432411893227,FALSE,1
621111,"Buehler, Walker",2024,6,si,0.1493975903614458,0.2796610169491525,0.13026342658770673,FALSE,1
621111,"Buehler, Walker",2025,5,slfam,0.13636363636363635,0.3168724279835391,0.18050879161990274,FALSE,1
621121,"McCullers Jr., Lance",2021,5,cufam,0.27104722792607805,0.14463840399002495,-0.1264088239360531,FALSE,1
621121,"McCullers Jr., Lance",2022,9,si,0.29770992366412213,0.19517102615694165,-0.10253889750718048,FALSE,1
621219,"Mills, Alec",2021,9,si,0.45677233429394815,0.35398230088495575,-0.1027900334089924,FALSE,4
621244,"Berr<c3><ad>os, Jos<c3><a9>",2021,6,slfam,0.3434146341463415,0.23929471032745592,-0.10411992381888557,FALSE,2
621244,"Berr<c3><ad>os, Jos<c3><a9>",2023,9,si,0.29818181818181816,0.4069264069264069,0.10874458874458875,FALSE,5
621249,"Underwood Jr., Duane",2022,7,ff,0.20918367346938777,0.06341463414634146,-0.1457690393230463,FALSE,1
621389,"Blach, Ty",2023,8,si,0.4619289340101523,0.569377990430622,0.1074490564204697,FALSE,1
622072,"Wood, Alex",2021,6,slfam,0.33052039381153303,0.2128146453089245,-0.11770574850260854,FALSE,2
622491,"Castillo, Luis",2021,5,ch,0.3967136150234742,0.2708333333333333,-0.12588028169014087,FALSE,1
622491,"Castillo, Luis",2022,7,ff,0.26232741617357,0.4556354916067146,0.1933080754331446,FALSE,2
622491,"Castillo, Luis",2024,5,ff,0.5021582733812949,0.3890063424947146,-0.11315193088658032,FALSE,1
622608,"Senzatela, Antonio",2021,5,ff,0.45579567779960706,0.5801749271137027,0.12437924931409561,FALSE,1
622608,"Senzatela, Antonio",2022,6,ff,0.4961832061068702,0.6074561403508771,0.11127293424400692,FALSE,2
622608,"Senzatela, Antonio",2025,5,cufam,0.05232558139534884,0.1580952380952381,0.10576965669988925,FALSE,1
622663,"Severino, Luis",2022,9,ff,0.4552590266875981,0.5854700854700855,0.1302110587824874,FALSE,3
622663,"Severino, Luis",2023,6,fc,0.012738853503184714,0.13140311804008908,0.11866426453690437,TRUE,1
622663,"Severino, Luis",2024,6,si,0.20437262357414449,0.41452991452991456,0.21015729095577007,FALSE,2
622663,"Severino, Luis",2025,7,ff,0.2434584755403868,0.3934782608695652,0.15001978532917842,FALSE,3
622694,"Hern<c3><a1>ndez, Elieser",2021,9,ff,0.5793991416309013,0.4725,-0.10689914163090136,FALSE,1
622694,"Hern<c3><a1>ndez, Elieser",2022,5,si,0.002840909090909091,0.1411192214111922,0.13827831232028312,TRUE,1
623167,"Flexen, Chris",2021,9,ff,0.37626373626373627,0.498134328358209,0.12187059209447271,FALSE,5
623167,"Flexen, Chris",2022,7,slfam,0.042105263157894736,0.1603563474387528,0.11825108428085807,FALSE,3
624133,"Suarez, Ranger",2021,6,ch,0.36416184971098264,0.24472573839662448,-0.11943611131435816,FALSE,1
624133,"Suarez, Ranger",2022,7,si,0.4622093023255814,0.3141592920353982,-0.14805001029018316,TRUE,3
624133,"Suarez, Ranger",2025,6,ff,0.20905172413793102,0.07413793103448275,-0.13491379310344825,FALSE,1
624522,"Thompson, Keegan",2021,6,ff,0.3505535055350554,0.5047169811320755,0.15416347559702015,FALSE,1
624522,"Thompson, Keegan",2022,7,ff,0.4207968901846453,0.5283018867924528,0.10750499660780755,FALSE,3
625643,"L<c3><b3>pez, Reynaldo",2022,9,ff,0.5107913669064749,0.6153846153846154,0.10459324847814055,FALSE,2
628317,"Maeda, Kenta",2021,7,slfam,0.4061855670103093,0.28665207877461707,-0.11953348823569221,FALSE,3
628317,"Maeda, Kenta",2023,8,ff,0.22055427251732102,0.34679334916864607,0.12623907665132506,FALSE,3
640444,"Crowe, Wil",2021,9,ff,0.3830935251798561,0.24619289340101522,-0.1369006317788409,FALSE,4
640455,"Manaea, Sean",2022,5,si,0.27901785714285715,0.08312342569269521,-0.19589443145016194,FALSE,1
640455,"Manaea, Sean",2024,5,si,0.35283363802559414,0.543010752688172,0.19017711466257786,FALSE,1
640470,"Alzolay, Adbert",2021,7,fc,0.006679389312977099,0.16953316953316952,0.16285378022019242,TRUE,3
641154,"L<c3><b3>pez, Pablo",2024,5,ff,0.4459203036053131,0.33574007220216606,-0.11018023140314703,FALSE,1
641302,"Alexander, Tyler",2025,5,fc,0.3099273607748184,0.1792452830188679,-0.1306820777559505,FALSE,1
641447,"Castano, Daniel",2022,7,fc,0.4701492537313433,0.36585365853658536,-0.10429559519475795,FALSE,1
641482,"Cortes, Nestor",2021,7,ff,0.3377777777777778,0.5020242914979757,0.16424651372019788,FALSE,1
641482,"Cortes, Nestor",2022,7,fc,0.3704,0.23908045977011494,-0.13131954022988507,FALSE,3
641482,"Cortes, Nestor",2023,5,ff,0.48381294964028776,0.5892857142857143,0.10547276464542654,FALSE,1
641482,"Cortes, Nestor",2024,9,ch,0.08412322274881516,0.19242902208201892,0.10830579933320376,FALSE,5
641540,"Dunning, Dane",2021,6,si,0.5720108695652174,0.43424317617866004,-0.13776769338655737,FALSE,2
641540,"Dunning, Dane",2024,8,si,0.35315315315315315,0.4676470588235294,0.11449390567037626,FALSE,3
641712,"Hudson, Dakota",2022,7,ff,0.1543778801843318,0.3253731343283582,0.1709952541440264,FALSE,3
641712,"Hudson, Dakota",2024,5,cufam,0.04555808656036447,0.1961904761904762,0.15063238963011172,FALSE,1
641745,"Keller, Brad",2021,7,slfam,0.3117996044825313,0.4433249370277078,0.1315253325451765,FALSE,3
641745,"Keller, Brad",2022,5,ff,0.3633633633633634,0.23440860215053763,-0.12895476121282576,FALSE,1
641745,"Keller, Brad",2023,5,slfam,0.21081081081081082,0.3935018050541516,0.1826909942433408,FALSE,1
641745,"Keller, Brad",2024,6,ch,0.22096317280453256,0.023809523809523808,-0.19715364899500876,FALSE,1
641745,"Keller, Brad",2025,7,slfam,0.3723577235772358,0.2654320987654321,-0.10692562481180368,FALSE,3
641771,"Kuhl, Chad",2021,7,ff,0.2170439414114514,0.412568306010929,0.19552436459947758,FALSE,2
641778,"Lauer, Eric",2021,6,ff,0.36254980079681276,0.5107398568019093,0.1481900560050965,FALSE,1
641778,"Lauer, Eric",2022,6,fc,0.19047619047619047,0.0709812108559499,-0.11949497962024057,FALSE,2
641778,"Lauer, Eric",2023,5,fc,0.29295154185022027,0.4077669902912621,0.11481544844104186,FALSE,1
641778,"Lauer, Eric",2025,9,fc,0.22746478873239437,0.0918918918918919,-0.13557289684050247,FALSE,4
641793,"Littell, Zack",2023,8,si,0,0.10552763819095477,0.10552763819095477,TRUE,1
641793,"Littell, Zack",2025,5,ff,0.18664047151277013,0.29818181818181816,0.11154134666904802,FALSE,1
641816,"Mahle, Tyler",2021,8,slfam,0.3221442885771543,0.2064516129032258,-0.11569267567392852,FALSE,4
641816,"Mahle, Tyler",2022,8,fc,0.11729729729729729,0.22897196261682243,0.11167466531952513,FALSE,4
641816,"Mahle, Tyler",2025,6,fc,0.10576015108593012,0.2159090909090909,0.11014893982316079,FALSE,2
641927,"Ober, Bailey",2023,9,ch,0.2618925831202046,0.3763440860215054,0.1144515029013008,FALSE,5
641927,"Ober, Bailey",2024,9,ch,0.269284064665127,0.3935969868173258,0.1243129221521988,FALSE,5
642028,"Rogers, Josh",2022,5,ff,0.46153846153846156,0.2948717948717949,-0.16666666666666669,FALSE,1
642232,"Yarbrough, Ryan",2021,6,fc,0.43847874720357943,0.3355408388520971,-0.10293790835148231,FALSE,2
642545,"Barria, Jaime",2021,8,ff,0.45789473684210524,0.31528662420382164,-0.1426081126382836,FALSE,1
642547,"Peralta, Freddy",2021,6,slfam,0.31974921630094044,0.2,-0.11974921630094043,FALSE,2
642547,"Peralta, Freddy",2022,8,cufam,0.10128388017118402,0.20210526315789473,0.10082138298671071,FALSE,2
642547,"Peralta, Freddy",2024,9,cufam,0.053709428129829984,0.1799163179916318,0.1262068898618018,FALSE,5
643377,"Jax, Griffin",2021,7,cufam,0.24793388429752067,0.0794979079497908,-0.1684359763477299,FALSE,1
643410,"Leiter Jr., Mark",2022,6,si,0.40476190476190477,0.13020833333333334,-0.2745535714285714,FALSE,1
645261,"Alcantara, Sandy",2021,5,ch,0.20955882352941177,0.3609865470852018,0.15142772355579,FALSE,1
645261,"Alcantara, Sandy",2023,6,ff,0.2547709923664122,0.14596949891067537,-0.10880149345573684,FALSE,2
645261,"Alcantara, Sandy",2025,5,fc,0.2,0.07296137339055794,-0.12703862660944207,FALSE,1
647336,"Soroka, Michael",2023,7,si,0.3146067415730337,0.16203703703703703,-0.15256970453599666,FALSE,1
649144,"Wells, Alex",2021,9,cufam,0.12021857923497267,0.233502538071066,0.11328395883609332,FALSE,1
650496,"Mej<c3><ad>a, J.C.",2021,7,si,0.4936708860759494,0.36574074074074076,-0.12793014533520863,FALSE,1
650644,"Civale, Aaron",2021,9,ff,0.249485949280329,0.14222222222222222,-0.10726372705810677,FALSE,3
650644,"Civale, Aaron",2022,5,cufam,0.18556701030927836,0.2986111111111111,0.11304410080183275,FALSE,1
650644,"Civale, Aaron",2023,6,fc,0.48633879781420764,0.33978494623655914,-0.1465538515776485,FALSE,1
650644,"Civale, Aaron",2024,5,fc,0.2589792060491493,0.36639676113360325,0.10741755508445394,FALSE,1
650644,"Civale, Aaron",2025,9,fc,0.326072157930565,0.4857142857142857,0.15964212778372072,FALSE,4
656232,"Bielak, Brandon",2023,6,slfam,0.19373776908023482,0.08904109589041095,-0.10469667318982387,FALSE,1
656271,"Burke, Brock",2025,5,slfam,0.2,0.38636363636363635,0.18636363636363634,FALSE,1
656288,"Canning, Griffin",2021,5,slfam,0.41245136186770426,0.24305555555555555,-0.1693958063121487,FALSE,1
656288,"Canning, Griffin",2023,7,ch,0.22165820642978004,0.07434944237918216,-0.1473087640505979,FALSE,3
656302,"Cease, Dylan",2022,7,slfam,0.3752605976372481,0.5268456375838926,0.15158503994664446,FALSE,3
656302,"Cease, Dylan",2023,5,ff,0.35570469798657717,0.462478184991274,0.10677348700469685,FALSE,1
656302,"Cease, Dylan",2025,6,ff,0.36913357400722024,0.503006012024048,0.1338724380168278,FALSE,2
656353,"Davidson, Tucker",2022,9,slfam,0.3854166666666667,0.5539568345323741,0.1685401678657074,FALSE,2
656412,"Faedo, Alex",2022,6,ch,0.1966824644549763,0.081145584725537,-0.11553687972943931,FALSE,1
656427,"Flaherty, Jack",2021,8,slfam,0.2972222222222222,0.1872146118721461,-0.11000761035007611,FALSE,2
656457,"Gilbert, Tyler",2021,9,fs,0.028037383177570093,0.1511627906976744,0.12312540752010431,TRUE,1
656457,"Gilbert, Tyler",2025,7,fc,0.2934131736526946,0.15384615384615385,-0.13956701980654074,FALSE,1
656550,"Holmes, Grant",2025,7,ff,0.35183946488294315,0.24520255863539445,-0.10663690624754871,FALSE,3
656557,"Houck, Tanner",2023,6,si,0.23170731707317074,0.3770491803278688,0.14534186325469808,FALSE,2
656557,"Houck, Tanner",2025,5,si,0.35445544554455444,0.48770491803278687,0.13324947248823243,FALSE,1
656605,"Keller, Mitch",2022,5,si,0.013157894736842105,0.1193058568329718,0.1061479620961297,TRUE,1
656605,"Keller, Mitch",2025,5,si,0.10104529616724739,0.24675324675324675,0.14570795058599936,FALSE,1
656629,"Kopech, Michael",2022,5,slfam,0.16510903426791276,0.2661064425770308,0.10099740830911805,FALSE,1
656629,"Kopech, Michael",2023,5,slfam,0.29958677685950413,0.1986062717770035,-0.10098050508250064,FALSE,1
656685,"Martin, Brett",2022,8,cufam,0.46540880503144655,0.2484076433121019,-0.21700116171934464,FALSE,1
656731,"Megill, Tylor",2024,9,si,0,0.20601851851851852,0.20601851851851852,TRUE,2
656756,"Montgomery, Jordan",2021,5,fc,0.2202970297029703,0.10098522167487685,-0.11931180802809345,FALSE,1
656756,"Montgomery, Jordan",2022,7,si,0.36430921052631576,0.4949698189134809,0.13066060838716514,FALSE,3
656756,"Montgomery, Jordan",2023,5,si,0.3657243816254417,0.47577092511013214,0.11004654348469045,FALSE,1
656756,"Montgomery, Jordan",2024,5,si,0.43636363636363634,0.299412915851272,-0.13695072051236434,FALSE,1
656793,"Nelson, Nick",2022,6,slfam,0.045351473922902494,0.21511627906976744,0.16976480514686493,FALSE,2
656849,"Peterson, David",2021,5,ff,0.11217948717948718,0.4263565891472868,0.31417710196779963,FALSE,1
656849,"Peterson, David",2023,7,si,0.18706047819971872,0.31716417910447764,0.13010370090475892,FALSE,2
656876,"Rasmussen, Drew",2022,9,si,0.015829694323144104,0.14250614250614252,0.12667644818299842,TRUE,5
656876,"Rasmussen, Drew",2023,5,ff,0.33072407045009783,0.17791411042944785,-0.15280996002064998,FALSE,1
656970,"Smeltzer, Devin",2022,6,fc,0.024096385542168676,0.1564625850340136,0.13236619949184494,TRUE,1
657006,"Steele, Justin",2021,9,slfam,0.23555555555555555,0.08102766798418973,-0.15452788757136582,FALSE,1
657006,"Steele, Justin",2022,5,ff,0.6005586592178771,0.4913151364764268,-0.10924352274145033,FALSE,1
657053,"Toussaint, Touki",2021,8,si,0.5806451612903226,0.4318766066838046,-0.148768554606518,FALSE,1
657053,"Toussaint, Touki",2023,9,ff,0.27583108715184185,0.14315352697095435,-0.1326775601808875,FALSE,3
657093,"Watkins, Spenser",2022,7,fc,0.205078125,0.32344213649851633,0.11836401149851633,FALSE,2
657140,"Wright, Kyle",2022,8,ff,0.23313219967087218,0.09601873536299765,-0.13711346430787452,FALSE,4
657140,"Wright, Kyle",2023,9,ff,0.1032258064516129,0.20952380952380953,0.10629800307219663,FALSE,1
657248,"Otto Jr., Glenn",2022,5,si,0.05844155844155844,0.28354978354978355,0.22510822510822512,FALSE,1
657277,"Webb, Logan",2021,5,ch,0.3270042194092827,0.22402597402597402,-0.10297824538330869,FALSE,1
657277,"Webb, Logan",2023,8,ch,0.37451923076923077,0.4974958263772955,0.12297659560806473,FALSE,4
657277,"Webb, Logan",2024,9,ch,0.32691609153650564,0.20089285714285715,-0.1260232343936485,TRUE,5
657376,"Schmidt, Clarke",2023,8,slfam,0.30459444129325014,0.20454545454545456,-0.10004898674779558,FALSE,4
657376,"Schmidt, Clarke",2025,6,ff,0.032670454545454544,0.13276231263383298,0.10009185808837844,FALSE,2
657746,"Ryan, Joe",2024,7,si,0.04037854889589906,0.15324675324675324,0.11286820435085418,FALSE,3
660271,"Ohtani, Shohei",2021,8,ff,0.5119617224880383,0.34540389972144847,-0.1665578227665898,FALSE,4
660271,"Ohtani, Shohei",2022,7,ff,0.3808312128922816,0.21772151898734177,-0.16310969390493985,FALSE,3
660271,"Ohtani, Shohei",2023,6,slfam,0.4367704280155642,0.31225296442687744,-0.12451746358868676,FALSE,2
660271,"Ohtani, Shohei",2025,8,ff,0.47560975609756095,0.30313588850174217,-0.17247386759581879,TRUE,1
660761,"Suarez, Jos<c3><a9>",2021,6,ch,0.4105960264900662,0.27526132404181186,-0.13533470244825435,FALSE,1
660761,"Suarez, Jos<c3><a9>",2022,6,ff,0.43389830508474575,0.31135531135531136,-0.12254299372943439,TRUE,1
661563,"Gil, Luis",2024,6,ch,0.2653256704980843,0.36729857819905215,0.10197290770096784,FALSE,2
661563,"Gil, Luis",2025,9,slfam,0.31086142322097376,0.1926605504587156,-0.11820087276225816,FALSE,1
663362,"Waldron, Matt",2023,9,si,0.1686046511627907,0.2870159453302961,0.11841129416750543,FALSE,1
663362,"Waldron, Matt",2024,7,ff,0.2168284789644013,0.11233480176211454,-0.10449367720228676,FALSE,3
663372,"Feltner, Ryan",2022,8,ff,0.45759368836291914,0.35135135135135137,-0.10624233701156777,FALSE,2
663372,"Feltner, Ryan",2024,5,slfam,0.41058394160583944,0.25821596244131456,-0.15236797916452488,FALSE,1
663436,"Martin, Davis",2022,9,ff,0.3702290076335878,0.5086848635235732,0.13845585588998544,FALSE,1
663436,"Martin, Davis",2025,7,slfam,0.34290271132376393,0.21764705882352942,-0.12525565250023452,FALSE,3
663460,"Bubic, Kris",2021,7,cufam,0.11722488038277512,0.22916666666666666,0.11194178628389154,FALSE,2
663460,"Bubic, Kris",2022,6,ch,0.24334600760456274,0.36129032258064514,0.1179443149760824,FALSE,1
663460,"Bubic, Kris",2025,5,ch,0.16134751773049646,0.2727272727272727,0.11137975499677624,FALSE,1
663465,"Allard, Kolby",2021,5,fc,0.34911242603550297,0.23228346456692914,-0.11682896146857383,TRUE,1
663474,"McKenzie, Triston",2022,5,ff,0.6901408450704225,0.5774058577405857,-0.11273498732983678,FALSE,1
663531,"Allen, Logan",2021,9,ff,0.48,0.3476923076923077,-0.1323076923076923,FALSE,1
663554,"Mize, Casey",2021,9,ff,0.27551984877126656,0.4854771784232365,0.20995732965196995,FALSE,5
663554,"Mize, Casey",2024,6,si,0.03172737955346651,0.15083798882681565,0.11911060927334914,FALSE,2
663559,"Falter, Bailey",2022,8,ff,0.1895424836601307,0.4411764705882353,0.25163398692810457,FALSE,1
663559,"Falter, Bailey",2023,8,slfam,0.08,0.2625,0.1825,FALSE,1
663559,"Falter, Bailey",2024,5,si,0.06150341685649203,0.2559241706161137,0.1944207537596217,FALSE,1
663559,"Falter, Bailey",2025,6,fs,0.05504587155963303,0.16516516516516516,0.11011929360553213,FALSE,2
663562,"Davis, Noah",2023,6,slfam,0.2157676348547718,0.09740259740259741,-0.11836503745217439,FALSE,1
663568,"Kolek, Stephen",2025,7,si,0.22839506172839505,0.39080459770114945,0.1624095359727544,FALSE,2
663623,"Irvin, Jake",2024,9,si,0.192629179331307,0.30193236714975846,0.10930318781845147,FALSE,5
663623,"Irvin, Jake",2025,6,cufam,0.36712328767123287,0.25213675213675213,-0.11498653553448074,FALSE,2
663738,"Lynch IV, Daniel",2021,7,slfam,0.2988505747126437,0.13366336633663367,-0.16518720837601003,FALSE,1
663765,"Woodford, Jake",2023,6,si,0.49146110056925996,0.6264367816091954,0.1349756810399354,FALSE,1
663776,"Sandoval, Patrick",2021,6,ff,0.17464788732394365,0.3908355795148248,0.21618769219088113,FALSE,1
663776,"Sandoval, Patrick",2022,5,slfam,0.17073170731707318,0.2943722943722944,0.12364058705522121,FALSE,1
663776,"Sandoval, Patrick",2023,7,ff,0.25688073394495414,0.15302491103202848,-0.10385582291292567,FALSE,3
663776,"Sandoval, Patrick",2024,5,ff,0.2570888468809074,0.030821917808219176,-0.2262669290726882,FALSE,1
663855,"Hicks, Jordan",2024,7,slfam,0.21318090114324142,0.34539473684210525,0.13221383569886383,FALSE,3
663855,"Hicks, Jordan",2025,5,si,0.5591985428051002,0.43359375,-0.12560479280510017,FALSE,1
663903,"Singer, Brady",2021,8,si,0.6016209476309227,0.4931506849315068,-0.10847026269941584,FALSE,4
663903,"Singer, Brady",2022,6,si,0.460431654676259,0.5636363636363636,0.10320470896010459,FALSE,1
663969,"Phillips, Tyler",2024,8,slfam,0.35093167701863354,0.21363636363636362,-0.1372953133822699,FALSE,1
664141,"Brubaker, JT",2022,9,si,0.4085453672587614,0.5134228187919463,0.1048774515331849,FALSE,5
664285,"Valdez, Framber",2023,7,slfam,0.14925373134328357,0.028645833333333332,-0.12060789800995024,FALSE,3
664285,"Valdez, Framber",2024,7,si,0.5338106603023071,0.40380549682875266,-0.1300051634735544,FALSE,3
664299,"Javier, Cristian",2022,5,slfam,0.39090909090909093,0.25614754098360654,-0.1347615499254844,FALSE,1
664353,"Urquidy, Jos<c3><a9>",2022,7,fc,0.1055234954657873,0,-0.1055234954657873,FALSE,3
664353,"Urquidy, Jos<c3><a9>",2023,8,ff,0.30118110236220474,0.48328267477203646,0.1821015724098317,FALSE,1
665152,"Kremer, Dean",2022,8,ff,0.441588785046729,0.29504504504504503,-0.14654374000168396,TRUE,2
665152,"Kremer, Dean",2025,6,fc,0.23529411764705882,0.11883408071748879,-0.11646003692957003,FALSE,2
665621,"Garc<c3><ad>a, Rony",2022,6,si,0.017006802721088437,0.21323529411764705,0.19622849139655862,TRUE,1
665622,"Medina, Luis",2023,7,ff,0.5075669383003493,0.3074712643678161,-0.2000956739325332,FALSE,2
665622,"Medina, Luis",2024,7,ff,0.38636363636363635,0.5,0.11363636363636365,FALSE,1
665795,"Cabrera, Edward",2023,6,cufam,0.2572314049586777,0.1469387755102041,-0.1102926294484736,FALSE,2
665795,"Cabrera, Edward",2024,7,si,0.018867924528301886,0.13924050632911392,0.12037258180081203,TRUE,1
665795,"Cabrera, Edward",2025,6,ff,0.12563451776649745,0.22742474916387959,0.10179023139738214,FALSE,2
665871,"Assad, Javier",2022,9,fc,0.3515151515151515,0.2438095238095238,-0.1077056277056277,FALSE,1
665871,"Assad, Javier",2024,5,si,0.29056603773584905,0.42,0.12943396226415094,FALSE,1
666129,"Garrett, Braxton",2023,5,slfam,0.3362573099415205,0.5132382892057027,0.17698097926418221,FALSE,1
666129,"Garrett, Braxton",2024,6,ff,0.10198300283286119,0.20851063829787234,0.10652763546501115,FALSE,1
666142,"Ragans, Cole",2023,8,slfam,0,0.16225165562913907,0.16225165562913907,TRUE,2
666142,"Ragans, Cole",2024,5,fc,0.17092651757188498,0.0411522633744856,-0.12977425419739938,FALSE,1
666157,"Lodolo, Nick",2022,8,ff,0.30813124108416545,0.1950207468879668,-0.11311049419619865,FALSE,2
666159,"Manning, Matt",2021,7,ff,0.5991379310344828,0.40214477211796246,-0.1969931589165203,TRUE,1
666159,"Manning, Matt",2023,7,ff,0.5344827586206896,0.4134366925064599,-0.12104606611422969,FALSE,1
666200,"Luzardo, Jes<c3><ba>s",2021,6,si,0.31529411764705884,0.09696969696969697,-0.21832442067736185,FALSE,1
666200,"Luzardo, Jes<c3><ba>s",2022,5,ch,0.0847953216374269,0.2897727272727273,0.2049774056353004,FALSE,1
666200,"Luzardo, Jes<c3><ba>s",2023,6,ch,0.1726078799249531,0.2757352941176471,0.10312741419269397,FALSE,2
666200,"Luzardo, Jes<c3><ba>s",2024,6,ch,0.20432692307692307,0.32669322709163345,0.12236630401471038,FALSE,2
666201,"Manoah, Alek",2021,7,ff,0.4373522458628842,0.2692307692307692,-0.16812147663211496,FALSE,1
666201,"Manoah, Alek",2022,6,si,0.17428924598269468,0.3050259965337955,0.1307367505511008,FALSE,2
666205,"Muller, Kyle",2021,8,slfam,0.30666666666666664,0.5,0.19333333333333336,FALSE,2
666205,"Muller, Kyle",2023,9,slfam,0.28244972577696525,0.17153284671532848,-0.11091687906163678,FALSE,3
666721,"Castillo, Max",2022,9,slfam,0.1037344398340249,0.24489795918367346,0.14116351934964855,FALSE,1
667755,"Soriano, Jos<c3><a9>",2024,5,si,0.27440633245382584,0.43177570093457945,0.1573693684807536,FALSE,1
667755,"Soriano, Jos<c3><a9>",2025,9,fs,0.08013937282229965,0.24378109452736318,0.16364172170506353,FALSE,5
668678,"Gallen, Zac",2021,5,ff,0.4144486692015209,0.5925925925925926,0.17814392339107166,FALSE,1
668678,"Gallen, Zac",2022,5,ff,0.5617021276595745,0.4500875656742557,-0.11161456198531883,FALSE,1
668678,"Gallen, Zac",2023,7,ff,0.4605263157894737,0.5845213849287169,0.12399506913924319,FALSE,3
668868,"Thompson, Zack",2023,8,slfam,0,0.2536231884057971,0.2536231884057971,TRUE,1
668881,"Greene, Hunter",2022,5,slfam,0.3123123123123123,0.4870689655172414,0.17475665320492906,FALSE,1
668909,"Williams, Gavin",2024,8,fc,0.05037313432835821,0.17592592592592593,0.12555279159756771,FALSE,1
668909,"Williams, Gavin",2025,5,fc,0.013725490196078431,0.14,0.12627450980392158,TRUE,1
668933,"Ashcraft, Graham",2022,6,si,0.30357142857142855,0.12476722532588454,-0.17880420324554402,FALSE,1
668933,"Ashcraft, Graham",2023,6,fc,0.5775510204081633,0.3610223642172524,-0.21652865619091088,FALSE,2
668933,"Ashcraft, Graham",2024,6,si,0.1917808219178082,0.024691358024691357,-0.16708946389311685,FALSE,2
668964,"Myers, Tobias",2024,7,slfam,0.16111111111111112,0.2650273224043716,0.10391621129326048,FALSE,2
669060,"Wilson, Bryse",2021,5,ch,0.11891891891891893,0.3076923076923077,0.18877338877338878,FALSE,1
669060,"Wilson, Bryse",2022,5,ff,0.27307692307692305,0.3903345724907063,0.11725764941378325,FALSE,1
669145,"Zimmermann, Bruce",2021,6,slfam,0.1523809523809524,0.3382352941176471,0.18585434173669468,FALSE,2
669145,"Zimmermann, Bruce",2022,6,si,0.10331632653061225,0.2674897119341564,0.16417338540354415,FALSE,2
669160,"May, Dustin",2023,5,ff,0.3220338983050847,0.15121951219512195,-0.17081438610996277,FALSE,1
669160,"May, Dustin",2025,5,ff,0.22565320665083136,0.08078602620087336,-0.144867180449958,FALSE,1
669194,"Nelson, Ryne",2023,9,slfam,0.11534446764091857,0.28431372549019607,0.1689692578492775,FALSE,4
669194,"Nelson, Ryne",2024,7,ff,0.4978165938864629,0.6270270270270271,0.12921043314056418,FALSE,3
669194,"Nelson, Ryne",2025,8,slfam,0.12639894667544438,0.23717948717948717,0.11078054050404279,FALSE,4
669211,"Akin, Keegan",2021,6,slfam,0.07220216606498195,0.25339366515837103,0.18119149909338908,FALSE,1
669302,"Gilbert, Logan",2021,6,cufam,0.1551155115511551,0.052307692307692305,-0.1028078192434628,FALSE,1
669302,"Gilbert, Logan",2024,7,fc,0.16307106598984772,0.04491725768321513,-0.11815380830663258,FALSE,3
669358,"Baz, Shane",2024,9,slfam,0.28157894736842104,0.09641255605381166,-0.18516639131460938,FALSE,2
669358,"Baz, Shane",2025,6,fc,0,0.21108742004264391,0.21108742004264391,TRUE,2
669372,"Ginn, J.T.",2025,8,ch,0.04878048780487805,0.1752988047808765,0.12651831697599847,FALSE,2
669373,"Skubal, Tarik",2021,5,ch,0,0.17057569296375266,0.17057569296375266,TRUE,1
669373,"Skubal, Tarik",2023,9,ch,0.19974874371859297,0.31990521327014215,0.12015646955154918,FALSE,2
669373,"Skubal, Tarik",2025,8,ff,0.2668727460072128,0.3715277777777778,0.10465503177056501,FALSE,4
669432,"Rogers, Trevor",2024,5,ch,0.2870544090056285,0.17772511848341233,-0.10932929052221618,FALSE,1
669456,"Bieber, Shane",2022,5,slfam,0.4117647058823529,0.3026315789473684,-0.1091331269349845,TRUE,1
669456,"Bieber, Shane",2023,9,ff,0.3417085427135678,0.4601226993865031,0.11841415667293526,FALSE,4
669461,"Liberatore, Matthew",2022,7,si,0.3088235294117647,0.1358695652173913,-0.17295396419437342,FALSE,2
669461,"Liberatore, Matthew",2023,8,ch,0.05642023346303502,0.16783216783216784,0.11141193436913283,FALSE,2
669467,"Pallante, Andre",2024,6,ff,0.5775401069518716,0.4051948051948052,-0.17234530175706642,FALSE,1
669467,"Pallante, Andre",2025,7,ff,0.4914651493598862,0.39045553145336226,-0.10100961790652396,FALSE,3
669721,"Daniel, Davis",2024,8,fs,0,0.10285714285714286,0.10285714285714286,TRUE,1
669854,"Blanco, Ronel",2023,6,slfam,0.5893719806763285,0.44776119402985076,-0.1416107866464777,TRUE,1
669854,"Blanco, Ronel",2024,8,cufam,0.05733824302998422,0.18588235294117647,0.12854410991119225,FALSE,4
669923,"Kirby, George",2022,7,si,0,0.1597444089456869,0.1597444089456869,TRUE,2
669923,"Kirby, George",2024,5,ff,0.4339622641509434,0.3166023166023166,-0.11735994754862683,FALSE,1
669923,"Kirby, George",2025,6,fs,0.13333333333333333,0.012681159420289856,-0.12065217391304348,FALSE,1
670102,"Francis, Bowden",2024,6,cufam,0.3413654618473896,0.23003194888178913,-0.11133351296560046,FALSE,1
670124,"Oller, Adam",2022,6,fc,0.2237442922374429,0.461038961038961,0.23729466880151812,FALSE,1
670174,"Winckowski, Josh",2022,7,si,0.4314516129032258,0.3222748815165877,-0.10917673138663814,FALSE,1
670329,"Garcia, Rico",2025,9,ch,0.14092140921409213,0.3548387096774194,0.21391730046332724,FALSE,2
670912,"Oviedo, Johan",2021,5,cufam,0.2185430463576159,0.09178743961352658,-0.1267556067440893,FALSE,1
670912,"Oviedo, Johan",2023,8,ff,0.3464526152252719,0.4603448275862069,0.113892212360935,FALSE,4
671106,"Allen, Logan",2024,8,si,0.08852691218130311,0.23125,0.14272308781869691,FALSE,3
671106,"Allen, Logan",2025,7,ff,0.27737752161383283,0.5053304904051172,0.2279529687912844,FALSE,3
671212,"Boyle, Joe",2025,9,ff,0.5376884422110553,0.35361216730038025,-0.18407627491067502,FALSE,2
671737,"Bradley, Taj",2024,9,fc,0.2009830693610049,0.31965442764578833,0.11867135828478342,FALSE,4
671737,"Bradley, Taj",2025,6,si,0.05942622950819672,0.1659919028340081,0.10656567332581139,FALSE,2
672282,"Detmers, Reid",2022,7,slfam,0.16649431230610134,0.3123359580052493,0.14584164569914798,FALSE,3
672282,"Detmers, Reid",2023,9,slfam,0.35184342284934,0.1417910447761194,-0.2100523780732206,TRUE,5
672282,"Detmers, Reid",2024,5,slfam,0.19424460431654678,0.2945054945054945,0.10026089018894774,FALSE,1
672456,"Montero, Keider",2024,8,si,0,0.13793103448275862,0.13793103448275862,TRUE,1
672578,"Hern<c3><a1>ndez, Carlos",2022,5,ff,0.4768211920529801,0.37037037037037035,-0.10645082168260978,FALSE,1
672710,"Contreras, Roansy",2022,8,slfam,0.2991869918699187,0.39925373134328357,0.10006673947336486,FALSE,2
672715,"Pati<c3><b1>o, Luis",2021,7,si,0.17733990147783252,0,-0.17733990147783252,FALSE,1
672782,"G<c3><b3>mez, Yoendrys",2025,8,si,0,0.18591549295774648,0.18591549295774648,TRUE,1
674072,"Henry, Tommy",2023,6,slfam,0.08830022075055188,0.18863636363636363,0.10033614288581175,FALSE,1
674072,"Henry, Tommy",2024,6,ff,0.3003875968992248,0.4421052631578947,0.14171766625866994,FALSE,1
674370,"Bido, Osvaldo",2024,8,slfam,0.28883495145631066,0.17105263157894737,-0.11778231987736329,FALSE,2
675627,"Grove, Michael",2023,6,ff,0.4581818181818182,0.33053221288515405,-0.12764960529666414,FALSE,1
675921,"Howard, Spencer",2021,9,fc,0,0.3111111111111111,0.3111111111111111,TRUE,1
676106,"Hancock, Emerson",2024,5,slfam,0.07246376811594203,0.17647058823529413,0.1040068201193521,FALSE,1
676106,"Hancock, Emerson",2025,9,si,0.36713286713286714,0.4745762711864407,0.10744340405357355,FALSE,3
676254,"Walker, Ryan",2023,7,si,0.5573122529644269,0.4349593495934959,-0.12235290337093097,FALSE,1
676272,"Miller, Bobby",2023,6,ch,0.22527472527472528,0.12334801762114538,-0.1019267076535799,FALSE,1
676272,"Miller, Bobby",2024,9,ff,0.42433234421364985,0.26666666666666666,-0.15766567754698319,FALSE,3
676282,"Cantillo, Joey",2025,8,ch,0.3444564047362756,0.2342007434944238,-0.1102556612418518,FALSE,3
676440,"Bibee, Tanner",2024,6,slfam,0.03317972350230415,0.14978902953586498,0.11660930603356083,FALSE,2
676440,"Bibee, Tanner",2025,6,ff,0.31800766283524906,0.204,-0.11400766283524907,FALSE,2
676467,"Gordon, Colton",2025,9,slfam,0.3145853193517636,0.20817843866171004,-0.10640688069005355,FALSE,3
676664,"Sears, JP",2022,9,ff,0.6491803278688525,0.48812095032397407,-0.16105937754487842,FALSE,1
676664,"Sears, JP",2023,9,slfam,0.3638666103841283,0.25903614457831325,-0.10483046580581507,FALSE,5
676664,"Sears, JP",2024,8,ff,0.32830385015608743,0.4811715481171548,0.15286769796106736,FALSE,4
676664,"Sears, JP",2025,6,si,0.008032128514056224,0.1607843137254902,0.152752185211434,TRUE,2
676710,"Crawford, Kutter",2022,7,cufam,0.10248447204968944,0.21375921375921375,0.11127474170952431,FALSE,2
676775,"Winn, Keaton",2024,6,fs,0.4169139465875371,0.3054187192118227,-0.11149522737571443,FALSE,2
676879,"Ashby, Aaron",2022,8,slfam,0.3104414856341976,0.20522388059701493,-0.10521760503718267,FALSE,4
676917,"Cavalli, Cade",2025,9,fc,0.034324942791762014,0.13675213675213677,0.10242719396037475,FALSE,1
676962,"Brown, Ben",2025,8,cufam,0.37799401197604793,0.51953125,0.14153723802395207,FALSE,3
676974,"Meyer, Max",2024,8,slfam,0.4901185770750988,0.3656716417910448,-0.12444693528405404,FALSE,1
676979,"Crochet, Garrett",2024,5,slfam,0.21258503401360543,0.10222222222222223,-0.1103628117913832,FALSE,1
676979,"Crochet, Garrett",2025,8,ff,0.3989021043000915,0.24897119341563786,-0.14993091088445362,FALSE,4
677161,"Kelly, Zack",2024,6,ff,0.36607142857142855,0.26344086021505375,-0.1026305683563748,FALSE,1
677651,"Garcia, Luis",2021,8,ff,0.4714016341923319,0.3486973947895792,-0.12270423940275271,FALSE,4
677651,"Garcia, Luis",2022,5,fc,0.21016949152542372,0.3501144164759725,0.1399449249505488,FALSE,1
677944,"Cecconi, Slade",2025,8,slfam,0.24134948096885814,0.12854030501089325,-0.11280917595796489,FALSE,3
677958,"Rocker, Kumar",2025,6,fc,0.002777777777777778,0.38323353293413176,0.380455755156354,TRUE,1
677960,"Weathers, Ryan",2021,7,si,0.015228426395939087,0.14540059347181009,0.130172167075871,TRUE,3
677960,"Weathers, Ryan",2023,5,ff,0.48355263157894735,0.6064981949458483,0.12294556336690099,FALSE,1
677976,"Dobnak, Randy",2021,5,si,0.4858757062146893,0.6278026905829597,0.1419269843682704,FALSE,1
678394,"Bello, Brayan",2023,8,si,0.34550031466331027,0.44623655913978494,0.10073624447647467,FALSE,4
678394,"Bello, Brayan",2025,6,fc,0.027434842249657063,0.15090543259557343,0.12347059034591637,TRUE,2
678906,"Teng, Kai-Wei",2025,9,slfam,0.2916666666666667,0.46601941747572817,0.17435275080906149,FALSE,1
679525,"Marsh, Alec",2024,5,ff,0.32997481108312343,0.4427083333333333,0.11273352225020988,FALSE,1
680570,"Rodriguez, Grayson",2023,7,fc,0.10348706411698538,0,-0.10348706411698538,FALSE,2
680573,"Woods Richardson, Simeon",2025,6,ch,0.11695906432748537,0,-0.11695906432748537,FALSE,2
680686,"Gray, Josiah",2022,5,slfam,0.1988472622478386,0.3048327137546468,0.10598545150680821,FALSE,1
680686,"Gray, Josiah",2023,8,si,0.15919172005914242,0.25952380952380955,0.10033208946466712,FALSE,4
680694,"Bradish, Kyle",2022,9,ff,0.4917627677100494,0.29821717990275526,-0.19354558780729414,FALSE,3
680694,"Bradish, Kyle",2023,5,slfam,0.16129032258064516,0.3310810810810811,0.16979075850043593,FALSE,1
680723,"Rom, Drew",2023,9,si,0.16129032258064516,0.2721649484536082,0.11087462587296307,FALSE,1
680730,"Parker, Mitchell",2024,8,cufam,0.2447418738049713,0.14420803782505912,-0.1005338359799122,FALSE,4
680730,"Parker, Mitchell",2025,6,fs,0.18571428571428572,0.08536585365853659,-0.10034843205574913,FALSE,2
680732,"Burke, Sean",2025,6,cufam,0.176007866273353,0.29261363636363635,0.11660577009028336,FALSE,2
680739,"Winder, Josh",2022,5,slfam,0.45806451612903226,0.3018867924528302,-0.15617772367620208,FALSE,1
680897,"Nastrini, Nick",2024,6,slfam,0.27134146341463417,0.4303030303030303,0.15896156688839613,FALSE,2
681190,"V<c3><a1>squez, Randy",2024,5,slfam,0.21301775147928995,0.019455252918287938,-0.193562498561002,FALSE,1
681190,"V<c3><a1>squez, Randy",2025,7,si,0.1616897305171158,0.267515923566879,0.10582619304976318,FALSE,3
681217,"Silseth, Chase",2023,8,fc,0.20599250936329588,0,-0.20599250936329588,FALSE,1
681293,"Arrighetti, Spencer",2024,5,cufam,0.140625,0.2545126353790614,0.11388763537906138,FALSE,1
681343,"Smith, Shane",2025,6,cufam,0.08461538461538462,0.19384615384615383,0.10923076923076921,FALSE,2
681347,"Burrows, Mike",2025,6,ff,0.3419354838709677,0.45161290322580644,0.10967741935483871,FALSE,1
681857,"Olson, Reese",2025,7,ff,0.149812734082397,0.29329608938547486,0.14348335530307785,FALSE,2
682051,"Hill, Garrett",2022,9,ff,0.4193121693121693,0.5855513307984791,0.1662391614863098,FALSE,2
682052,"Lopez, Jacob",2025,6,ff,0.5174418604651163,0.3227016885553471,-0.19474017190976922,FALSE,1
682227,"Williamson, Brandon",2023,8,slfam,0.15939278937381404,0.03225806451612903,-0.127134724857685,FALSE,3
682243,"Miller, Bryce",2023,8,ff,0.6629116117850953,0.49616858237547895,-0.16674302940961633,TRUE,3
682847,"Ortiz, Luis",2025,5,fc,0.22082585278276481,0.0815450643776824,-0.1392807884050824,FALSE,1
682990,"Priester, Quinn",2023,8,slfam,0.15384615384615385,0.2826086956521739,0.12876254180602004,FALSE,1
682990,"Priester, Quinn",2024,7,slfam,0.18663594470046083,0.373134328358209,0.18649838365774815,FALSE,2
682990,"Priester, Quinn",2025,5,fc,0.22418879056047197,0.08315565031982942,-0.14103314024064256,FALSE,1
683004,"Leiter, Jack",2025,7,ch,0.11735537190082644,0.23160762942779292,0.11425225752696648,FALSE,3
684007,"Imanaga, Shota",2025,8,fs,0.34245366284201234,0.23529411764705882,-0.10715954519495352,FALSE,2
684320,"Rodr<c3><ad>guez, Yariel",2024,7,slfam,0.33774834437086093,0.18732782369146006,-0.15042052067940087,FALSE,1
684320,"Rodr<c3><ad>guez, Yariel",2025,8,slfam,0.3698224852071006,0.5084745762711864,0.13865209106408583,FALSE,3
686218,"Sheehan, Emmet",2023,9,ff,0.6524590163934426,0.5178082191780822,-0.13465079721536044,FALSE,2
686563,"Cannon, Jonathan",2024,9,ff,0.09785353535353536,0.21171171171171171,0.11385817635817636,FALSE,4
686610,"Waldichuk, Ken",2023,5,slfam,0.22445255474452555,0.3357487922705314,0.11129623752600584,FALSE,1
686613,"Brown, Hunter",2023,5,ff,0.31027253668763105,0.46875,0.15847746331236895,FALSE,1
686613,"Brown, Hunter",2024,5,si,0,0.12389380530973451,0.12389380530973451,TRUE,1
686752,"Pepiot, Ryan",2022,8,ch,0.31451612903225806,0.1875,-0.12701612903225806,FALSE,1
686752,"Pepiot, Ryan",2024,6,slfam,0.27123287671232876,0.12903225806451613,-0.14220061864781264,FALSE,2
686752,"Pepiot, Ryan",2025,9,ff,0.4409763905562225,0.555,0.11402360944377754,FALSE,5
686799,"Kochanowicz, Jack",2025,5,ch,0.016913319238900635,0.16488222698072805,0.14796890774182742,TRUE,1
687064,"Young, Brandon",2025,7,fc,0.23295454545454544,0.06451612903225806,-0.16843841642228738,FALSE,1
687134,"Blalock, Bradley",2024,9,slfam,0.1794871794871795,0.30337078651685395,0.12388360702967446,FALSE,1
687134,"Blalock, Bradley",2025,7,ff,0.4012345679012346,0.510548523206751,0.10931395530551646,FALSE,1
687223,"Palmquist, Carson",2025,6,fc,0.07086614173228346,0.17210682492581603,0.10124068319353256,FALSE,1
687473,"Gusto, Ryan",2025,6,si,0.046610169491525424,0.16296296296296298,0.11635279347143755,FALSE,2
687765,"Spence, Mitch",2024,6,si,0.05228758169934641,0.1870824053452116,0.13479482364586517,FALSE,2
687792,"Herz, DJ",2024,7,slfam,0.10824742268041238,0.2215909090909091,0.11334348641049671,FALSE,1
689225,"Brieske, Beau",2022,6,ff,0.5365448504983389,0.3990719257540603,-0.13747292474427858,TRUE,2
689266,"Dodd, Dylan",2023,5,ch,0.12101910828025478,0.25,0.12898089171974522,FALSE,1
689672,"Thorpe, Drew",2024,7,ff,0.3911764705882353,0.25984251968503935,-0.13133395090319594,FALSE,1
690986,"Harrison, Kyle",2023,9,ff,0.6858974358974359,0.5763888888888888,-0.10950854700854706,FALSE,1
690986,"Harrison, Kyle",2024,7,slfam,0.16397415185783523,0.307909604519774,0.14393545266193877,FALSE,3
690986,"Harrison, Kyle",2025,9,ff,0.6520618556701031,0.46,-0.1920618556701031,TRUE,2
690990,"Horton, Cade",2025,6,slfam,0.29607250755287007,0.19362745098039216,-0.1024450565724779,FALSE,1
691587,"P<c3><a9>rez, Eury",2025,9,slfam,0.26570048309178745,0.3851508120649652,0.11945032897317776,FALSE,3
693433,"Woo, Bryan",2023,8,slfam,0.19975490196078433,0.31336405529953915,0.11360915333875482,FALSE,2
693433,"Woo, Bryan",2024,6,ff,0.4971751412429379,0.5980861244019139,0.10091098315897601,FALSE,1
693433,"Woo, Bryan",2025,8,ff,0.45110410094637227,0.5515021459227468,0.10039804497637456,FALSE,4
693821,"Elder, Bryce",2022,8,ch,0.18289085545722714,0.07792207792207792,-0.10496877753514922,FALSE,1
693821,"Elder, Bryce",2024,5,ch,0.20930232558139536,0.060240963855421686,-0.14906136172597367,FALSE,1
693821,"Elder, Bryce",2025,7,si,0.39466666666666667,0.5,0.10533333333333333,FALSE,3
694297,"Pfaadt, Brandon",2023,7,ff,0.5542725173210161,0.3563218390804598,-0.19795067824055634,TRUE,1
694297,"Pfaadt, Brandon",2024,8,ff,0.35013550135501353,0.2440087145969499,-0.10612678675806364,FALSE,4
694297,"Pfaadt, Brandon",2025,7,ff,0.3328804347826087,0.11587982832618025,-0.21700060645642844,TRUE,3
694477,"Patrick, Chad",2025,6,fc,0.46058879392212726,0.3426724137931034,-0.11791638012902383,FALSE,2
694813,"Stone, Gavin",2024,5,ff,0.2158273381294964,0.33707865168539325,0.12125131355589686,FALSE,1
694973,"Skenes, Paul",2024,6,cufam,0.029490616621983913,0.16463414634146342,0.13514352971947952,TRUE,1
694973,"Skenes, Paul",2025,6,fs,0.2231614539306847,0.10970464135021098,-0.11345681258047373,FALSE,2
695243,"Miller, Mason",2023,5,ff,0.6287425149700598,0.494949494949495,-0.13379302002056487,TRUE,1
695418,"Lord, Brad",2025,5,ff,0.6321070234113713,0.5298701298701298,-0.10223689354124144,FALSE,1
696131,"Black, Mason",2024,9,slfam,0.39543726235741444,0.27607361963190186,-0.11936364272551259,FALSE,1
700249,"Povich, Cade",2024,7,si,0.023706896551724137,0.15384615384615385,0.1301392572944297,TRUE,1
700249,"Povich, Cade",2025,8,slfam,0.16565481352992195,0.05752212389380531,-0.10813268963611664,FALSE,3
700363,"Smith-Shawver, AJ",2025,5,ff,0.3851132686084142,0.5298507462686567,0.14473747766024248,FALSE,1
701542,"Warren, Will",2025,6,ff,0.35093167701863354,0.4818181818181818,0.13088650479954828,FALSE,2
701581,"Festa, David",2024,8,ch,0.21621621621621623,0.3181818181818182,0.10196560196560195,FALSE,1
800048,"Messick, Parker",2025,9,ff,0.44751381215469616,0.32432432432432434,-0.12318948783037181,FALSE,1
800049,"Mazur, Adam",2024,7,ff,0.43896103896103894,0.31155778894472363,-0.1274032500163153,TRUE,1
801403,"Dollander, Chase",2025,5,slfam,0.1930232558139535,0.08695652173913043,-0.10606673407482306,FALSE,1
805673,"Matthews, Zebby",2025,7,fc,0.15853658536585366,0.047413793103448273,-0.11112279226240539,FALSE,1
806185,"Birdsong, Hayden",2024,8,slfam,0.24342105263157895,0.1371571072319202,-0.10626394539965875,FALSE,1
806188,"Gibson, Cade",2025,6,ch,0.22613065326633167,0.12138728323699421,-0.10474337002933745,FALSE,1
808967,"Yamamoto, Yoshinobu",2024,6,ff,0.37670514165792235,0.5319148936170213,0.15520975195909892,FALSE,2
