"season","playerid","name","team","systems_used","systems_included","weights_used","weighted_pa","weighted_ab_per_pa","weighted_h_per_pa","weighted_r_per_pa","weighted_hr_per_pa","weighted_rbi_per_pa","weighted_sb_per_pa","weighted_avg","weighted_sb_per_pa_log","z_pa","z_r","z_rbi","z_hr","z_sb","z_h","z_avg","z_total_equal","z_total_custom","starter_pool_rank"
2026,19755,"Shohei Ohtani","LAD",4,"batx,steamer,oopsy,atc",9,664.063555555556,0.849512968964065,0.241135085215821,0.183016148149976,0.0711448459437561,0.171768457656077,0.0365994281966208,0.283850975824268,0.035945575159021,1.5628496679281,5.26544576107984,3.2018080264281,3.5936026102752,1.16845380622371,1.29109458504435,2.23208461147645,16.0832544569793,15.985818423879,1
2026,15640,"Aaron Judge","NYY",4,"batx,steamer,oopsy,atc",9,638.030444444444,0.811432109642455,0.237462294708691,0.170062796249483,0.0762049191426454,0.184105994400272,0.0143420842499532,0.292645918108079,0.0142402094687472,1.3741020448103,4.19850998715384,3.90060895929971,4.05157875335105,-0.275331926585342,1.06826051883318,2.74964621180902,14.3177283368627,14.2824659802076,2
2026,25764,"Bobby Witt Jr.","KCR",4,"batx,steamer,oopsy,atc",9,658.69,0.906368616622609,0.268206684985468,0.158266095014006,0.0459333650585998,0.146140770718372,0.0524633705208854,0.295913472804126,0.0511334836133301,1.52388982811204,3.22684468699568,1.75024991473004,1.31176669146897,2.17871485643801,2.93357178155221,2.94193409535472,12.925037759297,13.3743750371665,3
2026,20123,"Juan Soto","NYM",4,"batx,steamer,oopsy,atc",9,665.75,0.806022649669421,0.222271441547071,0.162056360649821,0.0564139366736507,0.14894710258057,0.0293118991715568,0.275763269975394,0.0288905199339163,1.57507688038267,3.53903955598393,1.90920120005637,2.26034027466235,0.699169472408024,0.146607194841745,1.75614220650265,10.1294345783351,10.7888573165483,4
2026,18401,"Ronald Acuña Jr.","ATL",4,"batx,steamer,oopsy,atc",9,644.305555555556,0.847992653636761,0.240845291674175,0.159845888716212,0.0469051079153049,0.135398412867081,0.038866408074368,0.284018134639809,0.038130126443539,1.41959842447723,3.35696841321375,1.14180028305983,1.39971700919816,1.31376460274211,1.27351234801734,2.24192151333311,9.90536108070842,10.4412325072387,5
2026,23697,"Julio Rodríguez","SEA",4,"batx,steamer,oopsy,atc",9,656.581555555556,0.906556519190176,0.250425726804971,0.140857551333645,0.0440287754213187,0.139894262865839,0.0398382047386477,0.276238404891374,0.0390651286839605,1.50860299298633,1.79294571110018,1.39644626615373,1.13938645467404,1.37595857422954,1.85477264917616,1.78410277515143,9.06811264831998,10.1523250074366,6
2026,19611,"Vladimir Guerrero Jr.","TOR",4,"batx,steamer,oopsy,atc",9,662.505555555556,0.87084123610994,0.261314343384792,0.145613747071384,0.0479956123216825,0.151216567615561,0.00826990636313811,0.300071164006986,0.00823589805587334,1.55155371503325,2.18470186961191,2.03774422419913,1.49841617468646,-0.674723453867204,2.51540240826142,3.18660441190724,9.11309493792496,9.96558199108403,7
2026,28163,"Junior Caminero","TBR",4,"batx,steamer,oopsy,atc",9,615.767333333333,0.918752392307506,0.251215930890192,0.134213900740228,0.0579119749847817,0.163067230676418,0.00816711191277545,0.273431593749918,0.00813394153601179,1.2126880175934,1.2457245329809,2.7089685191112,2.39592444132268,-0.681505342310988,1.90271559313242,1.61892856259549,8.78451576182961,9.61770651832713,8
2026,19709,"Fernando Tatis Jr.","SDP",4,"batx,steamer,oopsy,atc",9,647.383111111111,0.87490704942298,0.238639945348838,0.14896370793466,0.0461444297810693,0.131391007771885,0.0378575767189273,0.272760341234221,0.0371585660029764,1.44191159686929,2.46062991616987,0.914819932202146,1.33086969724311,1.24913887274234,1.13971046410247,1.57942693597414,8.53708047932922,9.52719000994558,9
2026,19556,"Yordan Alvarez","HOU",4,"batx,steamer,oopsy,atc",9,551.571777777778,0.85369436997057,0.252853478243397,0.153372025092809,0.0575201832036068,0.162293621261101,0.00727198427670842,0.296187355964541,0.0072456708890685,0.74725157881656,2.82373217070393,2.6651511030167,2.36046422527863,-0.740590847030426,2.00206820652538,2.95805147307412,9.85807643731077,9.46011265913157,10
2026,25878,"Corbin Carroll","ARI",4,"batx,steamer,oopsy,atc",9,618.521777777778,0.871109562280448,0.22694563248347,0.162819418161956,0.0411675847383567,0.129909775376648,0.0547616543149785,0.26052478621559,0.053314821323655,1.23265854050478,3.60189072867758,0.830922586966012,0.880426352303356,2.32381189417264,0.430197824523184,0.859393394872072,9.29990792714755,9.4373879268525,11
2026,13510,"José Ramírez","CLE",4,"batx,steamer,oopsy,atc",9,646.364444444444,0.888496951242398,0.23962526715076,0.136271151800247,0.0392820714218284,0.132818015361224,0.0527163707053649,0.269697343154288,0.0513738433134954,1.43452596741986,1.4151752488066,0.995645971898745,0.709772671520372,2.19470297250078,1.19949151157104,1.39917672660279,7.94931434371739,9.0982900481132,12
2026,26668,"Elly De La Cruz","CIN",4,"batx,steamer,oopsy,atc",9,640.668444444445,0.892343463074421,0.23296194241397,0.14381801795189,0.036988612133499,0.123437779695192,0.0619608305199167,0.261067573254068,0.0601170393899542,1.39322831165024,2.03679207355401,0.464347255640613,0.502196694279348,2.77627814310478,0.79521695719557,0.891335131293866,7.96805943542456,8.95456935188979,13
2026,26289,"Gunnar Henderson","BAL",4,"batx,steamer,oopsy,atc",9,654.185333333333,0.879963173681305,0.241111748283273,0.149513308550528,0.0403084494561861,0.134265996517575,0.0338227903608973,0.274002089513119,0.0332633787688632,1.49122968531764,2.5058991687113,1.07765995927875,0.802667899521446,0.990040922701686,1.28967869607315,1.65250089208409,8.15717633160397,8.9432850361534,14
2026,18345,"Kyle Tucker","LAD",4,"batx,steamer,oopsy,atc",9,614.309333333333,0.854709717254639,0.230241352717049,0.150583153074939,0.046669009997418,0.144109658864286,0.0327984280189244,0.269379589431361,0.0322720384915506,1.20211709376754,2.59401963393156,1.63520726984633,1.37834830373244,0.924099488257932,0.630154434985259,1.38047766979913,8.36394622452106,8.71742959121406,15
2026,19627,"Brent Rooker","ATH",4,"batx,steamer,oopsy,atc",9,639.083333333333,0.886251814430425,0.233118504777192,0.137154306982705,0.0517326860293053,0.149325995526251,0.0100027353679138,0.263038677023202,0.00995303913456384,1.38173579531891,1.48791857156441,1.93066178407653,1.83665053133231,-0.560503595698926,0.804715845832049,1.00732993697358,6.88117893242528,7.95283101004979,16
2026,19251,"Pete Alonso","BAL",4,"batx,steamer,oopsy,atc",9,657.152,0.880341130871676,0.223032683302332,0.133977354960815,0.05590127373854,0.15699927445722,0.00395340582587261,0.25334802098988,0.00394561165266032,1.51273888103099,1.22624083824566,2.36527807631723,2.21394027519763,-0.960102395969031,0.192792947980997,0.437057696061742,6.55088862280348,7.85572069863778,17
2026,28806,"Jackson Chourio","MIL",4,"batx,steamer,oopsy,atc",9,626.981555555556,0.920667511329937,0.247425126943701,0.133094988257458,0.0372067640925482,0.131109671957406,0.0381486982482956,0.268745365616612,0.0374390290582061,1.29399438856555,1.15356246057442,0.898885006642453,0.521941150314432,1.26779456200824,1.67272146306536,1.34315509485346,6.80889903117047,7.85279215202898,18
2026,16478,"Kyle Schwarber","PHI",4,"batx,steamer,oopsy,atc",9,657.500222222222,0.835641970293028,0.195158833244578,0.145267345566313,0.0626115519134845,0.155896965691728,0.00904789113173219,0.233543599032183,0.00900720420122102,1.51526359336678,2.15616962863358,2.3028430530537,2.82127285651318,-0.623418130373856,-1.49835805485237,-0.728385804455109,6.67377294634103,7.84745604482254,19
2026,35110,"Nick Kurtz","ATH",4,"batx,steamer,oopsy,atc",9,568.148222222222,0.869048458132083,0.22492398112685,0.149333163283163,0.0598617196347754,0.154795949648354,0.00568209622243728,0.258816385924321,0.00566601400540728,0.867435619643616,2.49106104559601,2.24048124986975,2.57239155942343,-0.84566560614336,0.307541007756098,0.758858068974016,7.63324487614554,7.76863130929414,20
2026,27769,"Pete Crow-Armstrong","CHC",4,"batx,steamer,oopsy,atc",9,598.880666666667,0.914843848293952,0.228135050224287,0.135446044388557,0.038020434207005,0.124096724026783,0.0561896723862681,0.249370480710697,0.0546677831575539,1.09025477547677,1.34721317832277,0.501670014889353,0.59558465034064,2.41380747502082,0.502361698584473,0.202988836272789,6.45089179263483,7.337124351089,21
2026,31347,"Zach Neto","LAA",4,"batx,steamer,oopsy,atc",9,633.564222222222,0.894714310386365,0.225529230763947,0.132794285710302,0.0421537350842364,0.123459749160521,0.0437854284411973,0.252068429157634,0.0428539400235794,1.34172063541354,1.12879433049222,0.465591611234815,0.969680660323648,1.62798067026352,0.34426246993736,0.361756736135193,5.87803037766511,7.32390105812517,22
2026,21534,"Cal Raleigh","SEA",4,"batx,steamer,oopsy,atc",9,626.108222222222,0.864329390165869,0.20057468750397,0.135416597717005,0.0608607329935471,0.158541235305384,0.0128899825218031,0.232058159523511,0.0128076137632029,1.28766246802971,1.34478772832779,2.45261509516384,2.66281007056907,-0.370624550080519,-1.16976952678777,-0.815800414408897,6.20748128522212,7.29446488896327,23
2026,20454,"Jazz Chisholm Jr.","NYY",4,"batx,steamer,oopsy,atc",9,585.794222222222,0.88720457293312,0.212722412952829,0.135025163348891,0.046418086200881,0.128749351846451,0.0535586476020444,0.239767038451531,0.052173622007403,0.995374249157436,1.31254624105152,0.765195929997032,1.35563774046051,2.24790221752368,-0.432747621582124,-0.362151079824793,6.24390875660804,7.18127162125447,24
2026,16252,"Trea Turner","PHI",4,"batx,steamer,oopsy,atc",9,626.798666666667,0.915456345591265,0.255838933631192,0.135516229825382,0.0281742928111877,0.113718073438132,0.0429565768792262,0.279466011528878,0.0420595422461385,1.29266839095716,1.35299418033157,-0.0861791533581099,-0.295568043186734,1.57513935012127,2.18320055324184,1.97403980971563,6.02225527810699,7.09254936044655,25
2026,11579,"Bryce Harper","PHI",4,"batx,steamer,oopsy,atc",9,620.391555555555,0.86221039468855,0.23413539972505,0.13743689028883,0.0445452848470207,0.14475953108147,0.0162281574474452,0.271552513362617,0.0160978883622525,1.24621497291917,1.5111942642759,1.67201618243815,1.18613459157791,-0.151763850338402,0.866412486492856,1.5083491157928,6.33020864736558,7.09215104052714,26
2026,14161,"Byron Buxton","MIN",4,"batx,steamer,oopsy,atc",9,524.147111111111,0.898345222460249,0.22562139660959,0.14501611298345,0.0524609879779464,0.141418464224154,0.0296103980010245,0.251152219624091,0.0291804763173787,0.548414773409855,2.1354762179788,1.48277738339044,1.90256754563687,0.718456633728115,0.349854318998839,0.307839967028775,7.13754687314292,7.06908327900093,27
2026,13613,"Ketel Marte","ARI",4,"batx,steamer,oopsy,atc",9,617.725777777778,0.873234735868923,0.239463398794121,0.141535410925049,0.0437639829515826,0.14104498349571,0.00879320498785216,0.274225690937317,0.0087547699082311,1.22688730911563,1.84877934036644,1.46162334860554,1.11542066816489,-0.640209417647762,1.18967069983925,1.66565930827489,6.20217194844398,6.86336160856321,28
2026,18360,"Austin Riley","ATL",4,"batx,steamer,oopsy,atc",9,631.711777777778,0.902281870410403,0.237580103482664,0.132388266199384,0.046702575415597,0.146065590142732,0.00413456104454056,0.26331029279642,0.00412603723375846,1.32828987470445,1.09535150083413,1.74599166954864,1.3813862362196,-0.948100945104741,1.0754081653131,1.02331388430667,5.67832650151518,6.75205125315471,29
2026,12916,"Francisco Lindor","NYM",4,"batx,steamer,oopsy,atc",9,620.438444444444,0.884493259587266,0.226652710400669,0.137545052921258,0.0396502708533726,0.123031759945043,0.0362449701335128,0.256251484049108,0.0356035735434164,1.24655493099374,1.52010335458898,0.441350203145341,0.74309759566937,1.14570472840335,0.412425773907534,0.607919645912914,5.50923658670831,6.60526073239072,30
2026,11493,"Manny Machado","SDP",4,"batx,steamer,oopsy,atc",9,622.099555555556,0.906438041763581,0.238599747927984,0.123546586306925,0.0438008759239467,0.138958064613081,0.0149682887760086,0.263227862175511,0.0148573694204778,1.2585984694175,0.367084049186513,1.34341978072602,1.1187597702936,-0.234280015924881,1.13727162237636,1.0184630367744,4.99085367607512,6.33439607395562,31
2026,13624,"Corey Seager","TEX",4,"batx,steamer,oopsy,atc",9,531.972666666667,0.871320871932607,0.240231125658441,0.135861144069642,0.0514651177431763,0.151765547017383,0.00439398715732715,0.275709137008969,0.00438436178130995,0.605152325997526,1.38140391929057,2.06883854440866,1.8124335117608,-0.930917853075274,1.23624991490311,1.75295660916388,6.17316036328538,6.21411313071876,32
2026,13066,"Teoscar Hernández","LAD",4,"batx,steamer,oopsy,atc",9,562.451555555556,0.916927483731037,0.237745138970945,0.13016025998078,0.0477763783558343,0.148444648285085,0.0116019138516852,0.259284559781701,0.0115351277174638,0.826133130346868,0.911836102084818,1.88074207262359,1.47857378858571,-0.45526708613601,1.08542113198006,0.786408995749865,5.72743913948504,6.2018817650576,33
2026,33333,"Wyatt Langford","TEX",4,"batx,steamer,oopsy,atc",9,609.728888888889,0.867185977728197,0.220044269179641,0.138388220161412,0.0402883185696452,0.125129227001867,0.0342121112161592,0.253745188265267,0.0336398916212955,1.16890754005642,1.58955296877637,0.560151222049341,0.800845897069633,1.01508560023986,0.0114810900927493,0.460430053038729,5.14602431828437,6.08601850800181,34
2026,5361,"Freddie Freeman","LAD",4,"batx,steamer,oopsy,atc",9,634.824888888889,0.876951146416088,0.239979481657468,0.13430699227062,0.0364146568005062,0.137005406219165,0.0126621080705323,0.273652053068421,0.0125826139191697,1.35086083520993,1.25339225364409,1.23282075795997,0.450249254119875,-0.385590967570773,1.22098227144084,1.63190207328046,5.12271440480394,6.04193552487718,35
2026,25931,"Michael Harris II","ATL",4,"batx,steamer,oopsy,atc",9,550.643111111111,0.93341849792325,0.252464176968101,0.128677105127286,0.0352083898475377,0.128592231698926,0.0324745947656566,0.270472652438113,0.0319584399964857,0.740518475529214,0.789672280425359,0.756296608524642,0.341072674073237,0.90323971379175,1.97844867636509,1.4448018484899,5.50924842870929,5.9729103272429,36
2026,12856,"George Springer","TOR",4,"batx,steamer,oopsy,atc",9,583.853333333333,0.878913243934133,0.228142611311154,0.138026122828107,0.0431769514341686,0.128276428858023,0.0229870726799797,0.259573527746558,0.0227268502131843,0.981302240516212,1.55972790098591,0.738409462621707,1.06228973119183,0.289177835707439,0.502820441801182,0.803414078615691,5.13372761282428,5.86196698596944,37
2026,25816,"Shea Langeliers","ATH",4,"batx,steamer,oopsy,atc",9,517.938,0.908414993992347,0.231788970645677,0.13382594191041,0.0529588229574894,0.146908331396089,0.0110470522897943,0.255157579056461,0.0109864793013545,0.503396912928465,1.21376931725583,1.79372472892874,1.94762549931813,-0.491761783659669,0.724050886554675,0.54354591833903,5.69080556132617,5.82389285442069,38
2026,25976,"Riley Greene","DET",4,"batx,steamer,oopsy,atc",9,624.618222222222,0.894355095032597,0.231131592767214,0.132246621520502,0.0440748026164075,0.137668127944284,0.00638671407127027,0.258433807836461,0.00636640543738243,1.27685953490177,1.08368457660886,1.27035746965126,1.14355227529655,-0.799077349059972,0.684166720711094,0.736344251257471,4.65954322810957,5.77808710133162,39
2026,20220,"Jo Adell","LAA",4,"batx,steamer,oopsy,atc",9,550.928,0.90750183782314,0.218485708994319,0.126941225290356,0.0544845243336708,0.145189146680726,0.0170041912887204,0.240755114632505,0.0168612382857777,0.742584002787978,0.646692122742219,1.69634970928073,2.08571338941079,-0.100987754489417,-0.0830792456672285,-0.304005128097903,4.98727222406507,5.74541438117404,40
2026,29490,"Jackson Merrill","SDP",4,"batx,steamer,oopsy,atc",9,609.108,0.916850776251116,0.246329245464063,0.128969749322894,0.0376612218400365,0.13162786021407,0.012783393985176,0.268668851949138,0.0127023761291779,1.16440591512585,0.813776663887212,0.928235309273192,0.563073125723667,-0.37762468989516,1.60623258336503,1.33865244606879,4.69809890747979,5.71209740188252,41
2026,21711,"Oneil Cruz","PIT",4,"batx,steamer,oopsy,atc",9,521.062444444444,0.882598637137533,0.212565646215715,0.135856475605968,0.0433170803048587,0.128868964793824,0.0505953989980062,0.240840668987563,0.0493570501239904,0.526050043395104,1.38101938940669,0.771970834983359,1.07497248837927,2.06055101788347,-0.442258909909119,-0.298970456181876,5.37230486413877,5.57121420172913,42
2026,29518,"James Wood","WSN",4,"batx,steamer,oopsy,atc",9,607.663111111111,0.871039860530385,0.224340848553197,0.134225867035742,0.0395248675542935,0.125460952372188,0.0269447506872994,0.257555203520301,0.0265881327001973,1.15393005066681,1.24671016734514,0.578940223698836,0.731747617717695,0.546020528184759,0.272161423139213,0.684640460458502,4.52951001075245,5.55547058640292,43
2026,24617,"Jarren Duran","BOS",4,"batx,steamer,oopsy,atc",9,599.182,0.896988194674846,0.235256813346591,0.140153049579754,0.0286778352178307,0.117393600141246,0.0388400821345643,0.262274146686926,0.0381047850972716,1.09243952973799,1.73491763236083,0.122003528662188,-0.24999352277859,1.31207896082696,0.93445044202221,0.962339130715045,4.94589657083159,5.53580176210927,44
2026,30116,"Seiya Suzuki","CHC",4,"batx,steamer,oopsy,atc",9,606.072444444444,0.880381311578008,0.224573964374465,0.133678848359401,0.043189917112074,0.137599114512304,0.013801354226438,0.25508715532811,0.0137069828477212,1.14239725494276,1.20165358281959,1.26644853291225,1.06346322630268,-0.310800805514951,0.2863049323457,0.539401648101602,4.64946672380803,5.51955443814682,45
2026,29715,"Hunter Goodman","COL",4,"batx,steamer,oopsy,atc",9,543.228222222222,0.92161266933073,0.235710278158108,0.126434642771881,0.0497370761335836,0.152282829399919,0.00416367012854033,0.255758504632189,0.00415502603985307,0.686758375651525,0.604966165201806,2.09813753811939,1.65603225029099,-0.946172683436737,0.961962876406283,0.578908970490855,5.06168452223326,5.4528402168536,46
2026,17350,"Rafael Devers","SFG",4,"batx,steamer,oopsy,atc",9,656.255777777778,0.85964869075759,0.215645541898141,0.133084819123406,0.0457957682059995,0.136570964231036,0.00356786084666083,0.250853103385869,0.00356151112993871,1.50624100939714,1.15272485398473,1.20821386333607,1.29931310169341,-0.985651786040743,-0.255396719678305,0.290237682221886,3.9254443226923,5.39394173357295,47
2026,14344,"Matt Olson","ATL",4,"batx,steamer,oopsy,atc",9,667.347777777778,0.864715139766071,0.214789497943587,0.132082664909053,0.0447830297807197,0.139240798596194,0.00153313897516545,0.248393358767482,0.00153196491744944,1.58666123372941,1.07017987331124,1.35943389888027,1.20765236483763,-1.12065203931829,-0.307334273665773,0.145487515589703,3.7959410577745,5.3094334804393,48
2026,21636,"Jeremy Peña","HOU",4,"batx,steamer,oopsy,atc",9,629.454444444444,0.911184001978146,0.247714892849721,0.12828021000598,0.0282654754271475,0.112040751992529,0.0282670187459452,0.271860450042957,0.0278748791666718,1.3119235518538,0.756981004323889,-0.181183027730729,-0.287315304316868,0.631611631165846,1.69030202339479,1.52647046280507,3.92231987869072,5.29694094895249,49
2026,19612,"Bo Bichette","NYM",4,"batx,steamer,oopsy,atc",9,615.121333333333,0.920791231439891,0.260992514811128,0.124593380535935,0.030165421590455,0.1245821938265,0.00972509518320283,0.283443744792182,0.00967811081772821,1.20800432980773,0.453305918201519,0.529167136556114,-0.115355338181528,-0.578791128240723,2.49587655467589,2.20812002616478,3.992207472819,5.12924951130247,50
2026,13611,"Mookie Betts","LAD",4,"batx,steamer,oopsy,atc",9,616.661111111111,0.878418561794268,0.233855638607563,0.138288651331875,0.0342619715383066,0.126145733316128,0.0146575106134387,0.266223471109133,0.0145511275850692,1.21916816629446,1.5813517288952,0.617726374642895,0.255414425672175,-0.254650444097406,0.849438932663328,1.19474755390081,4.26844918407065,5.06313160782346,51
2026,25768,"CJ Abrams","WSN",4,"batx,steamer,oopsy,atc",9,611.407555555556,0.905894376656566,0.227994217169055,0.127181080333942,0.0287511810014095,0.107741222100009,0.0494306456997443,0.25167858753084,0.0482477749122494,1.18107836136118,0.666448393437586,-0.424709394630193,-0.243355156542762,1.98676485148923,0.493817132186446,0.338815476291865,3.66004418730149,5.01357615275811,52
2026,27815,"Jordan Westburg","BAL",4,"batx,steamer,oopsy,atc",9,570.632666666667,0.912265613141893,0.23708139028385,0.133140841765122,0.040696770607509,0.131534421721103,0.0106711217356466,0.259881976113655,0.0106145871520823,0.885448564068723,1.1573393013537,0.922942931434323,0.837813996458671,-0.516499103773257,1.04515043900139,0.821565537186194,4.33219612854355,4.94440126747821,53
2026,16578,"Yandy Díaz","TBR",4,"batx,steamer,oopsy,atc",9,623.688666666667,0.888623686264197,0.252850146938525,0.12668823011224,0.0335004793574124,0.124317225302509,0.00337932007326934,0.284541309045581,0.00337362300239993,1.27011998691159,0.625853531446592,0.514159258112792,0.186493436136902,-0.998149626518329,2.00186609093802,2.27270909259933,3.60034267702757,4.8607662468368,54
2026,27676,"Vinnie Pasquantino","KCR",4,"batx,steamer,oopsy,atc",9,618.292222222222,0.896795110122581,0.235891385082911,0.122649290059531,0.040107195133111,0.140390459789545,0.00217699689623343,0.263038215106534,0.00217463067204318,1.23099419599752,0.293175961649889,1.42455097460273,0.784452811510563,-1.07790354750812,0.972950922796254,1.00730275426762,3.62822131904884,4.81598148337327,55
2026,22715,"Maikel Garcia","KCR",4,"batx,steamer,oopsy,atc",9,641.606222222222,0.900322586190551,0.244139012825771,0.128637521012669,0.0201489469228196,0.103024472142446,0.0408678917391846,0.271168375169585,0.0400548764300135,1.40002747314165,0.78641183414943,-0.691867202449332,-1.02192452309125,1.44179407754342,1.47334767098257,1.48574348956826,3.38778933027648,4.81233360959865,56
2026,12552,"Eugenio Suárez","CIN",4,"batx,steamer,oopsy,atc",9,595.785111111111,0.890142277399156,0.206660459488452,0.121665479422106,0.0541965926733609,0.14870008475865,0.00447255542228538,0.23216564894803,0.00446258326923159,1.06781109785229,0.212141896343774,1.89521005352749,2.05965332544036,-0.925714758602143,-0.800536020356215,-0.809474915414397,3.50856559420555,4.77465790536914,57
2026,24064,"Ezequiel Tovar","COL",4,"batx,steamer,oopsy,atc",9,633.726,0.929425366148825,0.24334122683647,0.121973989700975,0.0325863367100823,0.121318295576924,0.0150482169847101,0.261819007420446,0.0149361157838851,1.34289357132959,0.237553130106098,0.344299185287413,0.103756387207007,-0.229042008069104,1.42494472079604,0.935555258856436,3.22440498665705,4.77374043875057,58
2026,7304,"Salvador Perez","KCR",4,"batx,steamer,oopsy,atc",9,589.032666666667,0.919340984762144,0.232433497690858,0.113346206059948,0.0472573970342828,0.149580275056824,0.000918226802460662,0.252826210887351,0.000917805490117416,1.01885391276272,-0.473096212783661,1.94506423546198,1.43160192580224,-1.16150436272556,0.76315537181788,0.406350402822086,3.5240748703356,4.76085842188659,59
2026,24816,"Andy Pages","LAD",4,"batx,steamer,oopsy,atc",9,564.401111111111,0.91083099664954,0.232245871568509,0.127034256390359,0.0403981875958776,0.135413984156905,0.0156601287436303,0.25498239785736,0.0155387742392244,0.840267974840737,0.654354865902678,1.14268224451459,0.810789902007835,-0.188954700073853,0.751771795300385,0.533236918139932,4.01091208249238,4.66822207132117,60
2026,18839,"Josh Naylor","SEA",4,"batx,steamer,oopsy,atc",9,602.440444444444,0.898945186701572,0.230748872485421,0.118244440687946,0.0344386320435177,0.1294735333888,0.0256296881524961,0.256688478784885,0.0253067538718771,1.11606419915707,-0.0696406598240025,0.80621373994191,0.271403581091539,0.460786466844742,0.660946469937749,0.633635754954588,3.24577379714901,4.49701927738809,61
2026,20043,"Luis Robert Jr.","NYM",4,"batx,steamer,oopsy,atc",9,521.699777777778,0.905538812498531,0.213866463369734,0.125682726094348,0.037511847836731,0.11882183205332,0.056716580879793,0.236175921360721,0.0551665355310991,0.530670895328128,0.543032635684885,0.202898914281481,0.549553611831125,2.44698321466993,-0.36333625552286,-0.573479846805163,3.90980301627269,4.4936463243536,62
2026,19290,"Randy Arozarena","SEA",4,"batx,steamer,oopsy,atc",9,654.919777777778,0.86495884727662,0.202847237234896,0.12830072557735,0.0350526449757164,0.116822167843505,0.0359854264042875,0.234516633795439,0.0353530765610189,1.49655462103544,0.758670821537628,0.0896374712380675,0.326976546824288,1.12904230610381,-1.03189030491922,-0.671125004668254,2.76899146182002,4.48963094344431,63
2026,17548,"Taylor Ward","BAL",4,"batx,steamer,oopsy,atc",9,630.584888888889,0.879129763999884,0.214868048686451,0.129488778044707,0.0425901921976181,0.130145110856882,0.00821436816832832,0.244409935239639,0.00818081387245045,1.32011960268479,0.856527784620425,0.844252042961541,1.0091834377634,-0.678387513679154,-0.302568474635766,-0.088927559500421,3.04912687971524,4.43818463538988,64
2026,19956,"Mickey Moniak","COL",4,"batx,steamer,oopsy,atc",9,470.367555555556,0.928336925358086,0.240560746198471,0.132239470571411,0.0423856739912573,0.134832186937068,0.0198556896927265,0.259130860388516,0.019661136593437,0.158497362458921,1.08309557049977,1.10972911550728,0.990672942824623,0.0852543612896349,1.25624851953325,0.777364149139194,4.68349787211347,4.35915009889587,65
2026,27467,"Tyler Soderstrom","ATH",4,"batx,steamer,oopsy,atc",9,558.641333333333,0.896831910961238,0.230261466450733,0.127984526069941,0.0426280455665415,0.136276307615788,0.00890144163042909,0.256749858737671,0.00886205734427814,0.798507911642673,0.732626244910379,1.19152444454192,1.01260946328133,-0.633072930214898,0.631374767333299,0.63724782034025,3.7335699014947,4.35638322299772,66
2026,15986,"Willy Adames","SFG",4,"batx,steamer,oopsy,atc",9,650.677333333333,0.878679221014789,0.206397305095336,0.124084604705791,0.0406828819954604,0.127691964851854,0.0176522620834628,0.234894942499001,0.017498270464438,1.4657956655775,0.411399302967164,0.705305286220121,0.836556968599847,-0.0586139938251503,-0.81650201769411,-0.648862430143386,2.54394121184538,4.29558868043116,67
2026,29576,"Ben Rice","NYY",4,"batx,steamer,oopsy,atc",9,523.927111111111,0.875604898418623,0.216997895313794,0.134658857514991,0.0490662415609583,0.140722936579083,0.00880477577149158,0.24782626925192,0.00876623976867891,0.546819709458079,1.28237452940595,1.44338253681033,1.59531648232931,-0.639446471696602,-0.173347277985517,0.112115635737105,4.05509950832155,4.2340230729458,68
2026,22542,"Lawrence Butler","ATH",4,"batx,steamer,oopsy,atc",9,549.357333333333,0.900770552881384,0.219997863726146,0.12821582333567,0.038742963065644,0.122911445442078,0.0320313647084618,0.244232965900603,0.0315290587569009,0.731196212877723,0.751677632467295,0.434535561888071,0.66097915491285,0.87467836557516,0.00866559711087542,-0.0993417875153206,3.46173252483197,4.16914502805037,69
2026,15998,"Cody Bellinger","NYY",4,"batx,steamer,oopsy,atc",9,595.467333333333,0.900386550059982,0.227757396430961,0.124867855589512,0.0358753942806594,0.12549929623569,0.0185603137608138,0.252955129567172,0.0183901731550694,1.06550711658861,0.475913754069918,0.581112028990352,0.401441784496905,0.00071310520477493,0.479448839758627,0.41393696292536,3.00413662910919,4.10699019202418,70
2026,12564,"Trevor Story","BOS",4,"batx,steamer,oopsy,atc",9,566.127555555555,0.913409267509283,0.224427489585738,0.120374946912799,0.0343705735976491,0.12036719889087,0.0381878543385642,0.245703101083827,0.0374767455740806,0.852785198922907,0.105843903965269,0.290428849154217,0.265243760211976,1.27030336873778,0.277418072965618,-0.0128278010011079,3.06202315395777,4.10497012738395,71
2026,24262,"Ceddanne Rafaela","BOS",4,"batx,steamer,oopsy,atc",9,558.495111111111,0.931282245607571,0.236966504151807,0.122638964874376,0.0297295135487946,0.115528027052788,0.0369814503858129,0.254451864909342,0.0363140413205874,0.797447758026239,0.292325501514208,0.0163370377260381,-0.15480842034232,1.19296323834679,1.03818011387536,0.502016306026238,3.18244522914632,4.04147935176452,72
2026,22275,"Jake Burger","TEX",4,"batx,steamer,oopsy,atc",9,535.182444444444,0.921794047744244,0.226098477076611,0.1197063915264,0.0489937999654811,0.14187671439324,0.0035621297207084,0.245280903722371,0.00355580036284402,0.628424147936368,0.0507766392078895,1.50873277888675,1.58875995217829,-0.986031651746411,0.37879955292108,-0.0376731194807485,3.16946141938396,3.91867502772579,73
2026,25479,"Brenton Doyle","COL",4,"batx,steamer,oopsy,atc",9,554.233777777778,0.918360279191985,0.229085942060016,0.12077925772004,0.0338821519307471,0.115988654469477,0.0366053138945614,0.24945105668287,0.0359512530333005,0.76655185263305,0.139145991899254,0.0424270810760606,0.22103778484159,1.16883148398295,0.560053825012927,0.207730542103292,2.89804801944583,3.89929942337323,74
2026,22186,"Brice Turang","MIL",4,"batx,steamer,oopsy,atc",9,633.526,0.892143294991987,0.228599219524556,0.121914380468789,0.0217437430720807,0.0994014201560213,0.0459462239186328,0.256235989002875,0.0449219531534767,1.34144351319162,0.232643264091182,-0.8970777043874,-0.877583016412828,1.76553964507247,0.530523591398257,0.607007799005169,2.0954892929533,3.7979855804764,75
2026,20503,"William Contreras","MIL",4,"batx,steamer,oopsy,atc",9,600.813333333333,0.871279503377896,0.231750494354949,0.12391063841375,0.0336138963995978,0.129380345069375,0.0101543622917559,0.265988690720334,0.0101031531274831,1.10426717061677,0.397070126869609,0.800935531990282,0.196758564228439,-0.550518394603287,0.721716468542282,1.18093128202174,2.67022946764409,3.69544002338189,76
2026,27615,"Alec Burleson","STL",4,"batx,steamer,oopsy,atc",9,580.525111111111,0.91296613947912,0.245221310515322,0.114744688159466,0.0343929461845467,0.126853299046583,0.00953789256327594,0.268598472507676,0.00949269403784443,0.957171661924544,-0.357906677856118,0.657803061161563,0.267268654053478,-0.591124580956498,1.53901240044245,1.33451078201028,2.47222451876942,3.69013315486787,77
2026,5417,"Jose Altuve","HOU",4,"batx,steamer,oopsy,atc",9,598.823555555555,0.899179118088457,0.23260365232946,0.122282809331812,0.0318962583881464,0.116603350777715,0.0204305129776142,0.258684446346959,0.0202246097957203,1.08984070331959,0.262989844430033,0.0772436220546622,0.041298909641301,0.12273516589278,0.77347892551108,0.751093736178747,2.36758717084945,3.66274131694549,78
2026,26319,"Michael Busch","CHC",4,"batx,steamer,oopsy,atc",9,569.402222222222,0.878712156184965,0.216454729844214,0.129642520098366,0.0441202662912918,0.133890136680693,0.00553102522184131,0.24633178034543,0.00551578527104859,0.876527484168739,0.869191139886739,1.05637117124204,1.14766709293953,-0.855658439547786,-0.206301994563301,0.024168490075185,2.88779645412596,3.65874074162264,79
2026,22515,"Heliot Ramos","SFG",4,"batx,steamer,oopsy,atc",9,602.589333333333,0.901341963827685,0.229664309039914,0.123283133069459,0.0360307915537847,0.12094218972413,0.0105702617260983,0.254802636797925,0.0105147870881639,1.11714368688201,0.345384053234193,0.322996462852616,0.415506451349164,-0.523137550251191,0.595144273445196,0.52265840396711,2.27303737751199,3.60339922199609,80
2026,19287,"Adolis García","PHI",4,"batx,steamer,oopsy,atc",9,555.884444444444,0.913421348726135,0.215916328485183,0.117345003677905,0.0427692553415225,0.134484977550291,0.0200571146651262,0.236381959745414,0.0198586204982627,0.778519665798497,-0.143725076720778,1.09006309558675,1.02539005074884,0.0983904884719818,-0.238967664944882,-0.56135497404645,2.6096705589404,3.60209743469415,81
2026,25961,"Kerry Carpenter","DET",4,"batx,steamer,oopsy,atc",9,468.531777777778,0.913415307528009,0.231078659432289,0.128840754118871,0.048075105337516,0.1422210632753,0.00556691871707636,0.252983125559458,0.00555148069338944,0.14518743992799,0.803151645830525,1.52823677915891,1.50561091345049,-0.853284070820822,0.680955170736618,0.415584461010392,3.80985787828372,3.593009999902,82
2026,18314,"Dansby Swanson","CHC",4,"batx,steamer,oopsy,atc",9,620.355777777778,0.900513371163638,0.218110468084106,0.117848257759557,0.0344002955477506,0.118643189822411,0.0247333103775036,0.24220680677097,0.0244323937388253,1.24595557363004,-0.102273274344523,0.192780577031688,0.267933828821096,0.402626254137389,-0.10584571102081,-0.218576471248468,1.90117724825488,3.57849341298645,83
2026,12927,"Brandon Nimmo","TEX",4,"batx,steamer,oopsy,atc",9,628.632666666667,0.881120115968173,0.22182596472646,0.127115283357856,0.0339490185392573,0.115626656024822,0.0143344077999387,0.25175451190638,0.0142326415297046,1.30596542408242,0.661028858158848,0.0219234054990292,0.227089735132107,-0.275835326646524,0.119579404624204,0.343283446636686,2.05975150085008,3.56380705399031,84
2026,16505,"Matt Chapman","SFG",4,"batx,steamer,oopsy,atc",9,623.780888888889,0.869887560618484,0.205950635349737,0.127512868846282,0.0390508238579483,0.125170657903247,0.0149044546434192,0.236755466652848,0.014794474706691,1.27078862483077,0.693776998103951,0.562497877879795,0.688842960972956,-0.238463612355838,-0.843602184575955,-0.539374973893083,2.13384066485568,3.52445096308272,85
2026,,"Munetaka Murakami","CHW",4,"batx,steamer,oopsy,atc",9,555.667777777778,0.840353908688902,0.182660484285916,0.130972701793043,0.053451302230424,0.13520995569762,0.018940802473587,0.217361378815859,0.0187636588078276,0.776948769482354,0.978754938259082,1.13112602542187,1.99219871972389,0.0255564211182552,-2.25665284841003,-1.68067127965509,2.64793202559541,3.51128259235345,86
2026,11477,"Christian Yelich","MIL",4,"batx,steamer,oopsy,atc",9,565.756,0.875256096864621,0.223800927320876,0.124411428198128,0.0320384852677541,0.121049988154424,0.0287002796537331,0.255697650233554,0.0282961410064028,0.850091313137685,0.438318951133276,0.329102190860816,0.0541715530209916,0.659632897550362,0.239403539617563,0.575327832726864,2.57072044532069,3.3878307391594,87
2026,31812,"Roman Anthony","BOS",4,"batx,steamer,oopsy,atc",9,587.546888888889,0.860100934449479,0.227262716448018,0.13790654201691,0.0306169692298261,0.115457911644357,0.0151113199530562,0.26422796133047,0.0149982813105034,1.00808159197325,1.54987832333828,0.0123656847861476,-0.0744867502845032,-0.224906915314402,0.449435815095614,1.0773165121502,2.72036774959438,3.37990585331027,88
2026,26151,"Kyle Stowers","MIA",4,"batx,steamer,oopsy,atc",9,566.752222222222,0.886116158832335,0.214976583246939,0.122772120703385,0.0433714490751505,0.136173847533237,0.00697394863597467,0.242605420411496,0.00694974312966349,0.857314213840526,0.303293220029702,1.18572108178378,1.07989328670438,-0.760275209094068,-0.295983509500672,-0.195118999095961,2.36996308376365,3.26682849137747,89
2026,19197,"Will Smith","LAD",4,"batx,steamer,oopsy,atc",9,494.303777777778,0.858939950559279,0.224679787097785,0.137447471180633,0.0423611485352507,0.138162913249999,0.00572091487148393,0.261577991513248,0.00570461258444626,0.332041931587867,1.51206578633994,1.29838222373096,0.988453197515096,-0.843098126815051,0.29272536598851,0.921372041433301,3.58057037834732,3.23400430451347,90
2026,20391,"Luis García Jr.","WSN",4,"batx,steamer,oopsy,atc",9,500.991777777778,0.928656546589646,0.249621313743761,0.114264114706536,0.0307178967756069,0.123098976849423,0.0267627511132692,0.268798313715074,0.0264108926849107,0.38053187572186,-0.397490332563323,0.445157384145834,-0.0653520191590849,0.534230973057923,1.80596762395224,1.34627096550846,2.70304550515545,3.15579691625518,91
2026,23003,"Yainer Diaz","HOU",4,"batx,steamer,oopsy,atc",9,508.116888888889,0.939298091768639,0.255167915304782,0.114881536459614,0.0366458847075293,0.131597300211466,0.00330249627314931,0.271658079092141,0.00329705500887773,0.432191002475189,-0.346634819564138,0.926504383662112,0.471177185568216,-1.00324273474855,2.14248879963488,1.51456140987612,2.62248381702771,3.11729630955514,92
2026,17678,"Alex Bregman","CHC",4,"batx,steamer,oopsy,atc",9,648.132444444444,0.877312647605845,0.221356928367081,0.122639438465378,0.0331414202398512,0.119630212071365,0.00395742017648686,0.252312478306515,0.00394961018741821,1.44734448135959,0.292364510041599,0.24868574535139,0.153995781788154,-0.959836423604503,0.0911222195606204,0.376118452673928,1.27367631449685,2.99270256173297,93
2026,19918,"Daulton Varsho","TOR",4,"batx,steamer,oopsy,atc",9,546.635111111111,0.90375090713343,0.204060673627332,0.125064377463487,0.044027265958271,0.132533285657893,0.0166459144767462,0.225793049851074,0.0165088897527974,0.71145931044413,0.492100778039714,0.979518815690091,1.13924983647949,-0.124425082943237,-0.958269180901857,-1.18448733510584,2.23963447680834,2.97462118566161,94
2026,17919,"Ian Happ","CHC",4,"batx,steamer,oopsy,atc",9,637.513555555556,0.862292522134633,0.207583826809216,0.126021985531862,0.0338851941334614,0.119174376455478,0.013041381382116,0.240734810381209,0.0129570747600483,1.37035445011149,0.570976602104295,0.22286711070635,0.221313127946478,-0.360682784623251,-0.744513850212622,-0.305199985375501,1.28031465603274,2.82169755083468,95
2026,21479,"Nico Hoerner","CHC",4,"batx,steamer,oopsy,atc",9,616.948,0.910775816651193,0.25179509090336,0.116191771409877,0.0108275232935549,0.0911256732282434,0.0422577375374147,0.276462205407669,0.0413892616297585,1.2212481941346,-0.238713985526522,-1.36581792322091,-1.86558616076159,1.53055398792479,1.93785415615981,1.79727290744234,1.21953826871018,2.79601852831757,96
2026,19326,"Bryan Reynolds","PIT",4,"batx,steamer,oopsy,atc",9,629.462,0.891676565013633,0.226521068264137,0.120350823623024,0.0301229137346412,0.117633083070583,0.00906785269419373,0.254039499468817,0.00902698657745318,1.3119783318279,0.103856927849519,0.13556789713354,-0.119202631114036,-0.622102257009978,0.40443883522664,0.477749572893365,1.21453710391358,2.78261808440672,97
2026,26294,"Bryson Stott","PHI",4,"batx,steamer,oopsy,atc",9,576.321777777778,0.896747693189306,0.229019723633913,0.119377507759545,0.0233225529490383,0.104284305628166,0.0406846838612987,0.255389253157038,0.0398788464027093,0.926696273391368,0.0236872912910928,-0.620509942622012,-0.734688392228773,1.43008500774039,0.556036247337846,0.55717939248596,1.58130648490991,2.76759976357099,98
2026,33541,"Dylan Crews","WSN",4,"batx,steamer,oopsy,atc",9,558.594,0.907391887367391,0.217286121402549,0.116922826804678,0.0300984224290347,0.109543935321536,0.0420218906930365,0.239462270301931,0.0411629514531484,0.798164731216685,-0.178498748618935,-0.322603301086375,-0.121419285545633,1.51550041044346,-0.155860140828961,-0.380085966279685,1.53528366558024,2.73084188610308,99
2026,23772,"Wilyer Abreu","BOS",4,"batx,steamer,oopsy,atc",9,491.449555555555,0.882345157472923,0.216883549800858,0.124877966864594,0.0417551237789272,0.134994722730394,0.017426894773727,0.245803524804309,0.0172767878652009,0.311347990783208,0.476746594958362,1.11893518040952,0.933603224085775,-0.0733464531353102,-0.18028480288685,-0.00691810201653474,2.5870017342147,2.68024254051574,100
2026,11609,"Willson Contreras","BOS",4,"batx,steamer,oopsy,atc",9,549.916444444444,0.868909904870666,0.216003581797998,0.125037953361458,0.0394857395388261,0.131431018109574,0.00887060326400743,0.248591459928345,0.00883149059467717,0.735249930961226,0.489924289670869,0.917086126976776,0.728206226732703,-0.635106152672513,-0.233673867096258,0.157145301455219,2.0016865545728,2.64957947751979,101
2026,16556,"Ozzie Albies","ATL",4,"batx,steamer,oopsy,atc",9,591.195777777778,0.907097462402412,0.227928991261961,0.117342259715309,0.029652534848453,0.118828525754676,0.0175215777095401,0.251272879386412,0.0173698447038989,1.03453709711281,-0.143951090178722,0.2032780470735,-0.161775593917823,-0.0671565488522047,0.489859772224909,0.314940509325355,1.35479168346247,2.61933766907997,102
2026,18882,"Brandon Lowe","PIT",4,"batx,steamer,oopsy,atc",9,526.623555555556,0.896717572648945,0.217440000457102,0.12262461763533,0.0424420697455633,0.132196759609635,0.00834067796727172,0.242484375336567,0.00830608672265172,0.566369715509443,0.291143754680425,0.960457902532612,0.995777199033523,-0.670054682230478,-0.14652405281518,-0.202242216130367,1.99716983671034,2.58133182364914,103
2026,33266,"Jacob Wilson","ATH",4,"batx,steamer,oopsy,atc",9,561.839777777778,0.921583426629809,0.271646383619525,0.1187172669645,0.0178282614334855,0.109761010755475,0.00899289372931929,0.294760491313222,0.00895269846195243,0.821697563620363,-0.0306951210026818,-0.310308098333549,-1.23196468415664,-0.627043713551543,3.1422637915321,2.87408385525881,1.76394973810805,2.53737021909419,104
2026,20599,"Iván Herrera","STL",4,"batx,steamer,oopsy,atc",9,536.481777777778,0.873123945900156,0.232877984147026,0.126026721136446,0.032098175220988,0.117026208205014,0.015149543507446,0.266718127753257,0.0150359351461087,0.6378446923061,0.571366662220036,0.101194364475572,0.0595739599601765,-0.222402277916983,0.790123075042784,1.22385693018621,1.93770047608769,2.51872505139343,105
2026,26517,"Noelvi Marte","CIN",4,"batx,steamer,oopsy,atc",9,505.332444444444,0.917556355579597,0.230660722270208,0.11920013128848,0.0328807792336688,0.117649305092174,0.02851232249253,0.251385891305287,0.0281134110721898,0.412002970843115,0.00907722712500388,0.136486716186005,0.130405735153052,0.647478166976434,0.655598255588146,0.321590994081505,1.99104907187176,2.51406936394697,106
2026,27465,"Spencer Torkelson","DET",4,"batx,steamer,oopsy,atc",9,615.550222222222,0.873001651903399,0.202602230211221,0.119195557268292,0.0416096619307819,0.129812830583109,0.00327727549164729,0.232075425939331,0.00327191692878917,1.21111389892584,0.00870047631902019,0.825431611452277,0.920437790788705,-1.00491485591435,-1.04675527236832,-0.814784326580755,0.914013649203171,2.47696210947429,107
2026,17128,"Ramón Laureano","SDP",4,"batx,steamer,oopsy,atc",9,508.85,0.901484593660032,0.220377877636776,0.124139719688158,0.0387468394850978,0.126653448898748,0.0171457119934853,0.244461058110866,0.0170003830998004,0.437506271138734,0.415938988665357,0.646483502595144,0.661330001147803,-0.0917321952812939,0.0317216480231131,-0.085919099161286,2.10124821628886,2.47650287266674,108
2026,16997,"Gleyber Torres","DET",4,"batx,steamer,oopsy,atc",9,644.913777777778,0.872727785436565,0.226030072172802,0.12157065346326,0.0275604666269396,0.108253716414638,0.00938549367954895,0.258992638878496,0.00934172358987705,1.42400821239239,0.204331315069743,-0.395681598192396,-0.351124106771465,-0.601166751264127,0.37464931815136,0.769230139430201,0.655016389385505,2.45987374137466,109
2026,13419,"Christian Walker","HOU",4,"batx,steamer,oopsy,atc",9,565.062888888889,0.89552941818262,0.206296710364713,0.117401721392267,0.0449836999286817,0.133434343493216,0.00558281185643627,0.230362851488866,0.00556728572184518,0.845066056101737,-0.139053377925449,1.03055493975194,1.22581458043844,-0.852232760517339,-0.82260526066986,-0.915565291897947,1.28754417717947,2.45856452853459,110
2026,12161,"Xander Bogaerts","SDP",4,"batx,steamer,oopsy,atc",9,567.181555555556,0.895989930609363,0.23607418359046,0.116493423126003,0.025029236372723,0.107889357967302,0.0278469892105384,0.263478612343228,0.0274663127743178,0.860427005310053,-0.213867674728065,-0.416318944866777,-0.580220213388553,0.604434833658569,0.984041600213157,1.03321909245952,1.23849660619838,2.4060492862534,111
2026,22799,"Geraldo Perdomo","ARI",4,"batx,steamer,oopsy,atc",9,638.225333333333,0.855513724309394,0.222162195884116,0.130485636272401,0.0190406630209553,0.0939097450165612,0.0302907225443218,0.259682795928791,0.0298410173125246,1.37551504590698,0.938636547883366,-1.20812745362426,-1.12223287177685,0.762394141086236,0.139979085984181,0.80984425330437,0.886164495459645,2.38934891231318,112
2026,,"Kazuma Okamoto","TOR",4,"batx,steamer,oopsy,atc",9,530.983111111111,0.882703251193581,0.211051955669197,0.121174312927143,0.0451567833951568,0.135555660757631,0.00405995936122032,0.239097290492377,0.00405173996564373,0.597977760565952,0.171685718787868,1.15070683992666,1.24147998591595,-0.953043010454914,-0.534096933017443,-0.401564166843825,1.67471036172407,2.35764242204458,113
2026,10155,"Mike Trout","LAA",4,"batx,steamer,oopsy,atc",9,498.295333333333,0.847222677328468,0.201708521970633,0.131303362770163,0.0488298563452035,0.134531119870393,0.00668066212897111,0.238082061975344,0.00665844539914948,0.360981869670495,1.00599067061938,1.09267660726257,1.57392177416278,-0.779651593409225,-1.10097797874646,-0.46130796947754,2.15294134955953,2.33362348993537,114
2026,20437,"Royce Lewis","MIN",4,"batx,steamer,oopsy,atc",9,502.033111111111,0.912408348721414,0.224249431869835,0.115437690027861,0.0376132713642471,0.125090689909502,0.0213049882625897,0.24577748788038,0.0210812098185106,0.3880818450936,-0.300825816433709,0.557968472230389,0.55873323317715,0.179714021226358,0.266615026949826,-0.00845031355147473,1.65028678224361,2.24749275015862,115
2026,31505,"Sal Stewart","CIN",4,"batx,steamer,oopsy,atc",9,468.979777777778,0.901723971015615,0.238055063010477,0.119586077799274,0.0363088231428025,0.129783624237628,0.0134055147038623,0.263999927541412,0.0133164558288231,0.148435570157061,0.0408666930756893,0.823777357293495,0.440670481549273,-0.336777669770879,1.10422471846598,1.06389726174625,2.22119715077062,2.22254044036937,116
2026,12533,"Marcus Semien","NYM",4,"batx,steamer,oopsy,atc",9,616.084888888889,0.892122138109243,0.21410461735225,0.119022206835318,0.0309982370941397,0.113396017539926,0.0158957516587486,0.239994736377713,0.0157707372567793,1.21499038768137,-0.0055779729801913,-0.104420473872026,-0.0399790309069596,-0.173525109987049,-0.348887073026516,-0.348751594158555,0.542600726908627,2.15209494881786,117
2026,21618,"Alec Bohm","PHI",4,"batx,steamer,oopsy,atc",9,568.722,0.91591738143922,0.248684634558234,0.11432489212323,0.025703555740743,0.120635807965591,0.00527317774322112,0.271514264930168,0.00525932322501421,0.871595675323903,-0.392484246060315,0.305642929232298,-0.519189044227812,-0.872717642712346,1.74913780171182,1.50609828579645,1.14198547326755,2.1280802124401,118
2026,31431,"Jordan Beck","COL",4,"batx,steamer,oopsy,atc",9,513.454,0.907371425138188,0.225823458344008,0.121533586622902,0.0297595094607586,0.115318228495565,0.0297904691443706,0.248876537311737,0.029355353532085,0.470886609474993,0.201278210490472,0.0044539989524183,-0.152093556045028,0.730089021368534,0.362113727156958,0.173921432782241,1.61672801139835,2.09335497532292,119
2026,33321,"Luke Keaschall","MIN",4,"batx,steamer,oopsy,atc",9,527.772666666667,0.877445309842835,0.231423489722996,0.124910783143962,0.0211562588483046,0.101829575982833,0.0413881965613047,0.263746910635887,0.0405546274797257,0.574701105099984,0.479449591271072,-0.759546397116378,-0.930754926847233,1.47503624659171,0.701876575233234,1.04900781388985,1.54076219423239,2.07414812880396,120
2026,4949,"Giancarlo Stanton","NYY",4,"batx,steamer,oopsy,atc",9,390.219333333333,0.893383184082257,0.203309489962326,0.123963229463725,0.0606783453199599,0.155220772413516,0.00136297950799136,0.227572550709222,0.00136205149456824,-0.422600546930192,0.401401922457137,2.2645433094814,2.64630256168316,-1.13195424814855,-1.0038446936407,-1.07976790862005,2.75384830490226,2.0642953977067,121
2026,19608,"Otto Lopez","MIA",4,"batx,steamer,oopsy,atc",9,555.710888888889,0.913504733725418,0.245251782798054,0.113533584079048,0.0204261820674681,0.104611674464989,0.0291895439783377,0.268473466796256,0.028771642005732,0.777261337569874,-0.457662345676428,-0.601967696036823,-0.996832577326705,0.691262014910755,1.54086120250585,1.32715449086417,0.952921935946526,2.03832228940832,122
2026,26546,"Agustín Ramírez","MIA",4,"batx,steamer,oopsy,atc",9,480.094888888889,0.909251728737765,0.225972051021189,0.117445664965294,0.0358242879987427,0.128512588444243,0.022022511635841,0.248525291598715,0.0217835185798613,0.229023356763057,-0.135433853770108,0.751785596170787,0.396816266849388,0.226429814184376,0.371129082212226,0.153251451391226,1.83975026240972,2.02982562263871,123
2026,26197,"Andrew Vaughn","MIL",4,"batx,steamer,oopsy,atc",9,531.673111111111,0.907134315057081,0.22928344601465,0.112479939842019,0.0377501230596295,0.137006839694267,0.00136552077132149,0.252755785123422,0.00136458929570281,0.602980461141977,-0.544448433023833,1.23290195032111,0.571119380404899,-1.13178544007025,0.572036705391851,0.402206012795688,1.30280462416575,2.01118959987313,124
2026,21837,"Jonathan Aranda","TBR",4,"batx,steamer,oopsy,atc",9,557.812222222222,0.877148502206188,0.224863868584686,0.118550114901531,0.0356292997748084,0.127165428492745,0.00272133728961153,0.256357809446306,0.00271764115538972,0.792496615072899,-0.0444630257918509,0.675482145137344,0.379168309748246,-1.04178387093557,0.303893883811902,0.61417664464628,1.06479405704297,1.97534091731142,125
2026,13152,"Jorge Polanco","NYM",4,"batx,steamer,oopsy,atc",9,508.833777777778,0.888437788999234,0.217684448561973,0.120273935775699,0.039751456115932,0.129703420250518,0.0112946882043313,0.245019348858607,0.0112313794691315,0.437388655311987,0.0975238647534836,0.81923458492534,0.752255652175984,-0.475471647236977,-0.131692995862656,-0.0530650060328378,1.49923811406716,1.96442946436281,126
2026,27479,"Masyn Winn","STL",4,"batx,steamer,oopsy,atc",9,623.58,0.911943622188312,0.231517289907605,0.113716085710955,0.0216773933886104,0.102364958299839,0.0207345763402624,0.253872371355647,0.020522540978738,1.26933212198996,-0.442630134602631,-0.729222218933653,-0.88358818095011,0.142552790600781,0.707567582250176,0.467914477798798,0.0640119603545215,1.87362879702344,127
2026,10815,"Jurickson Profar","ATL",4,"batx,steamer,oopsy,atc",9,605.454666666667,0.865711262398415,0.214842494571389,0.124310937197534,0.0290147501555775,0.111359568846931,0.0138386286726247,0.248168764694336,0.0137437491834665,1.13791818647212,0.43004175428764,-0.219765398545104,-0.219500089646478,-0.308355202351467,-0.304118883611332,0.132270684350638,0.516220366605373,1.83457843534584,128
2026,29591,"Colton Cowser","BAL",4,"batx,steamer,oopsy,atc",9,496.932,0.881366355788409,0.204671858043232,0.124632715936308,0.0398132892980386,0.124213765073005,0.0237963517793332,0.232221092510556,0.0235176316235231,0.35109730669661,0.456545878496116,0.508299246800039,0.757852038066512,0.341778604305841,-0.921187646211716,-0.80621219258767,1.4943854281534,1.83012209006381,129
2026,31539,"Drake Baldwin","ATL",4,"batx,steamer,oopsy,atc",9,507.109333333333,0.894115264435612,0.233979221526652,0.121649691587796,0.0351386368939875,0.130307529744999,0.00145595169590368,0.261687984573606,0.00145489282588441,0.424885931811197,0.210841491217121,0.853451486325731,0.334759487014588,-1.12577867886849,0.856936905749833,0.927844873489178,1.55509662324998,1.7988969640425,130
2026,29794,"Kyle Manzardo","CLE",4,"batx,steamer,oopsy,atc",9,535.998888888889,0.882397524028876,0.207123084015262,0.117031974646182,0.043850405005343,0.135927911265304,0.00314100163992724,0.234727635079452,0.00313607899959685,0.634343607490737,-0.169508509054554,1.17179119472269,1.12324253897627,-1.01395044955238,-0.772467851415493,-0.658708076995295,0.973450531167268,1.79031903527966,131
2026,31912,"Chandler Simpson","TBR",4,"batx,steamer,oopsy,atc",9,431.544222222222,0.926458606697492,0.259397903802248,0.116602827269719,0.0028559627645143,0.0732539294995476,0.0916133296188405,0.279988659964974,0.0876567208610759,-0.122983089758291,-0.204856324180135,-2.37807761886323,-2.58707464558965,4.60814772602218,2.39912895787069,2.00479643690754,1.71428500550156,1.68210444007676,132
2026,24610,"Steven Kwan","CLE",4,"batx,steamer,oopsy,atc",9,638.647777777778,0.890398385371395,0.241005198401897,0.120557872578186,0.0119118655277619,0.0832254427584194,0.0273454664909352,0.270671198826771,0.026978258501671,1.37857789092953,0.12091104163511,-1.81328880307958,-1.76744471998058,0.571970704477842,1.28321414458963,1.45648583496053,-0.226059741428053,1.62443696936492,133
2026,31370,"Jakob Marsee","MIA",4,"batx,steamer,oopsy,atc",9,567.405111111111,0.862754781948983,0.198475445045687,0.123574459569603,0.0223620355640474,0.0912436977694733,0.0592699202154842,0.23004850184351,0.0575799163099242,0.862047848073171,0.369379901357841,-1.35913298592563,-0.821622717098223,2.60751516727668,-1.29713391962047,-0.934064026769016,0.361053294063375,1.59004877940123,134
2026,26466,"Matt Wallner","MIN",4,"batx,steamer,oopsy,atc",9,463.546222222222,0.866238847987899,0.199661068328332,0.130573903581068,0.0466498199689668,0.135161224270077,0.00982770860707289,0.230491935096313,0.00977973076424882,0.10904071289961,0.945906909254562,1.12836586610212,1.37661145628574,-0.572031627799732,-1.22520026139698,-0.907969026193031,1.76269305534532,1.55655088167215,135
2026,18568,"Luis Arraez","SFG",4,"batx,steamer,oopsy,atc",9,608.645555555556,0.925439426968894,0.276190925018408,0.115057807549295,0.00575217040122142,0.088150442895579,0.013609565994264,0.298443006608245,0.0135177876225863,1.1610530584757,-0.332115802947047,-1.53433565695346,-2.32494523542675,-0.323385590800912,3.41798837669756,3.0907911908885,0.0642591490451041,1.50647787662436,136
2026,18564,"Trent Grisham","NYY",4,"batx,steamer,oopsy,atc",9,525.439333333333,0.852400717855004,0.190809299256136,0.13149703460408,0.0445625444604016,0.122878554837959,0.0105402295361226,0.223849294421398,0.0104850685842941,0.557783760156903,1.02194294379126,0.432672630468501,1.18769672138444,-0.525114349559706,-1.76225122896254,-1.29887275554122,0.912730477278849,1.47169698826347,137
2026,19913,"Jesús Sánchez","TOR",4,"batx,steamer,oopsy,atc",9,415.139333333333,0.899179612124978,0.224353134380887,0.126997631529221,0.0379163530324212,0.124671472681346,0.0221746123474306,0.249508698101691,0.0219323307566184,-0.241923302938102,0.651338166065987,0.534223911530364,0.586164491179076,0.236328421779199,0.272906823927914,0.211122603586775,2.03903851154444,1.45547095859904,138
2026,22581,"Alejandro Kirk","TOR",4,"batx,steamer,oopsy,atc",9,478.341555555555,0.88375434940828,0.24090879802269,0.120817263622724,0.0337727294413795,0.12579586835133,0.00148539351670118,0.272597015430805,0.00148429141099025,0.216311180420113,0.142276444735404,0.597909942169464,0.211134194977054,-1.12382315974265,1.27736537961345,1.56981559783636,1.32117398217283,1.380200930199,139
2026,29995,"Daylen Lile","WSN",4,"batx,steamer,oopsy,atc",9,523.005333333333,0.913719820443915,0.242093018042175,0.121695887416915,0.0190617251547059,0.103909077098617,0.0266135640891966,0.264953230328919,0.0262655836899343,0.540136552617708,0.214646528173712,-0.641762973265482,-1.12032658417964,0.524565388207184,1.34921389961979,1.119996881321,0.866472811173277,1.34738260315013,140
2026,19953,"Josh Lowe","LAA",4,"batx,steamer,oopsy,atc",9,466.359111111111,0.904915757570505,0.216641251425935,0.119232675735838,0.0293279844347042,0.10786878652388,0.0449823064654841,0.23940488339773,0.043999953661456,0.129434975022419,0.0117578333028852,-0.417484116177056,-0.191149941062641,1.70421058334498,-0.194985432289903,-0.383463050178343,1.04178390214068,1.30543740344757,141
2026,20178,"Miguel Vargas","CHW",4,"batx,steamer,oopsy,atc",9,565.102444444444,0.87711977984223,0.210899625300091,0.118511047414534,0.0325743383254655,0.117339135909822,0.0137352290875019,0.240445638266219,0.0136417557741348,0.845352845377915,-0.0476809187198954,0.118918662005555,0.102670439693216,-0.315139544589002,-0.54333905981165,-0.32221708199492,0.160782423956138,1.26718067952579,142
2026,22266,"Xavier Edwards","MIA",4,"batx,steamer,oopsy,atc",9,580.457777777778,0.898317300129433,0.248333394784884,0.118362578285106,0.00618445038901036,0.0763893486724116,0.0461715285027901,0.27644285014783,0.0451373373829423,0.956683475684758,-0.0599099561711191,-2.20048675219596,-2.285820520476,1.7798664563325,1.72782752366613,1.79613389607267,-0.0818397731596863,1.26597024641073,143
2026,29695,"Matt McLain","CIN",4,"batx,steamer,oopsy,atc",9,533.088222222222,0.884003667009379,0.207735082255663,0.119649796830781,0.0320651487166159,0.109170079743522,0.0291828534855008,0.234993462140762,0.0287651412453786,0.613240428056027,0.0461150731643224,-0.343778567437535,0.0565848033813849,0.690829600862333,-0.735336940692998,-0.643064781698566,0.327654397333535,1.26373703269914,144
2026,24598,"Addison Barger","TOR",4,"batx,steamer,oopsy,atc",9,480.787111111111,0.902202569918041,0.21979878379966,0.122109483305166,0.0368651123341309,0.127931638418437,0.00886380413897885,0.243624648308891,0.00882475122897705,0.234042169096171,0.248713405420138,0.71888045242921,0.491018997917634,-0.63555443814187,-0.00341289999744535,-0.135139842365137,1.05368768672384,1.14276161268029,145
2026,13145,"Josh Bell","MIN",4,"batx,steamer,oopsy,atc",9,537.367555555556,0.882555648814289,0.218120648107469,0.116652779208435,0.0366855709644141,0.122584355319912,0.00245171483730731,0.247146622879264,0.00244871428781269,0.644266838681635,-0.200741905703547,0.416009101765452,0.474769101761287,-1.05967220233331,-0.105228072743946,0.0721200504403108,0.169402861427569,1.08701205890538,146
2026,17338,"Willi Castro","COL",4,"batx,steamer,oopsy,atc",9,519.099333333333,0.887504564098235,0.226878691715942,0.124009453493493,0.0230858691352029,0.102217064940353,0.0287703309816686,0.255636647848078,0.0283642356149968,0.511816917182993,0.405209282231914,-0.737598932998782,-0.756110125853612,0.664162377761486,0.426136421240185,0.571737986286433,0.513615939564185,1.04729524816006,147
2026,26288,"Adley Rutschman","BAL",4,"batx,steamer,oopsy,atc",9,560.621111111111,0.872970010155522,0.221319092371231,0.122818202856849,0.0305498673613193,0.118648566929698,0.00180048081075347,0.253524278951807,0.00179886188811334,0.812861876032949,0.307088893801877,0.193085137631283,-0.0805599934420707,-1.10289873150154,0.0888266492610933,0.447430061212384,0.218403831783593,1.04685866034844,148
2026,14162,"Carlos Correa","HOU",4,"batx,steamer,oopsy,atc",9,539.835111111111,0.891814167248868,0.234482296388976,0.117694056712097,0.029324692178464,0.11823825460357,0.00111775944432097,0.262927305934512,0.00111713521634779,0.662157333752869,-0.114974435802663,0.169844952640409,-0.191447915964511,-1.14824545619697,0.88745926115306,1.00077601120204,0.264793739582192,1.03664329613824,149
2026,35041,"Jac Caglianone","KCR",4,"batx,steamer,oopsy,atc",9,469.632888888889,0.904140431054272,0.222760967901861,0.120254969896554,0.0377484233483422,0.127444615733569,0.00560344686659481,0.24637872641323,0.00558780595965982,0.153170815565414,0.0959616918811857,0.691295374988529,0.570965543258854,-0.850867806477246,0.176307540653322,0.0269311553885022,0.836833159870058,0.92089033349781,150
2026,33824,"Jung Hoo Lee","SFG",4,"batx,steamer,oopsy,atc",9,555.238888888889,0.900905946977883,0.243325656441046,0.121716578323156,0.0164781180890122,0.103170240150288,0.0156423084416936,0.270089965836378,0.0155212285487246,0.773839200364246,0.216350787290097,-0.683610868792523,-1.35416320129214,-0.190121794790312,1.42400004003677,1.42228164498789,0.186294162816137,0.905232035438377,151
2026,,"Konnor Griffin","PIT",4,"batx,steamer,oopsy,atc",9,394.666666666667,0.910523795690799,0.233768932805094,0.119281208847625,0.0265086178731454,0.107179245339568,0.0468421331567197,0.256741157025707,0.0457781403448736,-0.390356087468683,0.0157553864909651,-0.45653988823603,-0.446324633804861,1.82249103991152,0.844178353141925,0.636735745124274,1.38920417003484,0.901841435191878,152
2026,19950,"Andrés Giménez","TOR",4,"batx,steamer,oopsy,atc",9,559.542888888889,0.904451343097583,0.224355608229472,0.114224978044001,0.0188850676422355,0.0956460415906855,0.0372925772112414,0.248057134241289,0.0366140275554072,0.805044451493537,-0.400713923310482,-1.10978321434079,-1.1363154687326,1.21291755987504,0.273056916272771,0.125701495598689,-0.355793678742516,0.897252549203181,153
2026,29646,"Caleb Durbin","BOS",4,"batx,steamer,oopsy,atc",9,531.196888888889,0.892511153785553,0.227917141228162,0.112772292979851,0.0184548730040154,0.0991483981910576,0.0405410438963536,0.255366154542114,0.0397408123939447,0.599527711597879,-0.520368023275905,-0.911408926966074,-1.17525144326103,1.42090333647345,0.489140811747566,0.555820093502593,-0.0974565336841091,0.843302266348564,154
2026,26299,"Josh Jung","TEX",4,"batx,steamer,oopsy,atc",9,507.360888888889,0.925822408942967,0.229648366722449,0.108507657748085,0.0333826961225619,0.120534075500967,0.00815889160229206,0.248047967411638,0.00812578778461533,0.426709782713631,-0.871635550512895,0.29988077892169,0.175833133509728,-0.682047709120332,0.59417702758168,0.125162049304309,-0.0570825369064981,0.787883685986109,155
2026,15711,"Tyler O'Neill","BAL",4,"batx,steamer,oopsy,atc",9,364.748222222222,0.880470354620666,0.208125358649314,0.127544018760986,0.0484256585777091,0.137131071420394,0.0122528870152481,0.236379745845027,0.0121784280033674,-0.607273506680267,0.696342740053076,1.23993846400366,1.53733871946753,-0.412476386916609,-0.71165824854473,-0.561485256860166,1.74221178138266,0.716312292889253,156
2026,20352,"Ernie Clement","TOR",4,"batx,steamer,oopsy,atc",9,556.773111111111,0.932667091705593,0.24447477234228,0.109713416172369,0.0184276251671873,0.101693724309498,0.0168076219290473,0.262124368401594,0.0166679368613217,0.784962757458247,-0.772320191255818,-0.767241067294631,-1.17771758529637,-0.113845673712877,1.49371873712086,0.953525032049022,-0.552443022980591,0.671631910281579,157
2026,24679,"Brendan Donovan","SEA",4,"batx,steamer,oopsy,atc",9,551.391111111111,0.884949614744813,0.234064172361513,0.118626305694988,0.0231970409827876,0.107110169045595,0.00925850944481536,0.264494349126316,0.00921591216923572,0.745941692965253,-0.0381873773105076,-0.460452385492855,-0.746048205408146,-0.609535407048986,0.862091008583478,1.09299280535121,-0.246190673711764,0.661872560371559,158
2026,27647,"Anthony Volpe","NYY",4,"batx,steamer,oopsy,atc",9,453.524222222222,0.902893620566104,0.210989296983745,0.121963822801291,0.0303764853585121,0.11033691891291,0.0377981318223229,0.233681235726815,0.0371012878172195,0.036378299605519,0.236715707555827,-0.277688527181876,-0.0962524187891677,1.24532887347409,-0.537898535541657,-0.720286209751751,0.606583399122738,0.636575969884124,159
2026,22184,"Mark Vientos","NYM",4,"batx,steamer,oopsy,atc",9,444.155111111111,0.90981803623868,0.218323788318257,0.116511713371257,0.0426688586241415,0.133876547236432,0.00210054893046819,0.239964234189991,0.00209834586212601,-0.0315504794559267,-0.212361152159586,1.05560146197805,1.0163033637393,-1.08297781908502,-0.0929032317019693,-0.350546575931211,0.652112143314847,0.629506573403514,160
2026,31781,"Jackson Holliday","BAL",4,"batx,steamer,oopsy,atc",9,464.988888888889,0.878692835489193,0.221302777860607,0.131187178413368,0.0266708499461876,0.105856113464418,0.0272884855163939,0.251854537697922,0.0269227926854849,0.11950046560156,0.996420850576901,-0.531482383471358,-0.431641364181133,0.568281259424906,0.0878368218441698,0.34916972844214,0.808915649795045,0.627216390771459,161
2026,10324,"Marcell Ozuna","PIT",3,"steamer,oopsy,atc",6,497.507666666667,0.868434474000247,0.211908231564287,0.117649131999356,0.040307156380416,0.12706609981303,0.00147317710681129,0.244011768197294,0.00147209304596243,0.355271057370424,-0.118674774025876,0.669856145759628,0.802550866065482,-1.12463456396602,-0.482145306827187,-0.112358750403749,0.102223424376453,0.624496053387422,162
2026,27899,"Colt Keith","DET",4,"batx,steamer,oopsy,atc",9,481.607111111111,0.89592235196286,0.231825176263047,0.125744136895233,0.0300935242046022,0.111985663650252,0.00724103056707443,0.258755879630802,0.00721494017707176,0.239987407461881,0.548090892487675,-0.184303244170365,-0.121862613111331,-0.742634975849681,0.726247539187744,0.755297416374628,0.465525006005923,0.589341661790479,163
2026,29712,"Colson Montgomery","CHW",4,"batx,steamer,oopsy,atc",9,554.247333333333,0.888966563055164,0.196939910655041,0.115578516922316,0.0398405626396182,0.120974910233312,0.00542273208390099,0.221538040731483,0.00540808201069108,0.766650134351291,-0.289226251102714,0.324849760055616,0.760320488481058,-0.862822586556416,-1.39029724364086,-1.43488458142084,-0.690525698412022,0.557982243631866,164
2026,16442,"Ryan O'Hearn","PIT",4,"batx,steamer,oopsy,atc",9,504.627777777778,0.889947861645346,0.234355987155411,0.116779828103133,0.0271455864661399,0.116872594034349,0.00680719443535516,0.263336760787459,0.00678413009711088,0.406893932670304,-0.190277200364549,0.0924936223429588,-0.38867400148909,-0.771291366894802,0.879795878212876,1.02487146312388,0.0289408644776987,0.460980507636549,165
2026,27475,"Jordan Walker","STL",4,"batx,steamer,oopsy,atc",9,502.615777777778,0.907033825532065,0.220538445795879,0.113015300696476,0.0304591121415731,0.114287493693356,0.0174597486009309,0.243142471193411,0.0173090784375664,0.392306347802243,-0.500352074647408,-0.0539270584872504,-0.0887740496166874,-0.071198566370774,0.0414635746937647,-0.163514827837306,-0.280481826626112,0.420157161404827,166
2026,21454,"Lars Nootbaar","STL",4,"batx,steamer,oopsy,atc",9,521.614222222222,0.866408827475896,0.211853063092242,0.122924881726424,0.0318701042358166,0.109484722015805,0.012451775589755,0.244518587962028,0.0123748898171025,0.530050592680215,0.315875770213958,-0.325957156409447,0.0389317545946025,-0.399408246634612,-0.485492466140696,-0.0825336031712917,-0.325999751695979,0.380724687374607,167
2026,28824,"Samuel Basallo","BAL",4,"batx,steamer,oopsy,atc",9,405.276,0.905182961664119,0.221653952908649,0.12182635376172,0.040506282959152,0.130670612452094,0.00654034228881187,0.244871989747965,0.00651904705184579,-0.313435336776063,0.225392720482477,0.874016574778038,0.820573376596236,-0.788924017006512,0.109143172902104,-0.0617367419767643,0.926766490976282,0.366737516871876,168
2026,17929,"Cedric Mullins","TBR",4,"batx,steamer,oopsy,atc",9,447.473111111111,0.889584446028836,0.202926603825218,0.119470547061695,0.0307881368399933,0.108309056588197,0.0449781866323948,0.228113929746745,0.0439960111629227,-0.00749401494686721,0.0313507100423234,-0.392547117970785,-0.0589947447654796,1.70394833836762,-1.02707500712085,-1.04790902973209,0.249188163605968,0.363276346678508,169
2026,11739,"J.T. Realmuto","PHI",4,"batx,steamer,oopsy,atc",9,460.688,0.904568687872154,0.22704579912674,0.1175659712535,0.0308324690762474,0.118452185646515,0.0148540627421212,0.250998959140214,0.0147448216067023,0.0883177709321913,-0.125524520363514,0.181962056360512,-0.0549823311549352,-0.241766410308032,0.436275094755517,0.298820949195145,0.284281660221739,0.357275932130561,170
2026,9777,"Nolan Arenado","ARI",4,"batx,steamer,oopsy,atc",9,553.781333333333,0.915360985970896,0.228206217581263,0.105935799981543,0.0276584388066417,0.118082937114366,0.0049198088199973,0.249307345494096,0.00490774610856247,0.763271498889802,-1.08347315653581,0.16104773415202,-0.342256859357232,-0.896103658500259,0.506679535799984,0.199273477753445,-0.890834905551498,0.35059831118373,171
2026,18030,"Harrison Bader","SFG",4,"batx,steamer,oopsy,atc",9,485.775333333333,0.910578034166206,0.220491237473308,0.11529061978298,0.0272357694793826,0.104127717304945,0.0297278850229651,0.242144252551849,0.029294578039312,0.270208230233057,-0.312939631201368,-0.629379141442894,-0.380511734471894,0.726046390130607,0.0385993703626852,-0.222257639437085,-0.287976516389808,0.307042584905708,172
2026,16939,"Lane Thomas","KCR",4,"batx,steamer,oopsy,atc",9,403.497333333333,0.89915375315998,0.213624388852297,0.123272764181694,0.0303456752798939,0.111736763128195,0.0393014951715877,0.237583826015891,0.0385488482445031,-0.326331187149816,0.344529993421977,-0.198401027270159,-0.0990409715272025,1.34161691220672,-0.378023303134734,-0.490627980024077,0.684350416546788,0.167003946756779,173
2026,20202,"Brandon Marsh","PHI",4,"batx,steamer,oopsy,atc",9,463.393555555556,0.885638369707802,0.222799282528423,0.122826029893051,0.0276349360003071,0.108761583887197,0.0217065207877172,0.251569139446759,0.0214742888868554,0.10793383518762,0.307733587545396,-0.366915867158898,-0.344384046884662,0.205860641322068,0.178632150242577,0.332374714803934,0.0888603002541001,0.132312781433775,174
2026,14221,"Jorge Soler","LAA",4,"batx,steamer,oopsy,atc",9,473.602888888889,0.876349045858114,0.199582208364536,0.11668668064579,0.0449667748208448,0.129830370569062,0.00191651852725641,0.22774282611229,0.00191468434874126,0.181954469604283,-0.197949527593316,0.826425080310799,1.2242827259961,-1.09519451593661,-1.22998482135483,-1.0697476029415,-0.290466588973574,0.123182954523637,175
2026,22664,"Gabriel Moreno","ARI",4,"batx,steamer,oopsy,atc",9,436.610222222222,0.890050243701106,0.2453786614798,0.120016462873979,0.0242691440751879,0.118063074120506,0.00911277778026877,0.27569079747615,0.00907150695923079,-0.0862531171233016,0.0763164543648254,0.159922689588697,-0.649014502546904,-0.619140874421592,1.54855913477669,1.75187737093254,0.430389784638415,-0.00339000109470278,176
2026,33189,"Nolan Schanuel","LAA",4,"batx,steamer,oopsy,atc",9,590.788222222222,0.86215939044502,0.224351425457636,0.118195382745099,0.0197299824563859,0.0946965554496133,0.0104617847911806,0.260220358258619,0.0104074390278412,1.03158220086275,-0.0736814420571234,-1.16356232883397,-1.0598440793667,-0.530278070256719,0.2728031408248,0.841478527950675,-1.52298057882695,-0.0579716371272804,177
2026,13301,"Max Muncy","LAD",4,"batx,steamer,oopsy,atc",9,433.147333333333,0.837519394756276,0.186269231784314,0.131511493846162,0.0458018894915397,0.134078760926891,0.00603057519219983,0.222405872569099,0.0060124640508833,-0.11136006819454,1.02313391604001,1.06705489214506,1.29986712584132,-0.822620630079517,-2.03770437382751,-1.3838147255648,0.41837086192483,-0.107519255957642,178
2026,26121,"Francisco Alvarez","NYM",4,"batx,steamer,oopsy,atc",9,430.548666666667,0.887089028544104,0.207387888024718,0.119082971085279,0.0436194429582023,0.130551621507183,0.00243702293085021,0.233784751419014,0.00243405820622512,-0.130201156934004,-0.000572970988625039,0.867276900154874,1.10233866992363,-1.06064708761269,-0.756401769219545,-0.714194555527633,0.0217925853236328,-0.108331955883803,179
2026,21562,"Romy Gonzalez","BOS",4,"batx,steamer,oopsy,atc",9,275.977777777778,0.921536338714033,0.244732042655686,0.125007463066498,0.0323070187104556,0.122957882697685,0.0273552458431269,0.265569606291598,0.0269877775057119,-1.25088503357333,0.487412878979691,0.437165778779115,0.078475926800069,0.572603884421497,1.50932773794473,1.1562691522872,1.83410117335177,-0.134414259017055,180
2026,17901,"Andrew Benintendi","CHW",4,"batx,steamer,oopsy,atc",9,490.276444444444,0.898063399657295,0.224430888956282,0.111406289165411,0.0317864467666778,0.115266739846307,0.00654261602116197,0.249905395367327,0.00652130600728596,0.302842594216112,-0.632882401650091,0.00153766995741774,0.0313601002825445,-0.788773757034756,0.277624318205978,0.234467301598967,-0.808291476022795,-0.15108217576589,181
2026,20036,"Isaac Paredes","HOU",4,"batx,steamer,oopsy,atc",9,479.167555555556,0.85873721293974,0.207088952471196,0.124717222596901,0.0367673977613949,0.120804208386973,0.00218762724388738,0.241155209475856,0.00218523787147787,0.222299920529964,0.463506484524131,0.315181168023239,0.482175065945709,-1.07719798357395,-0.774538666708519,-0.280460490654278,-0.36857401125943,-0.222297902508428,182
2026,25493,"Joey Ortiz","MIL",4,"batx,steamer,oopsy,atc",9,535.130444444444,0.908047210930045,0.222126281688611,0.112105381658382,0.020270379187199,0.100064750978516,0.0245673868413376,0.24461974995893,0.0242704618790901,0.628047132820495,-0.575299870443936,-0.85950649327996,-1.01093395479322,0.391854958591898,0.137800114381114,-0.0765804583614843,-1.28803811272361,-0.251481178745034,183
2026,19238,"Lourdes Gurriel Jr.","ARI",4,"batx,steamer,oopsy,atc",9,361.052222222222,0.921212558872342,0.24321849680289,0.115410782833705,0.0298566115230113,0.125293252079522,0.0142716480650539,0.264019953332609,0.0141707667909169,-0.634070581070105,-0.30304209591419,0.569441640360265,-0.143305061055477,-0.279951076934155,1.41749849363554,1.06507573230417,0.626571319021877,-0.354437025517107,184
2026,29622,"Sal Frelick","MIL",4,"batx,steamer,oopsy,atc",9,516.994888888889,0.897595826274053,0.233356164823254,0.114425744592255,0.0143247294849481,0.0925138061759483,0.0301796133950102,0.259979110856522,0.0297331689756849,0.496559083220044,-0.384177275947997,-1.28719375221186,-1.54906168767159,0.755220343958916,0.81913506041484,0.827281687599024,-1.14951822823765,-0.377614599472709,185
2026,19522,"TJ Friedl","CIN",4,"batx,steamer,oopsy,atc",9,573.461111111111,0.866556733341568,0.207874371412978,0.121115557770698,0.0225906546563039,0.0894539159258418,0.0199132937418376,0.23988547248532,0.0197176175475001,0.905955608491153,0.166846200893595,-1.4605066432365,-0.80093090376079,0.0890113307328325,-0.726886045047497,-0.355181516400298,-1.82651045192721,-0.411629800267822,186
2026,,"Justin Crawford","PHI",4,"batx,steamer,oopsy,atc",9,384.619777777778,0.914521463196377,0.242502127453941,0.119174002344259,0.0143836668119396,0.0894758234542788,0.0532304324930703,0.265168328150947,0.0518620434875308,-0.463198952442165,0.00692505017975935,-1.45926579576216,-1.54372739928528,2.22717680667088,1.37403522105702,1.13265488058973,0.141944930418053,-0.419581999273649,187
2026,24618,"Ryan Jeffers","MIN",4,"batx,steamer,oopsy,atc",9,499.829555555556,0.878710704816442,0.21347780376277,0.116674936233852,0.0317644830191295,0.115881590019229,0.00498658668045404,0.24294435312173,0.0049741948353597,0.372105426764498,-0.198916885952439,0.0363629258672762,0.0293722095951371,-0.891683658161073,-0.386916854640501,-0.175173608864499,-1.0396768365271,-0.480637924340893,188
2026,24729,"Logan O'Hoppe","LAA",4,"batx,steamer,oopsy,atc",9,432.016888888889,0.908608553938647,0.211504382249835,0.109452712335318,0.0423861516900135,0.122518750785128,0.0062238375954504,0.232778330484567,0.00620454950749022,-0.119556119025535,-0.793793725850219,0.412293245751544,0.990716178292829,-0.809843593945385,-0.506647489759025,-0.77342005270903,-0.826831504535791,-0.482903604827027,189
2026,21523,"Jonathan India","KCR",4,"batx,steamer,oopsy,atc",9,527.128444444444,0.864788974425666,0.215439878932062,0.120913665166834,0.023776374680989,0.104111776477942,0.0120279802861514,0.249124220247076,0.0119562189871631,0.570030306719984,0.150216803096943,-0.63028203356888,-0.693613981192895,-0.427257165636271,-0.267874620313089,0.18849698907951,-1.29878069089421,-0.608480093386967,190
2026,26123,"Brett Baty","NYM",4,"batx,steamer,oopsy,atc",9,429.950444444444,0.900760985834435,0.218655958656069,0.114502999455351,0.0357000012465364,0.118674873870343,0.00868063298823568,0.242745813922562,0.00864317292232298,-0.134538441942269,-0.377813982664595,0.194575168829984,0.385567345109805,-0.647632565378963,-0.0727499267677933,-0.186857172250637,-0.65259240281383,-0.619248281016503,191
2026,27790,"Evan Carter","TEX",4,"batx,steamer,oopsy,atc",9,422.092444444444,0.87621810937898,0.209628157912788,0.125309334279419,0.0254736661276261,0.101025551258034,0.0392692364778872,0.239241982868126,0.0385178089411858,-0.191511226183434,0.512277269189857,-0.805086543370108,-0.539995849625723,1.33955225667752,-0.62048101697408,-0.393049361955732,-0.305245110285972,-0.626084542021339,192
2026,27562,"Austin Wells","NYY",4,"batx,steamer,oopsy,atc",9,437.030888888889,0.892586933325684,0.201397202589236,0.116228142459038,0.0399988363894448,0.124645325749956,0.00967623844218087,0.225633151315415,0.00962972346627114,-0.0832031615064208,-0.235718191558801,0.532742943292874,0.774645498939728,-0.582009731819166,-1.11986622285195,-1.19389698662327,-0.713408865503734,-0.669256951526806,193
2026,11899,"Joc Pederson","TEX",4,"batx,steamer,oopsy,atc",9,402.041777777778,0.862519496785433,0.20216452207794,0.123094884006528,0.0418264591404113,0.127815845123106,0.00708523850574297,0.234388350444711,0.00706025613801207,-0.33688438804288,0.32987844038653,0.712321893417347,0.940059631420862,-0.752924164793764,-1.07331172391744,-0.678674177153555,-0.180860311529343,-0.706669278509336,194
2026,15362,"Jeff McNeil","ATH",4,"batx,steamer,oopsy,atc",9,536.223111111111,0.890989394367496,0.228332907162081,0.113444228950604,0.0210998889822859,0.104050771565424,0.00696118809089095,0.256268939457099,0.00693707087934998,0.635969283780981,-0.46502230809029,-0.633737365914454,-0.935856839963948,-0.76111813496163,0.51436599501554,0.608946855484401,-1.6453993701338,-0.70668532560401,195
2026,31595,"Brooks Lee","MIN",4,"batx,steamer,oopsy,atc",9,534.416444444444,0.918184948289806,0.224538879777318,0.105131903129277,0.0250237162994593,0.108843100652952,0.00736610748705299,0.244546461141123,0.0073391102127841,0.622870425267912,-1.14968816534733,-0.362298738704902,-0.58071982313004,-0.734375500816546,0.284176293800029,-0.0808933323527285,-1.92003550893087,-0.70876113255721,196
2026,26438,"Dominic Canzone","SEA",4,"batx,steamer,oopsy,atc",9,396.761555555556,0.912055101911462,0.219694619343978,0.110811981664769,0.0376796563373383,0.125717675563827,0.0098595142221125,0.240878669373756,0.00981122634899356,-0.375167534061215,-0.681834050460273,0.593481084611905,0.564741591700732,-0.569936621590217,-0.00973272389409403,-0.296734223122396,-0.478448253693162,-0.733165304538137,197
2026,22532,"Tyler Freeman","COL",4,"batx,steamer,oopsy,atc",9,340.559555555556,0.882877542916124,0.24693874083404,0.126919691253396,0.0172856911401596,0.0960928230664215,0.0401318673013954,0.279697612443971,0.0393475005975245,-0.782648371414483,0.644918417019877,-1.08447740828668,-1.28107153311279,1.39474123589796,1.6432116409413,1.98766897706959,0.534673981045185,-0.7553203418764,198
2026,19470,"Tommy Edman","LAD",4,"batx,steamer,oopsy,atc",9,447.473333333333,0.911931547586372,0.221070386473808,0.118173271002056,0.0256116255593981,0.108548515572267,0.0207478129344482,0.242419934981874,0.0205355086087851,-0.00749240377115857,-0.0755027320103306,-0.378984105764831,-0.527509443603432,0.143415364377126,0.0737372652339398,-0.206034378946761,-0.772336055538686,-0.784909750592329,199
2026,29592,"Connor Norby","MIA",4,"batx,steamer,oopsy,atc",9,453.118444444444,0.911030150938009,0.220493024898058,0.109182721256769,0.0286147121436416,0.112038880929049,0.0177629476279561,0.242026045648473,0.0176070301357565,0.0334362927611322,-0.816032227711211,-0.181289005198711,-0.255706653976481,-0.0513795770456658,0.0387078162771421,-0.229213836772677,-1.23226335489379,-0.879365010032123,200
2026,21622,"Jake McCarthy","COL",4,"batx,steamer,oopsy,atc",9,345.524888888889,0.903675313883166,0.242155821488161,0.127756510110765,0.0172174319447017,0.0935570043782069,0.0417360092914884,0.267967728860046,0.0408885612244717,-0.74664826137561,0.71384513051314,-1.22810676491261,-1.28724952339801,1.49724867015773,1.35302428499677,1.29739300668753,0.302113535981405,-0.913361883236403,201
2026,23401,"José Caballero","NYY",4,"batx,steamer,oopsy,atc",9,331.406222222222,0.871285366836148,0.192094478096302,0.122100266627449,0.019681072071467,0.0844325554925005,0.0986059640307813,0.220472517280813,0.0940420706671373,-0.849012698862622,0.247954250318932,-1.74491765881094,-1.06427085118621,5.0328849583056,-1.68427737605508,-1.49758812222016,-0.0616393762903151,-0.939065319330095,202
2026,22263,"Nolan Gorman","STL",4,"batx,steamer,oopsy,atc",9,491.460888888889,0.889817280426777,0.189640414197531,0.108235579288111,0.0402865267894237,0.123882700128199,0.00756108908541827,0.213122871817655,0.00753264732847301,0.311430160744361,-0.894045984853814,0.489547651804397,0.800683726965998,-0.721501904011592,-1.83316935239942,-1.9300974150658,-1.84705570175007,-1.00015785512453,203
2026,20308,"Jake Meyers","HOU",4,"batx,steamer,oopsy,atc",9,450.651777777778,0.897371606719609,0.223872747346313,0.116168874659888,0.0220255332632226,0.099768152327116,0.0268201615958197,0.249476076209601,0.0264668051900354,0.0155522423927339,-0.240599934573332,-0.876305909450654,-0.852078803366247,0.537950130723199,0.243760975271054,0.209202882213838,-1.17172129900325,-1.00296862746128,204
2026,18036,"Jake Cronenworth","SDP",4,"batx,steamer,oopsy,atc",9,583.083777777778,0.86492867705654,0.202916319967113,0.114024413467167,0.0244739621420592,0.102402615676163,0.00784291004449598,0.234604685160472,0.00781231429453663,0.975722739036412,-0.417233934783204,-0.727089296434555,-0.630476867890046,-0.702899168572697,-1.02769894521735,-0.665943389607276,-2.52967547386144,-1.02417352438852,205
2026,22857,"Wenceel Pérez","DET",4,"batx,steamer,oopsy,atc",9,444.458222222222,0.901529317468614,0.21472784860034,0.121333020122227,0.0251602087329528,0.102162309776405,0.0251441575104127,0.238181770065193,0.02483324417486,-0.0293528357890345,0.184758040555682,-0.74070027814086,-0.56836619190904,0.42928980585062,-0.311074637786277,-0.455440383667079,-1.03544609721891,-1.05015605587875,206
2026,19363,"Austin Hays","CHW",4,"batx,steamer,oopsy,atc",9,439.445111111111,0.912487086260939,0.221658708232573,0.110165807364275,0.0303305033784314,0.114746859442262,0.0105349506873502,0.242917090630679,0.0104798447818112,-0.065699348605314,-0.735057840154612,-0.0279084762920676,-0.100414147100327,-0.525461823617667,0.109431685999726,-0.176777942132657,-1.34510994977026,-1.16047752786361,207
2026,9218,"Paul Goldschmidt","NYY",3,"steamer,oopsy,atc",6,370.759333333333,0.900454431150635,0.225913092218849,0.118817073158271,0.0316632170940922,0.11969529881986,0.0117718692464622,0.250887867729374,0.0117031198073055,-0.563691203755476,-0.0224743300126556,0.252372273830186,0.0202068525043027,-0.444092679493931,0.367551957505881,0.292283481805148,-0.390127129421693,-1.20781247345432,208
2026,32127,"Chase DeLauter","CLE",4,"batx,steamer,oopsy,atc",9,481.628444444444,0.899032659109156,0.221614290403499,0.109194634544618,0.0274007117219794,0.111866860124482,0.00679361953170091,0.246503047645782,0.00677064688478767,0.240142080329932,-0.815050959458128,-0.191032303330007,-0.365583173337378,-0.772188235893116,0.106736785366079,0.0342471665683967,-1.79697580632262,-1.21031190744653,209
2026,23800,"Parker Meadows","DET",4,"batx,steamer,oopsy,atc",9,473.567777777778,0.893234628402609,0.202545285217624,0.123714882578285,0.025042399460077,0.0963564945395525,0.0278727729086664,0.226754851163619,0.0274913976118569,0.181699903842282,0.380946199609933,-1.0695429951039,-0.579028851180857,0.606103413265365,-1.0502102160818,-1.12788759738627,-1.53003254564898,-1.22104405036973,210
