"projection_system","projection_type","season","playerid","name","team","ab","pa","h","r","hr","rbi","sb","avg"
"batx","thebatx",2026,2396,"Carlos Santana","ARI",300.452,335.925,65.9824,35.4585,10.0886,38.9976,2.71361,0.21961
"batx","thebatx",2026,2967,"Tommy Pham",,296.91,331.9,71.5622,38.9597,9.21152,36.0451,5.29811,0.241024
"batx","thebatx",2026,4949,"Giancarlo Stanton","NYY",352.776,394.724,76.7552,48.0481,24.0704,59.6017,0.00160058,0.217575
"batx","thebatx",2026,5235,"Justin Turner",,175.866,193.197,41.9808,19.1906,4.17891,20.5504,0.798943,0.238709
"batx","thebatx",2026,5273,"Sandy León","ATL",12.4757,14.063,2.18092,1.16937,0.309499,1.24822,0.0333042,0.174814
"batx","thebatx",2026,5361,"Freddie Freeman","LAD",536.246,610.9,144.74,81.9297,22.0351,80.8523,7.74748,0.269913
"batx","thebatx",2026,5417,"Jose Altuve","HOU",529.766,588.084,134.126,72.6122,20.0543,67.7439,11.0959,0.25318
"batx","thebatx",2026,5517,"Kyle Higashioka","TEX",239.862,261.515,51.2222,25.7759,8.88198,30.055,1.65105,0.213549
"batx","thebatx",2026,5827,"Wilmer Flores",,215.906,239.77,47.6268,23.4562,6.9427,26.2924,0.337701,0.22059
"batx","thebatx",2026,7304,"Salvador Perez","KCR",515.334,565.767,128.947,63.7085,27.9492,90.3642,0.305456,0.250221
"batx","thebatx",2026,7739,"Travis d'Arnaud","LAA",204.688,227.383,45.7257,23.1317,7.77969,26.3516,0.657148,0.223392
"batx","thebatx",2026,7802,"Miguel Rojas","LAD",182.231,202.387,44.399,22.6171,3.21586,19.2876,2.82696,0.243641
"batx","thebatx",2026,8623,"Donovan Solano",,19.5979,21.404,4.7875,2.11219,0.398496,2.16468,0.0327963,0.244286
"batx","thebatx",2026,9241,"Starling Marte",,214.96,236.891,55.618,29.0024,5.50482,23.4961,7.0858,0.258736
"batx","thebatx",2026,9774,"Christian Vázquez",,167.054,184.354,37.7982,17.5532,3.63622,17.7735,1.92401,0.226264
"batx","thebatx",2026,9777,"Nolan Arenado","ARI",496.943,541.669,125.306,56.991,15.6506,67.3761,2.32153,0.252153
"batx","thebatx",2026,9847,"Andrew McCutchen",,256.955,293.835,59.6548,33.7332,9.59528,34.214,1.60583,0.232161
"batx","thebatx",2026,9874,"DJ LeMahieu",,107.768,120.087,25.4448,12.2727,2.03327,10.9945,0.378927,0.236107
"batx","thebatx",2026,10155,"Mike Trout","LAA",417.911,494.718,99.2471,63.6558,24.3003,67.731,3.20256,0.237484
"batx","thebatx",2026,10231,"Jose Iglesias",,163.102,178.727,42.2541,18.5095,1.72402,15.8242,2.13715,0.259065
"batx","thebatx",2026,10243,"Randal Grichuk",,207.926,226.008,50.9461,26.2915,9.82806,31.1591,0.676809,0.24502
"batx","thebatx",2026,10815,"Jurickson Profar","ATL",499.798,578.316,123.472,72.5947,18.5839,64.9523,7.48273,0.247044
"batx","thebatx",2026,11477,"Christian Yelich","MIL",494.178,565.164,126.074,71.2315,17.4144,68.0178,15.5691,0.255118
"batx","thebatx",2026,11493,"Manny Machado","SDP",560.416,619.721,145.929,77.6779,27.5882,84.7191,8.04038,0.260393
"batx","thebatx",2026,11579,"Bryce Harper","PHI",514.668,597.949,140.49,83.2374,25.5455,84.4044,10.041,0.272972
"batx","thebatx",2026,11609,"Willson Contreras","BOS",477.548,552.376,121.024,70.5105,22.2593,72.7853,4.84911,0.253427
"batx","thebatx",2026,11680,"Elias Díaz",,124.823,137.374,26.8483,13.1779,4.14911,15.2666,0.295163,0.215092
"batx","thebatx",2026,11737,"Nick Castellanos","SDP",291.033,315.504,73.5727,36.4906,9.56706,37.4125,2.4139,0.252799
"batx","thebatx",2026,11739,"J.T. Realmuto","PHI",417.422,465.407,107.67,56.9869,14.5355,57.0951,8.25247,0.257941
"batx","thebatx",2026,11850,"Tyler Austin","CHC",203.679,229.471,48.6903,28.0658,9.93843,31.3941,0.54975,0.239054
"batx","thebatx",2026,11899,"Joc Pederson","TEX",339.818,395.044,77.4083,47.7731,17.052,50.0912,2.6593,0.227794
"batx","thebatx",2026,12037,"Jon Berti",,150.838,165.491,36.3677,18.9924,1.3577,11.5404,7.96674,0.241104
"batx","thebatx",2026,12144,"Max Kepler",,144.28,161.648,33.9801,18.1945,5.87189,20.3638,0.520369,0.235515
"batx","thebatx",2026,12158,"Austin Barnes","NYM",42.7681,47.68,8.75033,4.16546,0.535337,3.46741,0.511879,0.204599
"batx","thebatx",2026,12161,"Xander Bogaerts","SDP",499.238,560.739,131.872,70.6508,14.7251,60.3019,15.8674,0.264147
"batx","thebatx",2026,12180,"Jorge Alfaro","KCR",18.6917,19.957,4.09335,1.92505,0.463101,2.07751,0.230138,0.218993
"batx","thebatx",2026,12533,"Marcus Semien","NYM",506.687,569.037,123.923,69.0107,18.6192,64.9098,8.13703,0.244575
"batx","thebatx",2026,12552,"Eugenio Suárez","CIN",528.892,594.765,122.198,72.7357,33.5916,91.5605,2.21615,0.231046
"batx","thebatx",2026,12564,"Trevor Story","BOS",504.836,556.731,125.856,71.8504,20.6484,67.9278,20.9644,0.2493
"batx","thebatx",2026,12856,"George Springer","TOR",494.26,563.129,129.698,80.6262,26.3218,75.4007,11.8981,0.262408
"batx","thebatx",2026,12859,"James McCann","ARI",174.026,191.783,41.4307,19.5272,4.71076,21.5182,1.07412,0.238072
"batx","thebatx",2026,12916,"Francisco Lindor","NYM",545.761,619.463,139.915,85.0496,24.9683,76.5843,21.4559,0.256368
"batx","thebatx",2026,12927,"Brandon Nimmo","TEX",546.281,620.977,137.19,79.0664,21.6179,71.7971,7.46104,0.251135
"batx","thebatx",2026,12976,"Austin Hedges","CLE",124.648,142.022,23.2125,12.371,3.47682,11.1166,1.71089,0.186224
"batx","thebatx",2026,12979,"Javier Báez","DET",290.961,312.629,67.1636,31.5654,7.97331,33.644,4.49078,0.230833
"batx","thebatx",2026,13066,"Teoscar Hernández","LAD",500.187,545.133,131.515,76.2419,26.1837,79.4009,5.98075,0.262931
"batx","thebatx",2026,13145,"Josh Bell","MIN",474.034,536.299,117.11,63.2163,20.4615,66.4251,1.41211,0.24705
"batx","thebatx",2026,13152,"Jorge Polanco","NYM",444.643,500.045,107.527,59.4788,19.4522,62.0109,5.36673,0.241828
"batx","thebatx",2026,13185,"Orlando Arcia","MIN",139.699,152.166,29.9145,13.5309,3.3507,14.9675,0.24371,0.214136
"batx","thebatx",2026,13301,"Max Muncy","LAD",383.541,457.79,84.8634,62.5504,21.4339,62.7256,2.33446,0.221263
"batx","thebatx",2026,13324,"Ildemaro Vargas","ARI",91.4932,98.928,21.7455,9.43356,0.951261,8.51773,1.09505,0.237674
"batx","thebatx",2026,13355,"Luke Maile","KCR",58.1212,66.003,12.1401,6.23828,1.16664,5.83202,0.589478,0.208876
"batx","thebatx",2026,13419,"Christian Walker","HOU",505.055,563.772,115.516,66.9981,26.8191,75.9036,3.61477,0.228719
"batx","thebatx",2026,13499,"Tom Murphy",,78.0854,87.244,17.6105,9.78974,3.23847,10.8467,0.485317,0.225529
"batx","thebatx",2026,13510,"José Ramírez","CLE",570.455,643.13,154.013,90.1061,25.7362,83.3379,33.401,0.269982
"batx","thebatx",2026,13590,"Jesse Winker",,237.468,275.806,54.7522,32.2133,7.70467,28.2706,4.12494,0.230566
"batx","thebatx",2026,13602,"Patrick Wisdom","SEA",9.25253,10.35,1.70036,1.16794,0.506523,1.42221,0.106975,0.183773
"batx","thebatx",2026,13611,"Mookie Betts","LAD",541.076,616.176,143.901,82.5538,20.0202,76.6573,8.15297,0.265953
"batx","thebatx",2026,13613,"Ketel Marte","ARI",533.379,611.497,147.18,85.6866,29.2004,94.5509,4.70473,0.27594
"batx","thebatx",2026,13620,"Carson Kelly","CHC",325.404,368.118,76.3494,40.9347,12.6765,44.5854,1.10801,0.23463
"batx","thebatx",2026,13621,"Jeimer Candelario","LAA",82.5639,91.112,17.0812,8.81355,2.35687,8.91661,0.673388,0.206884
"batx","thebatx",2026,13624,"Corey Seager","TEX",450.796,522.858,124.175,70.2732,27.6202,82.4678,1.6252,0.275457
"batx","thebatx",2026,13675,"Tyrone Taylor","NYM",271.381,294.483,61.6411,33.313,6.73556,27.2285,7.907,0.227139
"batx","thebatx",2026,13755,"Tomás Nido","DET",20.6331,22.504,4.52088,1.91152,0.435833,1.90324,0.0855472,0.219108
"batx","thebatx",2026,13770,"Rob Refsnyder","SEA",198.609,227.602,47.466,26.987,7.17784,25.6257,2.60932,0.238992
"batx","thebatx",2026,13897,"Tyler Heineman","TOR",130.312,146.581,27.1676,14.0841,2.63069,11.1556,1.8302,0.208482
"batx","thebatx",2026,14111,"Eric Haase","SFG",18.9329,20.649,3.98691,2.04505,0.561459,2.02467,0.125176,0.210581
"batx","thebatx",2026,14161,"Byron Buxton","MIN",462.055,514.924,115.282,73.425,26.5384,72.683,13.9987,0.249499
"batx","thebatx",2026,14162,"Carlos Correa","HOU",486.11,546.498,125.976,61.8475,14.7366,60.7854,0.352044,0.25915
"batx","thebatx",2026,14221,"Jorge Soler","LAA",410.346,470.057,92.6977,54.9374,22.1434,62.3004,0.615837,0.225902
"batx","thebatx",2026,14344,"Matt Olson","ATL",568.755,660.144,135.048,80.4667,26.4993,86.092,0.956,0.237445
"batx","thebatx",2026,14366,"Joey Meneses","ATH",51.9058,56.144,12.949,5.82496,1.4504,6.26141,0.110575,0.249471
"batx","thebatx",2026,14551,"Anthony Santander","TOR",139.062,156.272,30.9173,18.383,7.32443,20.8963,0.3803,0.222327
"batx","thebatx",2026,14712,"Manuel Margot",,67.9805,73.957,17.0741,8.24802,1.75538,7.89696,1.07523,0.251162
"batx","thebatx",2026,14854,"Mike Yastrzemski","ATL",380.956,437.343,86.9737,52.0433,15.5759,52.1231,3.97732,0.228304
"batx","thebatx",2026,14968,"Victor Caratini","MIN",318.9,356.898,79.0519,38.4998,10.3807,40.5495,0.739244,0.24789
"batx","thebatx",2026,15055,"Dom Nuñez","CLE",12.0919,13.706,2.05538,1.14342,0.305445,1.16128,0.0468151,0.169979
"batx","thebatx",2026,15112,"Ryan McMahon","NYY",419.497,480.048,89.1579,53.6845,16.726,52.8316,3.47549,0.212535
"batx","thebatx",2026,15149,"Trey Mancini","LAA",15.2385,16.861,3.468,1.65534,0.499257,1.82341,0.0517819,0.227582
"batx","thebatx",2026,15161,"Mitch Garver","SEA",181.729,207.839,38.4566,22.7602,7.73694,24.972,0.930307,0.211616
"batx","thebatx",2026,15172,"Tim Anderson",,50.7912,54.471,12.4801,5.30356,0.435101,4.45793,1.11466,0.245713
"batx","thebatx",2026,15194,"Jake Bauers","MIL",272.593,312.523,56.1858,35.8671,11.3495,38.2633,7.29276,0.206116
"batx","thebatx",2026,15271,"Austin Wynns","ATH",137.076,150.043,30.2642,14.5628,4.12658,15.1006,0.513527,0.220784
"batx","thebatx",2026,15274,"Mike Tauchman","NYM",260.894,300.61,60.5172,33.6341,7.76918,31.3431,2.05934,0.231961
"batx","thebatx",2026,15362,"Jeff McNeil","ATH",468.392,525.501,118.295,58.8173,12.1203,53.867,2.59801,0.252554
"batx","thebatx",2026,15429,"Kris Bryant","COL",73.7264,82.877,18.1796,8.9805,2.20636,9.67902,0.113361,0.246582
"batx","thebatx",2026,15491,"J.P. Crawford","SEA",510.805,589.818,122.64,62.4724,10.0312,53.8399,4.22085,0.240091
"batx","thebatx",2026,15518,"Amed Rosario","NYY",239.757,255.903,62.4808,28.3387,4.65018,24.4796,5.71305,0.260601
"batx","thebatx",2026,15640,"Aaron Judge","NYY",516.799,635.909,148.32,105.034,49.672,120.088,7.66008,0.286998
"batx","thebatx",2026,15653,"Dominic Smith","ATL",231.303,257.222,55.1497,26.5128,6.39274,28.4696,1.22991,0.238431
"batx","thebatx",2026,15674,"Reese McGuire","MIL",105.535,115.432,22.7527,10.6365,3.16507,12.9726,0.7074,0.215594
"batx","thebatx",2026,15679,"Rowdy Tellez",,266.815,294.738,57.3369,30.1134,12.2223,38.6698,0.525878,0.214894
"batx","thebatx",2026,15711,"Tyler O'Neill","BAL",311.281,354.652,73.0669,47.2506,18.3046,49.0154,3.65297,0.23473
"batx","thebatx",2026,15730,"Tyler Wade","TEX",56.7796,63.615,11.789,6.47071,0.208679,2.83159,2.8961,0.207627
"batx","thebatx",2026,15878,"Miguel Andujar","SDP",381.484,407.585,96.6574,42.3963,9.13006,42.7253,2.58398,0.253372
"batx","thebatx",2026,15905,"Luis Torrens","NYM",206.016,224.398,48.7198,22.9503,5.04448,22.5834,1.00381,0.236486
"batx","thebatx",2026,15986,"Willy Adames","SFG",564.559,644.545,132.077,83.857,28.6946,83.0116,10.5595,0.233947
"batx","thebatx",2026,15998,"Cody Bellinger","NYY",530.917,590.842,131.116,70.9596,20.6509,68.2015,11.1733,0.246962
"batx","thebatx",2026,16252,"Trea Turner","PHI",567.496,622.6,160.714,84.6831,17.1239,73.138,25.0828,0.283198
"batx","thebatx",2026,16376,"Michael Conforto",,271.414,310.892,60.028,34.0849,10.25,36.2943,0.614146,0.221168
"batx","thebatx",2026,16426,"Thairo Estrada","COL",265.084,284.828,64.8879,31.0193,5.63748,27.8255,6.21124,0.244782
"batx","thebatx",2026,16442,"Ryan O'Hearn","PIT",444.418,501.157,116.408,57.591,12.6842,57.1277,3.64394,0.261933
"batx","thebatx",2026,16472,"Rhys Hoskins",,331.673,381.881,71.7451,44.3025,15.8841,49.0908,2.43355,0.216313
"batx","thebatx",2026,16478,"Kyle Schwarber","PHI",543.956,651.689,125.558,93.6301,40.4922,106.159,5.59711,0.230825
"batx","thebatx",2026,16505,"Matt Chapman","SFG",523.845,603.138,125.151,81.3585,26.4777,76.0972,8.29964,0.238909
"batx","thebatx",2026,16512,"Isiah Kiner-Falefa","BOS",201.756,217.333,50.9997,22.3588,1.9319,17.6445,6.32902,0.252779
"batx","thebatx",2026,16530,"Mauricio Dubón","ATL",321.901,344.941,80.7654,35.3522,4.87922,32.4221,2.62907,0.250901
"batx","thebatx",2026,16535,"Danny Jansen","TEX",282.55,324.955,57.5313,34.4214,11.3263,36.0511,0.297364,0.203615
"batx","thebatx",2026,16556,"Ozzie Albies","ATL",530.941,584.531,130.016,67.1449,17.6055,68.4125,8.96791,0.244879
"batx","thebatx",2026,16578,"Yandy Díaz","TBR",544.222,609.189,155.702,76.2924,22.9177,83.9008,1.94777,0.2861
"batx","thebatx",2026,16622,"Luis Urías",,134.501,152.389,29.801,15.6179,3.57114,15.128,0.91838,0.221567
"batx","thebatx",2026,16725,"Jose Trevino","CIN",241.861,262.466,55.9796,23.495,6.37134,27.529,0.283124,0.231453
"batx","thebatx",2026,16939,"Lane Thomas","KCR",347.388,385.773,80.9937,50.0053,12.1174,41.4521,16.4097,0.233151
"batx","thebatx",2026,16947,"Derek Hill","CHW",122.807,133.271,28.9366,15.3534,3.5213,12.0082,4.20236,0.235626
"batx","thebatx",2026,16953,"Chadwick Tromp","ATL",33.2699,35.794,6.71613,2.92931,0.599001,3.29277,0.0157495,0.201868
"batx","thebatx",2026,16997,"Gleyber Torres","DET",552.409,633.604,141.072,74.7177,16.8374,68.8327,7.01174,0.255376
"batx","thebatx",2026,17022,"Edmundo Sosa","PHI",218.516,237.165,54.1464,27.3895,7.33038,27.4214,3.23547,0.247792
"batx","thebatx",2026,17027,"Alex Verdugo",,186.569,206.068,46.8101,21.7303,4.11359,21.6939,1.0957,0.2509
"batx","thebatx",2026,17040,"Jose Herrera","TEX",23.9348,27.613,4.62712,2.30695,0.293723,1.53674,0.13903,0.193321
"batx","thebatx",2026,17128,"Ramón Laureano","SDP",454.79,504.488,110.555,65.0126,18.9054,61.1592,8.16162,0.24309
"batx","thebatx",2026,17232,"Yoán Moncada","LAA",306.358,345.799,71.4845,37.2438,11.0528,38.7466,0.760405,0.233337
"batx","thebatx",2026,17273,"Jorge Mateo","ATL",149.981,162.411,33.509,21.999,3.26478,12.181,12.8193,0.223422
"batx","thebatx",2026,17276,"Alex Jackson","MIN",52.1993,57.271,10.1962,5.41249,1.83402,6.25266,0.179529,0.195333
"batx","thebatx",2026,17338,"Willi Castro","COL",463.582,520.243,119.523,65.0916,11.4538,52.9667,15.5879,0.257824
"batx","thebatx",2026,17350,"Rafael Devers","SFG",558.047,649.762,139.904,84.9068,31.6686,92.3892,1.91139,0.250704
"batx","thebatx",2026,17452,"Jose Siri","LAA",29.9419,32.894,6.30659,4.07428,1.37261,3.68296,1.18643,0.210627
"batx","thebatx",2026,17484,"Eloy Jiménez","TOR",32.1576,35.069,8.08644,3.72656,1.15809,4.46745,0.0673675,0.251462
"batx","thebatx",2026,17548,"Taylor Ward","BAL",545.296,622.741,134.143,80.5592,27.1093,80.9442,4.48438,0.246
"batx","thebatx",2026,17620,"Myles Straw","TOR",149.052,165.504,35.3891,18.4623,1.75635,11.4819,6.53477,0.237428
"batx","thebatx",2026,17678,"Alex Bregman","CHC",558.245,635.179,140.549,75.484,22.3373,79.5449,2.12982,0.251769
"batx","thebatx",2026,17684,"Vimael Machín","COL",20.3615,22.305,5.00763,2.23804,0.423089,2.38544,0.191068,0.245936
"batx","thebatx",2026,17696,"Kevin Newman","KCR",26.092,28.22,5.99863,2.49383,0.188003,2.19243,0.398565,0.229903
"batx","thebatx",2026,17901,"Andrew Benintendi","CHW",436.942,487.546,107.694,54.2303,17.1383,57.4683,3.03965,0.246471
"batx","thebatx",2026,17907,"Brendan Rodgers","BOS",82.7022,90.189,18.9099,8.52814,1.98331,9.35622,0.189052,0.22865
"batx","thebatx",2026,17919,"Ian Happ","CHC",539.618,626.059,129.051,79.4028,21.1604,73.5977,8.11888,0.239153
"batx","thebatx",2026,17929,"Cedric Mullins","TBR",395.402,445.89,91.1621,58.6828,16.7975,49.5965,20.2758,0.230555
"batx","thebatx",2026,17975,"Scott Kingery","CHC",12.8126,13.92,2.40686,1.24939,0.295544,1.09282,0.335249,0.187852
"batx","thebatx",2026,17988,"Tyler Stephenson","CIN",372.405,420.063,88.1862,46.5013,14.6201,50.1394,0.864119,0.236802
"batx","thebatx",2026,18015,"Paul DeJong","NYY",79.0261,86.584,16.1981,8.87397,3.40859,10.1681,0.80915,0.204971
"batx","thebatx",2026,18030,"Harrison Bader","SFG",436.05,477.32,103.831,60.3537,14.4513,48.797,14.9629,0.238118
"batx","thebatx",2026,18036,"Jake Cronenworth","SDP",492.612,569.382,116.73,65.7485,15.4853,59.4217,4.56659,0.23696
"batx","thebatx",2026,18042,"Dylan Moore","PHI",105.134,119.163,21.9567,15.5406,4.13806,12.2223,6.0347,0.208844
"batx","thebatx",2026,18054,"Sam Haggerty","TEX",188.348,210.018,45.3141,25.8757,2.60869,15.1191,11.2057,0.240586
"batx","thebatx",2026,18067,"Garrett Stubbs","PHI",29.8676,33.112,6.16286,3.09575,0.380997,2.45112,0.565197,0.206339
"batx","thebatx",2026,18123,"Nathan Lukes","TOR",365.46,405.034,92.5514,44.1253,6.62568,36.9278,4.0347,0.253246
"batx","thebatx",2026,18126,"LaMonte Wade Jr.","CHW",128.312,150.549,28.0499,15.9487,4.25537,14.8414,0.652221,0.218607
"batx","thebatx",2026,18217,"Brett Sullivan","COL",15.4566,16.706,3.45215,1.5374,0.23854,1.60742,0.162168,0.223345
"batx","thebatx",2026,18314,"Dansby Swanson","CHC",554.993,619.069,136.177,77.4519,21.7678,74.9021,14.8707,0.245367
"batx","thebatx",2026,18345,"Kyle Tucker","LAD",523.781,614.283,140.814,94.629,28.3858,85.849,17.0781,0.268841
"batx","thebatx",2026,18360,"Austin Riley","ATL",555.282,616.717,143.577,81.344,29.0431,89.196,2.31442,0.258565
"batx","thebatx",2026,18363,"Victor Robles","SEA",319.704,359.065,74.7264,44.4339,6.68806,27.5669,18.5889,0.233736
"batx","thebatx",2026,18373,"Ryan Mountcastle","BAL",171.404,186.602,44.3198,21.8525,5.96156,21.9831,0.934524,0.258569
"batx","thebatx",2026,18400,"Juan Yepez","TOR",31.4913,34.393,7.44481,3.23683,0.80829,3.77315,0.16082,0.236408
"batx","thebatx",2026,18401,"Ronald Acuña Jr.","ATL",529.255,623.328,147.079,101.199,28.9371,82.9905,25.8739,0.277898
"batx","thebatx",2026,18564,"Trent Grisham","NYY",440.955,520.044,98.2019,68.0354,24.7494,65.1931,5.34275,0.222703
"batx","thebatx",2026,18568,"Luis Arraez","SFG",559.36,606.362,164.592,64.5104,0,51.7158,7.90003,0.294251
"batx","thebatx",2026,18577,"Ke'Bryan Hayes","CIN",456.61,495.952,110.077,50.9942,8.27463,45.1059,9.55291,0.241075
"batx","thebatx",2026,18795,"Ramón Urías",,196.226,216.255,46.8653,23.8662,6.35183,24.4488,1.35627,0.238834
"batx","thebatx",2026,18819,"Andy Ibáñez","ATH",162.79,177.225,39.3706,19.275,4.27865,17.9983,2.37156,0.241848
"batx","thebatx",2026,18821,"José Azocar","ATL",18.3576,19.737,4.29036,2.18748,0.166574,1.37122,0.850457,0.23371
"batx","thebatx",2026,18839,"Josh Naylor","SEA",539.915,603.181,134.688,69.7057,19.9129,73.5913,12.6708,0.249462
"batx","thebatx",2026,18848,"Yohel Pozo","STL",159.806,167.687,37.2422,13.6009,3.28463,17.6417,0.101737,0.233047
"batx","thebatx",2026,18872,"Jahmai Jones","DET",125.229,142.494,30.4926,17.8587,4.65566,15.3682,3.0735,0.243495
"batx","thebatx",2026,18882,"Brandon Lowe","PIT",475.496,530.831,113.103,61.6595,20.7125,70.0184,4.01991,0.237863
"batx","thebatx",2026,18900,"Leody Taveras","BAL",70.8664,77.254,16.857,9.62154,2.26922,7.59558,3.13937,0.23787
"batx","thebatx",2026,19197,"Will Smith","LAD",428.489,501.104,115.817,73.0172,24.2047,73.2527,2.8572,0.270291
"batx","thebatx",2026,19238,"Lourdes Gurriel Jr.","ARI",247.601,268.622,65.7645,31.701,7.98548,33.813,3.53432,0.265607
"batx","thebatx",2026,19251,"Pete Alonso","BAL",569.5,649.529,142.89,86.7122,36.891,98.5838,2.45193,0.250904
"batx","thebatx",2026,19260,"Jake Fraley","TBR",313.128,349.381,73.7332,40.0572,7.05747,32.7419,12.411,0.235473
"batx","thebatx",2026,19262,"Garrett Hampson","CIN",53.2503,59.239,11.4921,6.10391,0.7898,4.06065,1.85161,0.215813
"batx","thebatx",2026,19287,"Adolis García","PHI",496.787,543.99,115.891,64.455,22.877,72.0733,9.66566,0.23328
"batx","thebatx",2026,19290,"Randy Arozarena","SEA",562.024,648.668,130.498,87.4322,24.0041,73.6255,23.4462,0.232192
"batx","thebatx",2026,19296,"Alex Call","LAD",155.231,178.303,36.3674,21.562,3.50626,16.1128,3.08597,0.23428
"batx","thebatx",2026,19318,"Matt Thaiss","BOS",16.5918,19.179,3.51293,1.92634,0.417952,1.82911,0.123932,0.211727
"batx","thebatx",2026,19326,"Bryan Reynolds","PIT",561.045,630.458,144.349,74.7917,16.6964,72.4976,5.9149,0.257287
"batx","thebatx",2026,19331,"Jose Rojas","NYM",5.58533,6.124,1.08773,0.591248,0.189482,0.665393,0.0531871,0.194748
"batx","thebatx",2026,19339,"Nicky Lopez","COL",37.7382,42.056,9.42495,4.29768,0.0351739,2.82601,0.903427,0.249745
"batx","thebatx",2026,19346,"Eli White","ATL",107.865,116.745,25.9418,14.957,3.07867,11.4664,4.25055,0.240504
"batx","thebatx",2026,19352,"Sean Murphy","ATL",282.827,323.886,62.7768,37.2376,12.5316,41.0021,0.0895432,0.221962
"batx","thebatx",2026,19354,"Luke Raley","SEA",234.257,266.693,51.2929,31.3199,9.07809,29.1982,5.44423,0.21896
"batx","thebatx",2026,19358,"Weston Wilson","BAL",26.9949,29.941,5.58244,3.3785,0.846735,2.83463,0.80936,0.206796
"batx","thebatx",2026,19363,"Austin Hays","CHW",407.745,445.57,97.9882,47.2843,13.1388,48.9379,3.31104,0.240317
"batx","thebatx",2026,19392,"Zach McKinstry","DET",380.31,424.07,88.5444,51.186,8.05866,36.0597,15.2547,0.232822
"batx","thebatx",2026,19452,"Jake Rogers","DET",172.832,192.934,35.6343,19.2361,6.11752,21.1203,0.693855,0.206179
"batx","thebatx",2026,19455,"Andruw Monasterio","BOS",82.6082,91.356,19.543,10.0886,2.34706,9.60896,2.04468,0.236575
"batx","thebatx",2026,19470,"Tommy Edman","LAD",402.147,440.221,98.2461,54.9097,10.8784,46.2072,9.71037,0.244304
"batx","thebatx",2026,19514,"Andrew Knizner","SEA",118.519,131.362,24.6147,11.3073,2.03074,11.3775,0.444287,0.207685
"batx","thebatx",2026,19522,"TJ Friedl","CIN",489.608,566.916,113.206,63.2261,11.7783,47.9939,11.0824,0.231217
"batx","thebatx",2026,19556,"Yordan Alvarez","HOU",464.452,545.636,135.333,82.0379,32.6084,89.9541,3.31583,0.291383
"batx","thebatx",2026,19599,"Chas McCormick","CHC",102.112,114.51,22.0801,12.7658,3.01754,10.5155,3.50731,0.216235
"batx","thebatx",2026,19608,"Otto Lopez","MIA",505.145,550.941,138.076,65.2776,11.5807,58.4751,16.4787,0.273338
"batx","thebatx",2026,19610,"Keibert Ruiz","WSN",312.25,336.405,71.4076,27.1428,6.12991,35.1572,1.02997,0.228687
"batx","thebatx",2026,19611,"Vladimir Guerrero Jr.","TOR",578.936,663.068,172.952,97.3756,31.5717,97.7265,5.67897,0.29874
"batx","thebatx",2026,19612,"Bo Bichette","NYM",555.179,598.095,157.772,72.9659,17.151,71.3479,5.56621,0.284181
"batx","thebatx",2026,19627,"Brent Rooker","ATH",562.886,635.188,149.958,89.2156,34.0497,93.9516,6.53335,0.266409
"batx","thebatx",2026,19709,"Fernando Tatis Jr.","SDP",563.289,643.771,153.453,98.4467,28.9941,84.4883,23.0462,0.272424
"batx","thebatx",2026,19722,"Carlos Narváez","BOS",370.814,414.108,83.2489,42.9869,13.178,48.2095,2.64061,0.224503
"batx","thebatx",2026,19734,"Josh Rojas","KCR",84.5393,95.131,19.5947,10.5621,2.00288,9.37767,1.96557,0.231782
"batx","thebatx",2026,19755,"Shohei Ohtani","LAD",555.603,655.805,158.284,120.598,47.3904,118.387,25.15,0.284887
"batx","thebatx",2026,19779,"Dairon Blanco","KCR",47.1193,51.657,10.8615,7.00722,1.05951,3.76008,4.55486,0.230511
"batx","thebatx",2026,19802,"Jhonny Pereda","SEA",23.1118,25.588,4.86814,2.16256,0.290444,2.13281,0.0139506,0.210635
"batx","thebatx",2026,19806,"Jason Delay","BOS",15.6151,16.917,3.3755,1.40563,0.200526,1.45008,0.0803507,0.216169
"batx","thebatx",2026,19844,"Abraham Toro","KCR",29.9068,32.769,6.99605,3.40994,0.68149,3.43474,0.334142,0.233928
"batx","thebatx",2026,19864,"Riley Adams","WSN",97.4679,107.974,20.0238,9.97066,3.1628,11.9192,0.308277,0.20544
"batx","thebatx",2026,19877,"Tristan Gray","MIN",67.9032,73.883,13.7961,6.75042,1.86879,7.40006,0.263752,0.203173
"batx","thebatx",2026,19890,"Emmanuel Rivera",,12.1619,13.296,2.82637,1.30795,0.22524,1.24052,0.0419562,0.232395
"batx","thebatx",2026,19892,"Pavin Smith","ARI",345.685,394.345,80.1702,44.5295,11.2922,45.351,2.03112,0.231917
"batx","thebatx",2026,19896,"Connor Wong","BOS",203.333,222.662,46.8704,23.5964,5.2356,21.8524,4.06184,0.23051
"batx","thebatx",2026,19901,"Gavin Sheets","SDP",428.971,475.12,102.003,51.6009,14.3035,54.0212,1.97899,0.237784
"batx","thebatx",2026,19913,"Jesús Sánchez","TOR",391.002,434.369,96.4517,56.1878,16.4631,52.4197,8.81013,0.246678
"batx","thebatx",2026,19918,"Daulton Varsho","TOR",482.481,534.881,106.343,68.1863,25.7334,70.3069,9.5416,0.220408
"batx","thebatx",2026,19921,"Blake Perkins","MIL",202.925,227.217,43.83,24.189,3.77358,19.2646,7.57469,0.215991
"batx","thebatx",2026,19931,"Luke Williams","ATL",25.2814,27.378,5.19482,2.97397,0.472502,2.22087,1.02868,0.20548
"batx","thebatx",2026,19948,"Cristian Pache","NYM",13.4638,14.776,2.69081,1.47487,0.277124,1.17073,0.229257,0.199855
"batx","thebatx",2026,19950,"Andrés Giménez","TOR",499.736,550.335,121.604,63.7698,8.26887,45.5396,21.8677,0.243335
"batx","thebatx",2026,19953,"Josh Lowe","LAA",422.516,466.099,96.8901,55.9723,12.0495,43.1125,20.6417,0.229317
"batx","thebatx",2026,19955,"Gavin Lux","TBR",393.97,442.729,99.5051,48.4068,6.73356,42.4966,3.89349,0.25257
"batx","thebatx",2026,19956,"Mickey Moniak","COL",440.882,475.808,112.061,61.3135,20.0713,66.7726,9.41989,0.254175
"batx","thebatx",2026,19960,"Taylor Trammell","HOU",45.0626,51.008,9.24737,5.90828,1.46052,4.86032,1.23428,0.205212
"batx","thebatx",2026,19997,"Santiago Espinal","LAD",171.53,187.863,42.8465,19.4288,2.74353,16.8812,2.57242,0.249791
"batx","thebatx",2026,20002,"Bryce Johnson","SDP",164.774,183.644,35.6894,18.5856,1.46842,10.8912,6.5,0.216596
"batx","thebatx",2026,20017,"Miles Mastrobuoni","SEA",48.5589,54.088,11.1483,5.52306,0.392272,3.82089,1.96977,0.229584
"batx","thebatx",2026,20036,"Isaac Paredes","HOU",418.535,485.403,97.5731,57.0278,17.7687,56.2256,0.92019,0.23313
"batx","thebatx",2026,20043,"Luis Robert Jr.","NYM",462.488,509.851,108.043,69.5572,18.4986,53.8022,28.613,0.233613
"batx","thebatx",2026,20084,"J.C. Escarra","NYY",132.348,147.756,27.4701,13.6407,2.59663,12.7977,0.884441,0.207559
"batx","thebatx",2026,20123,"Juan Soto","NYM",543.706,672.852,146.939,106.617,38.0099,98.7916,16.4351,0.270254
"batx","thebatx",2026,20126,"Dylan Carlson","CHC",79.9575,90.369,17.8561,9.6415,1.92816,8.8462,0.952957,0.22332
"batx","thebatx",2026,20178,"Miguel Vargas","CHW",509.308,575.509,124.188,69.0901,22.0683,69.952,7.16221,0.243836
"batx","thebatx",2026,20202,"Brandon Marsh","PHI",411.257,463.819,101.529,55.6768,11.0095,46.4762,9.75989,0.246875
"batx","thebatx",2026,20220,"Jo Adell","LAA",507.342,558.128,120.088,71.1708,29.9893,78.4037,9.83398,0.2367
"batx","thebatx",2026,20287,"Ben Rortvedt","NYM",26.3349,29.484,5.05252,2.72044,0.462161,2.48224,0.0805255,0.191857
"batx","thebatx",2026,20308,"Jake Meyers","HOU",400.225,444.48,99.8973,52.1775,9.71545,42.8504,10.2747,0.249603
"batx","thebatx",2026,20321,"Stuart Fairchild","CLE",26.9577,30.219,5.79534,3.33214,0.697425,2.54473,0.997343,0.214979
"batx","thebatx",2026,20352,"Ernie Clement","TOR",501.152,536.851,127.093,57.8998,10.0198,52.1691,10.1248,0.253601
"batx","thebatx",2026,20391,"Luis García Jr.","WSN",465.693,500.957,123.106,56.15,14.2813,60.9427,13.2423,0.264351
"batx","thebatx",2026,20404,"Jared Young","NYM",41.9925,46.657,9.18534,4.94514,1.28974,4.76543,0.626633,0.218738
"batx","thebatx",2026,20437,"Royce Lewis","MIN",430.476,469.943,101.313,53.7615,15.9715,54.1594,8.98264,0.235352
"batx","thebatx",2026,20454,"Jazz Chisholm Jr.","NYY",521.333,587.452,121.513,84.5964,26.6688,68.5587,31.1602,0.233082
"batx","thebatx",2026,20503,"William Contreras","MIL",524.979,601.323,137.99,71.7889,20.9557,81.4214,5.23674,0.262848
"batx","thebatx",2026,20505,"Drew Waters","KCR",48.0811,52.532,10.5754,5.63756,0.848592,4.63277,1.31653,0.21995
"batx","thebatx",2026,20521,"Nick Madrigal","LAA",54.0382,58.703,13.9105,5.76195,0.162633,4.18759,1.34352,0.25742
"batx","thebatx",2026,20529,"Nolan Jones","CLE",119.699,136.403,26.9,15.289,3.3676,13.0579,2.84224,0.22473
"batx","thebatx",2026,20536,"Vidal Bruján","NYM",37.9946,41.684,8.1396,4.25283,0.493851,3.15143,1.41837,0.214231
"batx","thebatx",2026,20538,"Jose Miranda","SDP",63.2172,68.138,14.3798,6.44417,1.6347,7.09751,0.205994,0.227466
"batx","thebatx",2026,20572,"Kody Clemens","MIN",267.78,294.642,62.0333,35.3247,12.6433,37.6567,3.45081,0.231658
"batx","thebatx",2026,20599,"Iván Herrera","STL",461.013,523.432,122.463,65.5282,17.4305,62.2429,6.72508,0.26564
"batx","thebatx",2026,21009,"Leo Rivas","SEA",125.207,145.749,27.0627,15.9632,1.81586,9.67305,5.59532,0.216145
"batx","thebatx",2026,21454,"Lars Nootbaar","STL",453.72,522.966,110.439,63.2148,17.9582,61.0291,5.74829,0.243409
"batx","thebatx",2026,21479,"Nico Hoerner","CHC",546.747,596.818,150.908,71.8826,5.44655,53.2041,24.8433,0.27601
"batx","thebatx",2026,21489,"Hayden Senger","NYM",16.5167,17.891,3.28522,1.50436,0.277237,1.44217,0.0865341,0.198903
"batx","thebatx",2026,21496,"Brandon Lockridge","MIL",59.8632,65.602,13.8651,6.84934,0.48746,4.5353,3.32956,0.231612
"batx","thebatx",2026,21497,"Luken Baker","ARI",7.18824,8.031,1.52886,0.825785,0.264377,0.985021,0.00449291,0.212689
"batx","thebatx",2026,21501,"Trevor Larnach","MIN",395.209,448.061,97.5588,51.66,12.6991,49.2928,3.86922,0.246854
"batx","thebatx",2026,21523,"Jonathan India","KCR",448.429,519.228,110.363,63.3479,12.9382,55.2735,8.3522,0.24611
"batx","thebatx",2026,21524,"Joey Bart","PIT",285.001,321.889,67.7057,35.2833,9.23796,35.8618,0.809482,0.237563
"batx","thebatx",2026,21534,"Cal Raleigh","SEA",538.608,623.67,120.754,81.8776,38.9934,103.32,7.21034,0.224197
"batx","thebatx",2026,21538,"Nick Fortes","TBR",279.592,307.068,60.6535,27.5647,6.31654,28.2036,2.05781,0.216935
"batx","thebatx",2026,21558,"Matt Vierling","DET",226.253,250.325,55.2555,27.8349,6.46399,26.3976,2.91996,0.24422
"batx","thebatx",2026,21562,"Romy Gonzalez","BOS",278.5,302.126,74.0681,38.5806,9.98216,36.6763,9.09273,0.265954
"batx","thebatx",2026,21587,"César Salazar","HOU",126.081,142.271,25.7246,12.6087,2.08085,11.7073,0.618952,0.204033
"batx","thebatx",2026,21614,"Kyle Isbel","KCR",389.483,430.793,87.8616,46.127,6.1476,32.8278,9.74325,0.225585
"batx","thebatx",2026,21618,"Alec Bohm","PHI",511.168,556.656,138.701,61.6502,13.7739,66.5861,2.45905,0.271342
"batx","thebatx",2026,21622,"Jake McCarthy","COL",323.583,357.39,85.5426,45.3537,4.78166,30.1295,16.6631,0.26436
"batx","thebatx",2026,21626,"Griffin Conine","MIA",304.204,338.209,63.3143,31.6573,8.79,35.5393,0.831487,0.208131
"batx","thebatx",2026,21636,"Jeremy Peña","HOU",573.071,628.197,155.888,80.5108,17.4735,69.002,17.4022,0.272023
"batx","thebatx",2026,21646,"Rafael Marchán","PHI",149.922,165.749,33.4177,15.1742,2.3208,15.1063,0.728733,0.2229
"batx","thebatx",2026,21693,"Miguel Amaya","CHC",255.814,284.77,57.0876,27.667,6.86192,29.2553,0.49989,0.22316
"batx","thebatx",2026,21707,"Oswaldo Cabrera","NYY",171.772,189.67,37.2684,18.5313,3.30128,15.8135,3.06659,0.216964
"batx","thebatx",2026,21711,"Oneil Cruz","PIT",466.284,526.089,113.687,76.9037,24.3043,69.3667,24.6258,0.243814
"batx","thebatx",2026,21716,"Enmanuel Valdez","PIT",26.9437,29.899,6.14416,3.14787,0.912479,3.45722,0.276058,0.228037
"batx","thebatx",2026,21735,"Sebastián Rivero","LAA",25.3051,27.173,5.06321,2.0742,0.502605,2.34821,0.130477,0.200086
"batx","thebatx",2026,21746,"José Fermín","STL",198.583,224.405,47.9839,24.2583,3.11274,18.4945,6.51534,0.241632
"batx","thebatx",2026,21780,"Esteury Ruiz","MIA",79.9786,88.548,18.7643,11.4106,1.54476,6.59509,7.33263,0.234617
"batx","thebatx",2026,21797,"Andrés Chaparro","WSN",260.771,286.53,58.239,26.5856,8.68199,34.1061,0.887926,0.223333
"batx","thebatx",2026,21837,"Jonathan Aranda","TBR",493.158,559.319,127.031,66.0679,20.9112,75.2591,0.811263,0.257587
"batx","thebatx",2026,21840,"Freddy Fermin","SDP",380.439,414.616,87.0072,40.3566,8.33284,37.3745,2.39175,0.228702
"batx","thebatx",2026,21842,"Carlos Cortes","ATH",135.637,148.868,31.1509,15.7072,4.40143,16.5231,0.538445,0.229664
"batx","thebatx",2026,21853,"Will Benson","CIN",216.582,244.233,48.365,31.2331,9.78212,28.8447,7.4544,0.223311
"batx","thebatx",2026,21865,"Bo Naylor","CLE",394.522,447.313,83.6847,49.2727,15.8352,50.3501,5.0585,0.212116
"batx","thebatx",2026,21871,"Jerar Encarnacion","SFG",136.902,149.21,30.1809,15.447,4.43867,15.9717,1.01079,0.220456
"batx","thebatx",2026,21897,"Christopher Morel","MIA",292.573,327.545,64.9605,38.8595,13.0347,40.6259,6.80183,0.222032
"batx","thebatx",2026,22054,"Dane Myers","CIN",212.032,230.88,51.6499,26.4915,6.09751,23.1913,7.03774,0.243595
"batx","thebatx",2026,22165,"Ryan Vilade","TBR",104.657,114.455,23.499,11.0643,2.0953,10.9351,1.63219,0.224533
"batx","thebatx",2026,22168,"Akil Baddoo","MIL",36.2913,40.61,7.63872,4.48867,1.09549,4.17652,1.28675,0.210484
"batx","thebatx",2026,22184,"Mark Vientos","NYM",413.467,452.553,96.1031,49.5032,17.8204,57.1493,0.672191,0.232432
"batx","thebatx",2026,22186,"Brice Turang","MIL",563.542,630.682,143.581,77.1998,11.7468,59.028,30.9141,0.254784
"batx","thebatx",2026,22209,"Sam Huff","BAL",11.9308,12.946,2.29692,1.07073,0.310424,1.22839,6.8401e-05,0.192521
"batx","thebatx",2026,22217,"Luis Campusano","SDP",276.185,304.689,62.7572,29.4521,7.12179,30.9562,0.185464,0.227229
"batx","thebatx",2026,22232,"Mason McCoy","SDP",76.267,83.218,14.7695,7.83409,1.08594,5.55664,2.06858,0.193655
"batx","thebatx",2026,22239,"Jeremiah Jackson","BAL",192.936,206.183,45.1853,22.8061,5.53542,21.5214,3.69883,0.234198
"batx","thebatx",2026,22244,"Jack Suwinski","PIT",92.319,105.311,19.185,12.0526,3.54449,11.7835,2.08202,0.207812
"batx","thebatx",2026,22263,"Nolan Gorman","STL",433.276,486.567,88.9265,50.5482,18.4419,59.7459,3.66877,0.205242
"batx","thebatx",2026,22266,"Xavier Edwards","MIA",519.109,575.775,141.45,64.994,1.57374,40.2617,27.2073,0.272486
"batx","thebatx",2026,22274,"Samad Taylor","SDP",31.6387,35.013,7.01244,3.95776,0.477085,2.36561,1.60097,0.221641
"batx","thebatx",2026,22275,"Jake Burger","TEX",477.238,516.59,114.859,61.3346,25.502,73.6719,1.86805,0.240674
"batx","thebatx",2026,22277,"Nick Allen","HOU",142.661,156.77,30.7926,14.3341,0.844512,9.25994,3.69118,0.215845
"batx","thebatx",2026,22458,"Taylor Walls","TBR",295.339,331.343,63.956,37.4827,6.04287,27.401,15.2662,0.216551
"batx","thebatx",2026,22514,"Triston Casas","BOS",171.832,197.826,39.8905,21.7403,7.12848,25.4078,0.204543,0.232147
"batx","thebatx",2026,22515,"Heliot Ramos","SFG",548.196,606.931,140.561,77.3289,24.2693,76.8272,6.21517,0.256407
"batx","thebatx",2026,22530,"Johnathan Rodríguez","CLE",172.801,190.031,40.3522,18.9614,4.37761,19.3262,0.988442,0.233518
"batx","thebatx",2026,22532,"Tyler Freeman","COL",303.965,343.138,87.763,46.2498,6.33546,34.4247,14.2368,0.288728
"batx","thebatx",2026,22541,"George Valera","CLE",314.426,352.719,69.1162,37.2412,10.313,37.4605,2.59462,0.219817
"batx","thebatx",2026,22542,"Lawrence Butler","ATH",500.087,554.998,120.298,73.2533,22.1465,66.1618,15.2535,0.240555
"batx","thebatx",2026,22557,"Michael Siani","LAD",22.936,25.639,4.68328,2.87623,0.227498,1.54008,1.02447,0.204189
"batx","thebatx",2026,22558,"Jarred Kelenic","CHW",104.246,114.745,22.0793,12.0159,3.32886,11.5744,2.11039,0.211799
"batx","thebatx",2026,22563,"Gabriel Arias","CLE",398.288,432.252,89.4598,45.2183,11.1405,43.2783,8.45183,0.224611
"batx","thebatx",2026,22566,"Tirso Ornelas","SDP",91.7312,100.557,21.1441,10.1308,2.03593,9.77999,1.1485,0.230501
"batx","thebatx",2026,22581,"Alejandro Kirk","TOR",427.703,482.229,114.655,58.9778,17.9561,62.1313,0.195968,0.268071
"batx","thebatx",2026,22664,"Gabriel Moreno","ARI",390.578,437.029,107.366,52.5733,10.3886,51.233,3.85138,0.27489
"batx","thebatx",2026,22707,"Gustavo Campero","LAA",31.6691,35.104,7.41169,4.01793,0.71249,3.02231,1.30491,0.234035
"batx","thebatx",2026,22715,"Maikel Garcia","KCR",572.021,634.857,154.35,81.4164,12.8752,65.2114,24.5396,0.269832
"batx","thebatx",2026,22766,"Steward Berroa","MIL",20.9289,23.436,4.17784,2.49714,0.322475,1.56278,1.26129,0.199621
"batx","thebatx",2026,22799,"Geraldo Perdomo","ARI",545.024,640.329,138.725,79.8447,11.071,54.4056,17.7741,0.25453
"batx","thebatx",2026,22823,"Oswald Peraza","LAA",230.163,252.205,49.6338,27.8798,6.87416,23.2262,8.85743,0.215646
"batx","thebatx",2026,22857,"Wenceel Pérez","DET",411.956,456.358,95.5904,54.1573,11.7015,44.4424,11.5946,0.23204
"batx","thebatx",2026,22896,"Lenyn Sosa","CHW",389.383,415.048,94.8496,40.7439,12.3201,46.0176,2.20776,0.24359
"batx","thebatx",2026,23003,"Yainer Diaz","HOU",489.707,520.805,131.655,58.7636,17.6352,66.1099,1.50222,0.268844
"batx","thebatx",2026,23359,"Nelson Velázquez","STL",16.1043,17.788,3.67387,2.00334,0.667191,2.21047,0.222732,0.22813
"batx","thebatx",2026,23372,"Hunter Feduccia","TBR",227.501,254.556,48.0409,22.8768,4.26644,23.6845,0.411003,0.211168
"batx","thebatx",2026,23378,"José Barrero","BAL",10.2232,11.1,1.91409,1.02863,0.286159,0.944657,0.247018,0.187229
"batx","thebatx",2026,23395,"Eric Wagaman","MIN",110.7,119.774,27.446,13.1302,3.45075,13.6922,1.06383,0.247932
"batx","thebatx",2026,23401,"José Caballero","NYY",316.314,358.231,68.1368,48.8037,7.94682,24.6949,32.9015,0.215409
"batx","thebatx",2026,23565,"Davis Schneider","TOR",317.336,365.425,67.1384,44.2292,14.9537,44.6504,3.79112,0.211569
"batx","thebatx",2026,23690,"Brayan Rocchio","CLE",414.482,458.277,95.3704,47.4453,7.08639,38.8293,11.8453,0.230095
"batx","thebatx",2026,23691,"José Tena","WSN",212.349,230.688,51.2868,23.606,3.72204,20.9352,6.34914,0.241521
"batx","thebatx",2026,23695,"Everson Pereira","CHW",200.643,220.742,44.0337,24.0139,7.00736,23.1958,3.52505,0.219463
"batx","thebatx",2026,23697,"Julio Rodríguez","SEA",593.082,653.966,162.078,94.702,27.9207,86.7961,25.1763,0.273281
"batx","thebatx",2026,23698,"Ronny Mauricio","NYM",150.884,162.537,34.5589,17.8516,4.48514,16.8223,4.48095,0.229043
"batx","thebatx",2026,23733,"Ezequiel Duran","TEX",266.225,285.7,60.7901,30.9384,5.64765,25.0829,8.2705,0.228341
"batx","thebatx",2026,23772,"Wilyer Abreu","BOS",445.651,502.498,106.798,62.3648,22.1312,69.4891,8.37785,0.239644
"batx","thebatx",2026,23782,"Leo Jiménez","TOR",119.334,134.664,28.7088,15.0657,3.07675,13.5109,0.963668,0.240575
"batx","thebatx",2026,23789,"Blaze Alexander","BAL",278.55,312.21,61.2683,36.3619,7.50611,27.3353,6.51382,0.219955
"batx","thebatx",2026,23792,"Alek Thomas","ARI",399.2,434.533,95.9792,49.0234,9.50715,44.3897,8.24828,0.240429
"batx","thebatx",2026,23800,"Parker Meadows","DET",408.758,456.174,89.5361,54.5159,10.8218,39.6579,12.8923,0.219045
"batx","thebatx",2026,23802,"Anthony Seigler","BOS",19.9957,22.786,4.49901,2.45909,0.382589,2.08163,0.617125,0.224999
"batx","thebatx",2026,23818,"Ji Hwan Bae","NYM",27.5286,30.483,6.4005,3.47262,0.359665,2.19724,1.4884,0.232503
"batx","thebatx",2026,23917,"Jorbit Vivas","NYY",27.7018,31.086,6.16406,3.12555,0.393887,2.46125,0.581141,0.222515
"batx","thebatx",2026,23968,"Jorge Barrosa","ARI",149.383,164.113,33.6363,16.7703,2.08734,14.0483,3.59251,0.225168
"batx","thebatx",2026,23986,"Curtis Mead","CHW",98.2357,107.32,23.5652,11.1726,2.67967,10.9473,1.43608,0.239884
"batx","thebatx",2026,24064,"Ezequiel Tovar","COL",580.838,625.337,153.165,74.4754,20.5045,79.3391,9.63829,0.263696
"batx","thebatx",2026,24257,"Jhonkensy Noel","BAL",29.7304,32.15,6.31801,3.3629,1.25185,3.86702,0.0898072,0.21251
"batx","thebatx",2026,24262,"Ceddanne Rafaela","BOS",511.325,547.275,128.096,66.9597,16.1793,60.8824,20.3459,0.250518
"batx","thebatx",2026,24273,"Liover Peguero","PHI",31.0331,33.534,6.85486,3.44288,0.642532,3.08128,0.77164,0.220888
"batx","thebatx",2026,24336,"Johan Rojas","PHI",113.367,123.725,26.6281,14.395,1.63458,8.32801,6.5893,0.234885
"batx","thebatx",2026,24488,"Max Schuemann","NYY",76.6164,86.915,17.0003,9.39096,1.47307,6.77631,2.27686,0.221889
"batx","thebatx",2026,24496,"DaShawn Keirsey Jr.","ATL",31.1564,33.678,6.55304,3.43707,0.507319,2.61948,1.30598,0.210327
"batx","thebatx",2026,24589,"Richie Palacios","TBR",150.142,169.61,33.7369,17.8274,2.48726,14.063,4.43675,0.2247
"batx","thebatx",2026,24598,"Addison Barger","TOR",424.538,467.475,100.468,55.5403,17.0352,57.2181,4.18515,0.236652
"batx","thebatx",2026,24605,"Michael Helman","TEX",136.229,147.607,27.932,15.012,3.59389,13.3557,3.61027,0.205037
"batx","thebatx",2026,24610,"Steven Kwan","CLE",571.895,641.385,151.182,69.6026,4.21151,50.4126,16.2102,0.264353
"batx","thebatx",2026,24617,"Jarren Duran","BOS",546.718,608.395,143.184,82.4711,19.003,70.7025,24.4479,0.261898
"batx","thebatx",2026,24618,"Ryan Jeffers","MIN",440.967,501.194,104.099,56.4133,15.7845,54.9611,2.20758,0.236069
"batx","thebatx",2026,24622,"Ryan Fitzgerald","LAD",10.5792,11.651,2.19909,1.27203,0.273395,1.17347,0.136985,0.20787
"batx","thebatx",2026,24641,"Willie MacIver","TEX",34.9557,38.314,7.36736,3.71967,0.666328,3.26548,0.632697,0.210763
"batx","thebatx",2026,24679,"Brendan Donovan","SEA",484.819,548.143,127.981,62.8401,13.2155,61.2297,4.76488,0.263976
"batx","thebatx",2026,24703,"Jonah Bride","TEX",28.7354,32.71,6.16957,3.21072,0.56539,2.75677,0.10136,0.214703
"batx","thebatx",2026,24729,"Logan O'Hoppe","LAA",408.704,448.891,94.0869,49.6183,19.008,56.3516,2.69066,0.230208
"batx","thebatx",2026,24759,"Mickey Gasper","BOS",37.6971,42.425,8.64083,4.21982,0.848399,4.2528,0.30835,0.229218
"batx","thebatx",2026,24770,"James Outman","MIN",208.371,234.482,41.735,26.4066,7.21621,23.4753,4.79862,0.200292
"batx","thebatx",2026,24816,"Andy Pages","LAD",526.504,575.545,134.57,76.2317,22.167,76.1839,9.20537,0.255591
"batx","thebatx",2026,24878,"Heriberto Hernández","MIA",304.122,342.665,68.0316,37.0742,10.7223,38.3304,2.93896,0.223699
"batx","thebatx",2026,24934,"David Fry","CLE",208.714,232.848,46.6354,24.8218,7.78849,26.7721,1.89367,0.223441
"batx","thebatx",2026,25005,"Justin Dean","CHC",27.2158,29.956,5.53212,3.11255,0.357133,2.0415,1.4052,0.203269
"batx","thebatx",2026,25040,"Vinny Capra","BOS",16.2723,17.81,3.66342,1.65325,0.21953,1.5355,0.232995,0.225132
"batx","thebatx",2026,25055,"Nate Eaton","BOS",79.7885,86.741,17.7315,9.08365,1.41308,7.18903,3.16611,0.222231
"batx","thebatx",2026,25180,"Daniel Schneemann","CLE",203.34,227.669,44.863,25.0224,5.84843,22.0442,4.32515,0.22063
"batx","thebatx",2026,25332,"Endy Rodríguez","PIT",86.4805,95.078,20.426,9.53367,1.8106,9.87801,0.549553,0.236192
"batx","thebatx",2026,25346,"Ronny Simon","PIT",11.9156,13.1,2.82762,1.43059,0.182869,1.1002,0.42746,0.237304
"batx","thebatx",2026,25477,"Isaac Collins","KCR",344.852,395.73,82.9995,49.1642,7.64675,36.273,12.2881,0.240681
"batx","thebatx",2026,25479,"Brenton Doyle","COL",509.439,556.366,131.885,74.3962,19.6171,66.6949,20.679,0.258884
"batx","thebatx",2026,25483,"Nick Sogard","BOS",95.2583,106.019,22.0362,10.5052,1.16239,8.83774,2.26525,0.231331
"batx","thebatx",2026,25493,"Joey Ortiz","MIL",449.515,491.387,108.059,52.6199,9.95976,47.8211,12.4031,0.240389
"batx","thebatx",2026,25524,"Aaron Schunk","ATL",18.6855,19.982,4.13962,1.88039,0.295019,1.82735,0.212835,0.221542
"batx","thebatx",2026,25543,"Korey Lee","CHW",99.3101,106.335,21.4493,10.0256,2.5063,9.96761,1.30502,0.215983
"batx","thebatx",2026,25616,"Marco Luciano","NYY",18.3263,20.368,3.39651,1.88237,0.454966,1.78506,0.217555,0.185335
"batx","thebatx",2026,25621,"Bryan Ramos","STL",50.5987,55.193,11.1188,5.28874,1.17956,5.39106,0.785713,0.219746
"batx","thebatx",2026,25629,"Cody Freeman","TEX",177.551,190.948,41.5627,18.6255,3.48947,17.9954,2.52184,0.234089
"batx","thebatx",2026,25643,"Drew Millas","WSN",111.829,122.205,26.6533,11.2368,1.25368,10.4368,2.58538,0.23834
"batx","thebatx",2026,25690,"Grant McCray","SFG",60.8657,66.478,12.7436,7.34298,1.30421,5.41806,2.25879,0.209372
"batx","thebatx",2026,25705,"Dustin Harris","CHW",37.1054,40.873,8.3579,4.48101,0.826387,3.53124,1.54163,0.225247
"batx","thebatx",2026,25714,"Blaine Crim","COL",167.631,184.465,42.6458,20.008,5.31169,22.8665,0.584893,0.254403
"batx","thebatx",2026,25764,"Bobby Witt Jr.","KCR",595.432,655.975,173.548,103.609,30.9237,95.4987,36.3948,0.291465
"batx","thebatx",2026,25768,"CJ Abrams","WSN",551.919,607.462,134.914,73.4058,16.1136,63.1765,29.9102,0.244446
"batx","thebatx",2026,25779,"Tyler Tolbert","KCR",105.452,115.485,23.1634,13.0251,1.33952,7.48412,6.68424,0.219659
"batx","thebatx",2026,25782,"Pedro Pagés","STL",296.334,322.518,64.3071,28.3545,7.87671,33.1575,0.541708,0.217009
"batx","thebatx",2026,25805,"Blake Sabol","TBR",11.7685,13.034,2.48204,1.32782,0.357642,1.35748,0.161785,0.210906
"batx","thebatx",2026,25807,"Jared Triolo","PIT",442.896,497.881,107.678,56.8436,9.17583,46.5076,11.9228,0.243123
"batx","thebatx",2026,25816,"Shea Langeliers","ATH",478.221,526.114,122.312,71.2621,28.7077,76.7664,5.88015,0.255763
"batx","thebatx",2026,25845,"Michael Toglia","CIN",62.3932,69.58,12.9462,7.54177,2.74162,8.46026,0.650133,0.207494
"batx","thebatx",2026,25867,"Ryan Kreidler","MIN",67.6572,75.459,12.8685,7.17854,1.16888,5.61491,1.81427,0.190201
"batx","thebatx",2026,25878,"Corbin Carroll","ARI",531.019,610.241,137.701,97.4382,25.8889,77.7293,34.3294,0.259314
"batx","thebatx",2026,25931,"Michael Harris II","ATL",528.091,566.062,137.939,72.3543,17.9225,66.8734,18.6515,0.261204
"batx","thebatx",2026,25961,"Kerry Carpenter","DET",433.06,476.093,108.189,60.3669,23.2119,68.0301,2.68521,0.249824
"batx","thebatx",2026,25967,"Orelvis Martinez","WSN",88.9034,97.484,17.8126,8.48042,3.03818,11.6702,0.237329,0.200359
"batx","thebatx",2026,25971,"Kevin Alcántara","CHC",69.8287,75.855,16.3868,8.10001,1.77873,7.79563,1.37049,0.234672
"batx","thebatx",2026,25976,"Riley Greene","DET",558.572,626.056,137.919,79.3376,26.5106,82.1411,3.57224,0.246915
"batx","thebatx",2026,25979,"Nasim Nuñez","WSN",280.901,314.304,64.2423,34.3917,3.34397,19.3811,20.5244,0.2287
"batx","thebatx",2026,25980,"Matthew Lugo","LAA",77.4099,83.104,16.9108,8.51871,2.12002,7.88744,1.81532,0.218458
"batx","thebatx",2026,25999,"Victor Mesa Jr.","TBR",40.9088,44.431,9.44183,4.37674,1.01509,4.73347,0.486694,0.230802
"batx","thebatx",2026,26031,"Vaughn Grissom","LAA",297.922,326.791,73.5995,33.4789,5.24159,29.467,5.62072,0.247043
"batx","thebatx",2026,26106,"Maverick Handley","BAL",12.2373,13.673,2.47127,1.32738,0.201243,1.02233,0.193673,0.201945
"batx","thebatx",2026,26121,"Francisco Alvarez","NYM",389.73,436.676,86.5723,47.8132,16.5028,52.5221,0.787863,0.222134
"batx","thebatx",2026,26123,"Brett Baty","NYM",409.785,452.207,96.2257,50.3478,15.104,51.499,3.72414,0.23482
"batx","thebatx",2026,26143,"Troy Johnston","COL",214.831,233.97,54.1423,26.2124,4.76556,24.7986,5.39348,0.252022
"batx","thebatx",2026,26148,"Tristin English","ATL",7.02569,7.543,1.57347,0.702618,0.155056,0.777781,0.0182944,0.223959
"batx","thebatx",2026,26149,"Dominic Fletcher","PIT",21.9707,23.834,4.8637,2.08916,0.314119,2.08292,0.194332,0.221372
"batx","thebatx",2026,26151,"Kyle Stowers","MIA",506.998,571.208,119.876,66.8648,23.9524,77.2521,3.70685,0.236443
"batx","thebatx",2026,26197,"Andrew Vaughn","MIL",480.013,527.737,122.95,57.9347,21.2345,78.316,0.505883,0.256138
"batx","thebatx",2026,26202,"Jake Mangum","PIT",288.344,307.058,76.4061,33.3899,0.997782,23.8671,11.5077,0.264982
"batx","thebatx",2026,26208,"Tyler Fitzgerald","SFG",98.1242,106.932,20.9532,11.6138,2.32351,9.18712,2.64978,0.213537
"batx","thebatx",2026,26224,"Darell Hernaiz","ATH",170.948,187.273,44.1003,20.5049,2.43119,16.2096,3.56136,0.257975
"batx","thebatx",2026,26284,"John Rave","KCR",117.328,130.647,25.1643,14.0118,2.38931,10.8726,3.12532,0.214479
"batx","thebatx",2026,26288,"Adley Rutschman","BAL",491.401,562.045,123.197,66.6546,17.5535,64.6285,0.93349,0.250706
"batx","thebatx",2026,26289,"Gunnar Henderson","BAL",578.761,654.891,154.873,93.5173,24.7164,79.7128,20.1644,0.267594
"batx","thebatx",2026,26294,"Bryson Stott","PHI",510.089,565.593,130.074,70.8138,13.5256,57.9337,22.3887,0.255002
"batx","thebatx",2026,26295,"Oliver Dunn","CHW",11.3338,12.602,2.21679,1.25273,0.201419,0.894399,0.314408,0.19559
"batx","thebatx",2026,26299,"Josh Jung","TEX",470.07,507.168,114.944,54.8074,15.8818,59.5124,3.62233,0.244526
"batx","thebatx",2026,26319,"Michael Busch","CHC",512.218,582.017,124.204,72.6462,24.2676,79.0584,2.99478,0.242482
"batx","thebatx",2026,26323,"Spencer Steer","CIN",395.407,446.627,91.5409,51.6223,13.6259,47.863,8.00375,0.231511
"batx","thebatx",2026,26365,"Jonny DeLuca","TBR",252.847,275.774,58.5663,30.5712,6.06503,26.5677,8.71079,0.231628
"batx","thebatx",2026,26368,"JJ Bleday","CIN",284.697,321.681,64.66,36.9985,13.3037,40.9203,2.03366,0.227119
"batx","thebatx",2026,26374,"Kameron Misner","KCR",58.8585,65.929,12.043,7.36821,1.50248,6.01163,1.82498,0.20461
"batx","thebatx",2026,26396,"Josh Smith","TEX",434.377,496.159,101.583,54.8526,8.55276,42.5439,8.89618,0.23386
"batx","thebatx",2026,26420,"Kyren Paris","LAA",75.109,83.893,15.1468,9.46035,2.2824,7.24626,3.14253,0.201665
"batx","thebatx",2026,26438,"Dominic Canzone","SEA",370.546,405.601,86.4444,43.0964,14.1175,50.7264,3.31657,0.233289
"batx","thebatx",2026,26466,"Matt Wallner","MIN",418.259,481.111,91.5661,60.8569,22.3347,62.9985,4.11737,0.218922
"batx","thebatx",2026,26467,"Luis Matos","SFG",152.681,164.362,37.9773,18.9917,5.18419,18.6188,2.55291,0.248737
"batx","thebatx",2026,26469,"Davis Wendzel","PIT",15.3772,16.889,3.15852,1.48388,0.364724,1.66079,0.0761446,0.205402
"batx","thebatx",2026,26477,"Spencer Horwitz","PIT",418.045,474.729,104.067,51.0918,10.13,50.7314,1.66098,0.248937
"batx","thebatx",2026,26517,"Noelvi Marte","CIN",469.354,508.13,116.801,61.0137,16.8523,58.4571,14.0916,0.248855
"batx","thebatx",2026,26536,"Warming Bernabel","WSN",100.309,106.899,27.4214,11.8437,2.15688,12.5053,1.29749,0.273368
"batx","thebatx",2026,26540,"Angel Martínez","CLE",248.613,272.908,56.9939,27.7695,5.86335,25.5146,4.66685,0.229248
"batx","thebatx",2026,26546,"Agustín Ramírez","MIA",466.844,511.818,115.144,58.6055,17.3487,63.5797,8.67341,0.246644
"batx","thebatx",2026,26548,"Luisangel Acuña","CHW",309.016,331.551,75.9327,36.5426,3.57826,24.3296,15.5073,0.245724
"batx","thebatx",2026,26599,"Jonatan Clase","TOR",35.0365,38.471,7.59404,4.59404,0.756724,3.15434,2.05406,0.216746
"batx","thebatx",2026,26668,"Elly De La Cruz","CIN",563.807,629.1,144.136,89.8374,21.1868,68.2923,39.6117,0.255648
"batx","thebatx",2026,27462,"Austin Martin","MIN",290.007,331.529,74.962,40.1341,3.60663,25.6073,11.5058,0.258483
"batx","thebatx",2026,27464,"Dillon Dingler","DET",378.138,411.996,91.2051,42.4301,10.8227,45.9337,1.568,0.241195
"batx","thebatx",2026,27465,"Spencer Torkelson","DET",531.911,608.332,121.891,70.9485,26.0063,79.5302,2.12326,0.229157
"batx","thebatx",2026,27467,"Tyler Soderstrom","ATH",523.479,584.465,133.65,75.0132,23.4262,74.1838,5.78,0.255312
"batx","thebatx",2026,27475,"Jordan Walker","STL",456.117,499.856,108.093,57.5211,17.4255,59.9804,7.73755,0.236984
"batx","thebatx",2026,27478,"Patrick Bailey","SFG",435.015,480.188,92.893,44.6748,9.49846,43.5908,1.68527,0.21354
"batx","thebatx",2026,27479,"Masyn Winn","STL",555.493,605.654,137.737,65.6887,11.9101,57.9685,12.0872,0.247955
"batx","thebatx",2026,27482,"Robert Hassell III","WSN",234.205,254.891,56.5237,25.114,4.38989,24.1605,5.30803,0.241343
"batx","thebatx",2026,27490,"Nick Gonzales","PIT",363.326,395.642,94.9328,42.6836,7.19727,42.2683,3.17079,0.261288
"batx","thebatx",2026,27493,"Rece Hinds","CIN",53.2874,57.364,11.743,6.50622,2.00589,6.48127,1.36435,0.220372
"batx","thebatx",2026,27496,"Owen Caissie","MIA",372.654,413.894,84.5127,42.2372,10.5651,43.603,4.49352,0.226786
"batx","thebatx",2026,27497,"Tyler Callihan","CIN",76.1943,84.036,16.6311,8.87383,2.01691,7.51232,2.35045,0.218273
"batx","thebatx",2026,27501,"Justin Foscue","TEX",51.638,56.912,11.1978,5.67412,1.38153,5.67928,0.540391,0.216852
"batx","thebatx",2026,27504,"Nick Yorke","PIT",127.264,138.109,31.9102,14.7287,2.19763,13.3218,3.06231,0.250741
"batx","thebatx",2026,27506,"Ha-Seong Kim","ATL",264.79,300.779,64.1475,38.6186,7.30095,27.8348,10.8372,0.242259
"batx","thebatx",2026,27531,"David Hamilton","MIL",192.898,211.817,40.1107,26.4392,4.64402,16.9465,17.2025,0.207938
"batx","thebatx",2026,27534,"Edouard Julien","COL",300.471,346.18,73.2718,40.4494,7.75577,35.3519,3.76937,0.243857
"batx","thebatx",2026,27555,"Garrett Mitchell","MIL",287.74,323.313,63.1956,36.5971,6.99569,28.8895,11.1476,0.219627
"batx","thebatx",2026,27562,"Austin Wells","NYY",397.799,444.426,86.0626,49.6717,17.6429,52.7545,3.25628,0.216347
"batx","thebatx",2026,27577,"Casey Schmitt","SFG",273.188,299.811,65.3653,34.0164,10.238,35.0105,2.00819,0.239268
"batx","thebatx",2026,27604,"Alika Williams","PIT",54.4904,59.375,12.5481,5.32998,0.695523,4.9757,0.566667,0.230281
"batx","thebatx",2026,27615,"Alec Burleson","STL",519.87,570.454,136.518,64.4308,20.3817,73.4055,4.68437,0.262599
"batx","thebatx",2026,27630,"Nick Loftin","KCR",126.325,139.275,29.7673,14.4463,2.51729,13.6561,1.71785,0.235639
"batx","thebatx",2026,27647,"Anthony Volpe","NYY",407.408,448.027,93.4693,53.4269,12.5811,44.2315,15.5774,0.229424
"batx","thebatx",2026,27653,"Christian Koss","SFG",109.934,118.729,25.6384,12.4778,1.89199,9.67523,2.48331,0.233216
"batx","thebatx",2026,27676,"Vinnie Pasquantino","KCR",561.283,626.843,144.119,72.9265,23.5035,85.935,0.776784,0.256768
"batx","thebatx",2026,27684,"Michael Massey","KCR",290.64,314.049,68.4653,31.9414,9.22658,37.6024,2.17775,0.235567
"batx","thebatx",2026,27690,"Joey Wiemer","WSN",108.784,120.3,22.8483,11.9934,3.27689,12.6541,2.06246,0.210034
"batx","thebatx",2026,27735,"Brett Wisely","ATL",47.9397,52.827,10.2231,4.98973,0.776553,4.50542,0.932865,0.213249
"batx","thebatx",2026,27763,"Drew Romo","CHW",25.7996,27.812,5.44065,2.42502,0.538343,2.49335,0.244399,0.210881
"batx","thebatx",2026,27769,"Pete Crow-Armstrong","CHC",558.278,614.49,135.964,86.5611,21.976,66.3062,34.9185,0.243542
"batx","thebatx",2026,27770,"Zac Veen","COL",105.037,115.481,25.2156,13.5909,2.48099,11.3762,4.40644,0.240064
"batx","thebatx",2026,27781,"Pedro León","PHI",23.1069,25.382,4.68764,2.66705,0.658735,2.36115,0.741128,0.202867
"batx","thebatx",2026,27789,"Shay Whitcomb","HOU",31.554,34.29,6.53688,3.57663,1.04655,3.5477,0.682296,0.207165
"batx","thebatx",2026,27790,"Evan Carter","TEX",360.213,406.476,84.495,50.6859,9.65254,37.086,15.071,0.23457
"batx","thebatx",2026,27815,"Jordan Westburg","BAL",504.95,552.393,131.231,73.1027,22.0385,69.3356,6.95777,0.259889
"batx","thebatx",2026,27845,"Matt Mervis","WSN",40.4299,44.382,8.04142,3.9292,1.48056,5.28069,0.214418,0.198898
"batx","thebatx",2026,27883,"Thomas Saggese","STL",296.843,321.443,72.044,32.1219,5.83879,31.2957,3.74104,0.242701
"batx","thebatx",2026,27899,"Colt Keith","DET",428.247,477.188,108.412,57.0202,13.2025,52.6635,3.55896,0.253152
"batx","thebatx",2026,27915,"Alejandro Osuna","TEX",91.9598,103.258,21.9414,11.6758,1.75928,8.72623,3.04087,0.238598
"batx","thebatx",2026,27931,"Petey Halpin","CLE",37.3281,40.643,7.97605,3.88604,0.799391,3.7275,0.646198,0.213674
"batx","thebatx",2026,27962,"Adael Amador","COL",157.178,175.252,38.7452,20.3741,3.28776,16.6924,5.65422,0.246506
"batx","thebatx",2026,27963,"Maximo Acosta","MIA",80.8288,87.83,18.9356,9.60675,1.84154,8.41475,3.04701,0.234267
"batx","thebatx",2026,28022,"Edgar Quero","CHW",377.69,422.208,95.337,43.0817,8.14532,41.6065,0.671617,0.252421
"batx","thebatx",2026,28080,"Jasson Domínguez","NYY",237.518,265.818,56.5367,34.5406,8.63274,27.361,10.7965,0.238031
"batx","thebatx",2026,28142,"Jhostynxon Garcia","PIT",238.886,259.786,55.5294,27.4376,7.05905,28.8017,3.44961,0.232452
"batx","thebatx",2026,28163,"Junior Caminero","TBR",574.802,625.751,154.289,80.6206,35.6154,103.512,4.63516,0.268421
"batx","thebatx",2026,28253,"Javier Sanoja","MIA",225.108,242.038,60.737,27.0888,3.38519,23.3672,7.28827,0.269813
"batx","thebatx",2026,28312,"Coby Mayo","BAL",72.7722,80.845,16.1548,9.36327,2.96625,9.37578,0.587127,0.221992
"batx","thebatx",2026,28344,"Tsung-Che Cheng","BOS",24.9317,27.84,5.38808,2.61693,0.351465,1.91584,0.800839,0.216114
"batx","thebatx",2026,28552,"Yanquiel Fernández","NYY",57.2522,61.786,12.4432,5.60167,1.53541,6.35802,0.0980789,0.21734
"batx","thebatx",2026,28806,"Jackson Chourio","MIL",575.685,625.404,154.757,80.4464,21.1654,81.541,24.4044,0.268823
"batx","thebatx",2026,28816,"Denzer Guzman","LAA",42.4986,46.37,8.94869,4.53358,1.24787,4.44506,0.679658,0.210565
"batx","thebatx",2026,28820,"Moisés Ballesteros","CHC",310.382,343.009,78.935,36.9701,8.1034,38.8195,1.24022,0.254315
"batx","thebatx",2026,28824,"Samuel Basallo","BAL",384.655,421.912,90.9771,47.431,15.4544,51.0367,2.94033,0.236516
"batx","thebatx",2026,29478,"Carter Jensen","KCR",346.261,388.093,82.17,45.9966,11.1905,44.2054,4.64565,0.237307
"batx","thebatx",2026,29487,"Blake Dunn","CIN",41.9121,47.146,9.557,5.15651,0.816386,3.60312,1.41775,0.228025
"batx","thebatx",2026,29490,"Jackson Merrill","SDP",553.067,605.195,150.068,76.6097,22.4402,78.6764,9.11413,0.271339
"batx","thebatx",2026,29518,"James Wood","WSN",548.029,627.571,141.248,81.4925,22.5894,78.4828,17.2795,0.257739
"batx","thebatx",2026,29524,"Bryce Teodosio","LAA",184.894,199.889,37.616,19.618,2.61945,13.061,7.67643,0.203447
"batx","thebatx",2026,29547,"Ryan Bliss","SEA",95.2141,105.001,20.3231,12.6924,2.10576,8.29337,6.19548,0.213446
"batx","thebatx",2026,29554,"Adrian Del Castillo","ARI",234.804,259.416,53.1614,26.9816,7.71907,31.533,0.503063,0.226407
"batx","thebatx",2026,29571,"Tim Tawa","ARI",152.329,166.637,34.6758,18.1683,4.10842,17.5531,2.94653,0.227637
"batx","thebatx",2026,29573,"Billy Cook","PIT",22.3709,24.388,4.78824,2.44812,0.534562,2.28801,0.559678,0.214038
"batx","thebatx",2026,29575,"Trey Sweeney","DET",87.1931,96.032,18.2237,10.4386,2.45511,9.1611,1.73851,0.209003
"batx","thebatx",2026,29576,"Ben Rice","NYY",471.592,537.004,117.311,72.3916,25.5248,71.1226,5.01963,0.248755
"batx","thebatx",2026,29591,"Colton Cowser","BAL",457.726,516.566,104.805,66.331,21.0639,62.5969,11.0023,0.228969
"batx","thebatx",2026,29592,"Connor Norby","MIA",388.366,424.348,94.5475,46.8568,11.0537,46.9115,7.5478,0.243449
"batx","thebatx",2026,29606,"Justyn-Henry Malloy","TBR",181.881,208.773,42.7425,23.0234,5.76138,22.9876,1.26013,0.235002
"batx","thebatx",2026,29617,"Henry Davis","PIT",246.002,274.807,53.497,29.6339,8.26802,29.3896,3.74757,0.217465
"batx","thebatx",2026,29622,"Sal Frelick","MIL",497.511,552.537,124.491,60.5857,6.07853,47.6766,16.6131,0.250228
"batx","thebatx",2026,29630,"Joey Loperfido","HOU",147.172,161.352,33.1031,17.3774,2.98036,13.8464,3.11968,0.224928
"batx","thebatx",2026,29634,"Will Wagner","SDP",116.788,129.372,28.4635,13.0208,1.63376,11.4968,0.878449,0.24372
"batx","thebatx",2026,29646,"Caleb Durbin","BOS",476.181,529.31,118.954,60.8934,8.61191,47.8524,18.5999,0.24981
"batx","thebatx",2026,29668,"Marcelo Mayer","BOS",368.62,403.31,90.2142,43.5832,9.60233,44.6689,6.46488,0.244735
"batx","thebatx",2026,29695,"Matt McLain","CIN",460.55,517.509,108.82,63.9543,16.9392,55.1885,15.1767,0.236282
"batx","thebatx",2026,29704,"Braxton Fulford","COL",191.766,211.212,46.2796,23.8084,5.64885,23.7353,2.78863,0.241334
"batx","thebatx",2026,29712,"Colson Montgomery","CHW",484.14,541.479,104.95,60.685,22.2723,64.9863,3.4084,0.216776
"batx","thebatx",2026,29715,"Hunter Goodman","COL",506.392,550.728,129.319,69.0059,27.7774,86.6941,2.32258,0.255374
"batx","thebatx",2026,29766,"Zack Gelof","ATH",153.952,169.703,33.6485,20.9015,5.66074,17.2997,5.93091,0.218564
"batx","thebatx",2026,29779,"Max Muncy","ATH",311.795,340.143,71.5378,37.7042,10.0329,34.8834,4.44655,0.229439
"batx","thebatx",2026,29782,"Niko Kavadas","LAA",19.1071,21.824,3.42864,2.04366,0.701305,2.3376,0.0390331,0.179443
"batx","thebatx",2026,29788,"Brett Harris","ATH",152.017,168.823,34.7548,17.8675,3.34338,14.8308,2.24078,0.228624
"batx","thebatx",2026,29794,"Kyle Manzardo","CLE",479.603,542.308,111.4,61.4353,24.3809,75.7401,1.2842,0.232275
"batx","thebatx",2026,29830,"Jack Winkler","HOU",5.8316,6.325,1.19171,0.582862,0.0911862,0.505099,0.190151,0.204353
"batx","thebatx",2026,29844,"Liam Hicks","MIA",284.128,325.127,67.8383,30.8533,3.40351,27.8341,1.34232,0.238759
"batx","thebatx",2026,29858,"Denzel Clarke","ATH",337.167,369.311,74.8505,42.502,7.51064,30.855,10.7817,0.221999
"batx","thebatx",2026,29931,"Jacob Young","WSN",287.794,319.834,69.4535,33.6291,0.856369,16.4932,16.8724,0.241331
"batx","thebatx",2026,29949,"Tyler Black","MIL",27.5044,31.168,5.85236,3.2967,0.476469,2.63156,1.02592,0.212779
"batx","thebatx",2026,29958,"Harry Ford","WSN",265.644,300.006,60.7144,30.9096,6.41263,29.7269,6.48526,0.228556
"batx","thebatx",2026,29976,"Jordan Lawlar","ARI",260.387,287.02,62.4529,34.6328,5.98152,27.8812,10.5325,0.239847
"batx","thebatx",2026,29993,"Brady House","WSN",451.706,480.686,106.721,44.4099,10.323,50.8693,5.21683,0.236262
"batx","thebatx",2026,29995,"Daylen Lile","WSN",494.388,538.592,131.233,59.8671,8.27147,54.3098,14.3909,0.265446
"batx","thebatx",2026,30011,"Christian Encarnacion-Strand","CIN",82.9955,89.275,19.9885,9.61405,3.49809,11.4917,0.440491,0.240839
"batx","thebatx",2026,30038,"Carson Williams","TBR",330.78,363.524,71.7749,40.9905,11.2192,39.538,8.16282,0.216987
"batx","thebatx",2026,30063,"Tristan Peters","CHW",38.6663,42.602,8.51464,4.17758,0.774585,3.71073,0.630967,0.220208
"batx","thebatx",2026,30116,"Seiya Suzuki","CHC",526.252,600.279,133.906,81.8192,27.0826,82.8343,9.88997,0.254453
"batx","thebatx",2026,30163,"César Prieto","STL",51.364,54.555,12.326,4.80991,0.69085,5.07692,0.529831,0.239973
"batx","thebatx",2026,31166,"Heston Kjerstad","BAL",36.4837,39.932,8.31783,4.13938,1.02066,4.1827,0.208329,0.227987
"batx","thebatx",2026,31347,"Zach Neto","LAA",561.542,627.479,139.528,84.468,26.0517,74.5561,26.4365,0.248473
"batx","thebatx",2026,31349,"Victor Scott II","STL",441.346,492.826,97.4619,58.327,7.33195,32.0114,30.4087,0.220829
"batx","thebatx",2026,31354,"Jimmy Crooks","STL",90.4022,99.832,21.6011,10.0314,2.09763,10.0672,0.437411,0.238945
"batx","thebatx",2026,31357,"Nathan Church","STL",175.021,190.128,42.934,19.04,2.56492,16.6778,3.94639,0.245308
"batx","thebatx",2026,31363,"Graham Pauley","MIA",288.963,320.53,63.4898,31.3883,7.93438,33.4899,4.24434,0.219716
"batx","thebatx",2026,31370,"Jakob Marsee","MIA",496.781,570.237,115.597,69.7745,12.8331,51.0489,25.7154,0.232692
"batx","thebatx",2026,31382,"Dalton Rushing","LAD",180.917,203.629,40.1138,24.3067,6.81564,24.2812,0.667661,0.221725
"batx","thebatx",2026,31394,"Brooks Baldwin","CHW",357.597,390.533,83.9705,43.6744,12.6818,40.694,7.57731,0.234819
"batx","thebatx",2026,31396,"Tyler Locklear","ARI",213.514,237.054,50.2947,26.6109,5.97661,26.1601,3.99744,0.235557
"batx","thebatx",2026,31431,"Jordan Beck","COL",470.185,516.552,119.27,65.7259,16.0104,60.734,14.8596,0.253666
"batx","thebatx",2026,31437,"Jace Jung","DET",71.01,80.557,14.6272,7.99912,1.77783,7.43782,0.350417,0.205988
"batx","thebatx",2026,31490,"Wade Meckler","LAA",44.8149,49.612,10.75,4.93397,0.384621,3.757,0.759059,0.239875
"batx","thebatx",2026,31500,"Ryan Ritter","COL",187.783,208.307,45.9574,22.8581,3.34837,18.8362,3.55461,0.244737
"batx","thebatx",2026,31505,"Sal Stewart","CIN",428.728,471.042,116.242,57.5433,17.799,61.7474,5.52021,0.271133
"batx","thebatx",2026,31522,"Tim Elko","CHW",22.1717,23.737,4.88211,2.22444,0.686308,2.50078,0.050734,0.220196
"batx","thebatx",2026,31539,"Drake Baldwin","ATL",462.405,514.419,117.755,58.4859,15.3587,61.9434,0.350298,0.254657
"batx","thebatx",2026,31545,"Drew Gilbert","SFG",206.076,227.498,45.8384,23.8134,4.72708,21.2705,2.74659,0.222434
"batx","thebatx",2026,31562,"Zach Dezenzo","HOU",86.709,94.834,19.5821,10.2277,2.68046,9.91905,1.22377,0.225837
"batx","thebatx",2026,31564,"Alan Roden","MIN",164.589,183.561,40.6116,19.8542,2.27746,15.6453,2.9409,0.246745
"batx","thebatx",2026,31567,"Trey Lipscomb","WSN",24.461,26.14,5.50798,2.21557,0.230171,2.08426,0.49211,0.225174
"batx","thebatx",2026,31580,"Chase Meidroth","CHW",466.077,526.437,116.282,55.5036,4.45439,38.7889,10.1763,0.249491
"batx","thebatx",2026,31583,"Zach Cole","HOU",307.636,341.801,62.0257,39.9359,10.5137,34.0899,7.64661,0.201621
"batx","thebatx",2026,31595,"Brooks Lee","MIN",496.911,538.998,117.58,52.7521,11.5134,54.653,3.47707,0.236621
"batx","thebatx",2026,31661,"Jacob Melton","TBR",134.892,146.687,29.3692,16.9144,3.42438,13.3223,7.13449,0.217724
"batx","thebatx",2026,31665,"Alex Freeland","LAD",107.535,120.738,23.4066,14.4391,3.02144,11.9772,2.51891,0.217665
"batx","thebatx",2026,31680,"Cole Young","SEA",330.905,371.771,78.1031,39.8964,7.56581,36.5887,5.86074,0.236029
"batx","thebatx",2026,31695,"Dylan Beavers","BAL",360.578,408.378,86.2154,50.2644,11.1852,41.609,10.642,0.239103
"batx","thebatx",2026,31765,"Nacho Alvarez Jr.","ATL",72.4484,80.428,17.402,8.77186,1.38696,7.40408,1.04797,0.240199
"batx","thebatx",2026,31781,"Jackson Holliday","BAL",456.413,513.658,114.597,65.3068,13.3639,52.3409,14.0109,0.251081
"batx","thebatx",2026,31792,"Otto Kemp","PHI",199.3,221.292,47.4837,25.8833,6.59521,25.3869,4.09953,0.238252
"batx","thebatx",2026,31793,"Rhylan Thomas","SEA",23.0389,24.923,5.72904,2.39421,0.163799,2.01015,0.770034,0.248668
"batx","thebatx",2026,31812,"Roman Anthony","BOS",515.931,593.941,136.884,78.0937,18.808,71.2057,9.35701,0.265316
"batx","thebatx",2026,31837,"Masataka Yoshida","BOS",192.968,213.32,51.7768,23.7905,4.97279,24.5899,1.7404,0.268319
"batx","thebatx",2026,31855,"Colby Thomas","ATH",244.902,265.302,56.5829,31.3806,9.61262,30.2954,4.73919,0.231043
"batx","thebatx",2026,31912,"Chandler Simpson","TBR",420.446,453.094,120.046,57.4385,0,29.7781,37.07,0.285522
"batx","thebatx",2026,31991,"Rafael Flores Jr.","PIT",71.538,78.233,16.5891,7.81109,1.94267,8.4719,0.400562,0.231892
"batx","thebatx",2026,32127,"Chase DeLauter","CLE",411.605,451.805,98.4092,46.2918,11.2659,48.8332,3.91296,0.239087
"batx","thebatx",2026,33189,"Nolan Schanuel","LAA",512.093,594.466,129.795,64.7184,8.29831,50.2021,5.72154,0.25346
"batx","thebatx",2026,33197,"Ben Williamson","TBR",208.399,225.519,52.4874,22.7777,2.33881,19.6133,3.96832,0.251861
"batx","thebatx",2026,33252,"Kyle Karros","COL",204.181,226.074,54.2764,24.7633,4.00286,24.4311,1.63585,0.265824
"batx","thebatx",2026,33266,"Jacob Wilson","ATH",523.425,564.855,153.074,64.2849,6.86627,55.2443,4.95876,0.292446
"batx","thebatx",2026,33280,"Brice Matthews","HOU",49.3342,54.928,10.2647,6.7528,1.796,5.35457,2.53601,0.208064
"batx","thebatx",2026,33321,"Luke Keaschall","MIN",468.734,527.582,127.027,67.1328,10.3173,51.3267,19.4116,0.270999
"batx","thebatx",2026,33322,"Matt Shaw","CHC",255.663,282.444,60.6878,33.7472,6.27082,26.9776,9.75661,0.237374
"batx","thebatx",2026,33333,"Wyatt Langford","TEX",529.689,609.501,132.524,85.9771,24.7827,73.5555,19.3937,0.250193
"batx","thebatx",2026,33390,"Bryce Eldridge","SFG",356.674,395.88,85.1867,46.1623,16.7605,52.8227,1.84802,0.238836
"batx","thebatx",2026,33541,"Dylan Crews","WSN",504.944,553.149,119.158,64.9904,15.6515,58.2821,22.121,0.235982
"batx","thebatx",2026,33549,"Kyle Teel","CHW",409.809,466.942,99.534,53.8886,12.4899,46.346,5.24629,0.242879
"batx","thebatx",2026,33644,"Kristian Campbell","BOS",127.128,142.753,31.0879,15.9587,3.10411,14.1304,1.8326,0.244541
"batx","thebatx",2026,33704,"CJ Kayfus","CLE",352.269,392.455,81.5705,42.8504,9.92781,40.0418,4.01965,0.231558
"batx","thebatx",2026,33824,"Jung Hoo Lee","SFG",506.867,558.604,136.05,64.9868,7.41531,54.2581,8.00145,0.268413
"batx","thebatx",2026,34979,"Christian Moore","LAA",388.542,432.038,84.658,45.4255,11.6357,41.2115,7.34055,0.217886
"batx","thebatx",2026,35041,"Jac Caglianone","KCR",461.298,509.872,106.865,57.1058,16.8622,61.6173,3.29176,0.231662
"batx","thebatx",2026,35108,"Cam Smith","HOU",360.249,402.201,86.9667,45.7156,8.98909,38.9757,5.7813,0.241407
"batx","thebatx",2026,35110,"Nick Kurtz","ATH",490.984,569.734,123.162,82.6744,33.2859,86.7651,3.04631,0.250848
"batx","thebatx",2026,35322,"Hyeseong Kim","LAD",159.873,172.082,38.8012,20.7141,2.07768,14.5616,6.4892,0.2427
"batx","thebatx",2026,,"A.J. Vukovich","ARI",32.9823,35.511,7.51409,3.63742,0.884567,3.88799,0.363109,0.227822
"batx","thebatx",2026,,"Abimelec Ortiz","WSN",177.635,195.176,38.6709,18.3071,5.86264,22.8044,0.961687,0.217699
"batx","thebatx",2026,,"Aidan Miller","PHI",50.117,55.745,11.4011,6.55234,1.28321,5.29628,2.26827,0.227489
"batx","thebatx",2026,,"Ben Cowles","TOR",22.3231,24.455,4.99695,2.60112,0.507718,2.31745,0.466744,0.223846
"batx","thebatx",2026,,"Blake Hunt","SDP",17.7486,19.261,3.64407,1.76019,0.422319,1.86813,0.0643374,0.205316
"batx","thebatx",2026,,"Braden Montgomery","CHW",111.088,122.098,24.876,12.4827,2.99058,11.8135,1.52996,0.22393
"batx","thebatx",2026,,"Brandon Valenzuela","TOR",20.3031,22.249,4.26642,2.14062,0.514962,2.18577,0.154898,0.210136
"batx","thebatx",2026,,"Bryan Torres","STL",75.2435,82.716,18.694,8.20507,0.35853,6.09838,2.20105,0.248447
"batx","thebatx",2026,,"Carson Benge","NYM",338.106,374.888,80.7715,41.3529,8.79361,38.3347,7.10427,0.238894
"batx","thebatx",2026,,"Charlie Condon","COL",186.579,205.078,45.2738,22.7989,5.809,23.7923,1.53526,0.242652
"batx","thebatx",2026,,"Christian Franklin","WSN",21.4595,24.169,4.83558,2.42952,0.386513,2.05173,0.531458,0.225335
"batx","thebatx",2026,,"Collin Price","HOU",11.0034,12.072,2.11805,1.15238,0.357318,1.24287,0.0951184,0.19249
"batx","thebatx",2026,,"Colt Emerson","SEA",251.143,278.64,60.1274,29.2227,5.29773,27.9054,5.02099,0.239415
"batx","thebatx",2026,,"Cooper Kinney","TBR",7.02092,7.543,1.67392,0.750479,0.178559,0.85477,0.0358362,0.238419
"batx","thebatx",2026,,"Daniel Susac","SFG",86.835,93.317,19.4425,9.47049,2.29805,9.27525,0.924706,0.223902
"batx","thebatx",2026,,"Deyvison De Los Santos","MIA",103.634,111.095,24.555,10.7677,2.8368,12.2698,1.34207,0.23694
"batx","thebatx",2026,,"Dominic Keegan","TBR",61.0875,66.852,13.9557,6.41549,1.68806,7.4612,0.0883006,0.228454
"batx","thebatx",2026,,"Eduardo Valencia","DET",20.4355,22.364,4.98986,2.31435,0.643239,2.54881,0.0891778,0.244176
"batx","thebatx",2026,,"Eliezer Alfonzo","LAD",7.87022,8.48,1.88818,0.777949,0.0997598,0.770932,0.0505911,0.239914
"batx","thebatx",2026,,"Emmanuel Rodriguez","MIN",39.8665,46.458,8.53376,5.71336,1.1733,4.08225,1.14118,0.214058
"batx","thebatx",2026,,"Esmerlyn Valdez","PIT",25.7206,28.243,5.85694,2.97834,0.900673,3.33025,0.16855,0.227715
"batx","thebatx",2026,,"Gabriel Gonzalez","MIN",47.8517,51.697,12.5073,5.58712,0.971144,5.36259,0.575034,0.261376
"batx","thebatx",2026,,"Gabriel Rincones Jr.","PHI",31.3977,35.133,6.77554,3.87427,0.908538,3.58139,0.922991,0.215797
"batx","thebatx",2026,,"Hao-Yu  Lee","DET",27.3101,29.881,6.81614,3.29515,0.69804,3.14629,0.646103,0.249583
"batx","thebatx",2026,,"Héctor Rodríguez","CIN",22.7467,24.219,5.80528,2.67157,0.672929,2.73286,0.439469,0.255214
"batx","thebatx",2026,,"James Triantos","CHC",26.5232,28.458,6.95229,3.23133,0.463107,2.8372,0.958834,0.262121
"batx","thebatx",2026,,"Jared Serna","MIA",33.2512,36.173,7.82072,3.49451,0.539248,3.4102,0.774239,0.235201
"batx","thebatx",2026,,"Jeferson Quero","MIL",56.191,60.898,13.5567,5.97037,1.51881,7.36237,0.577781,0.241261
"batx","thebatx",2026,,"Jesus Rodriguez","SFG",37.9778,41.545,10.0087,4.62465,0.592395,3.88226,0.823889,0.26354
"batx","thebatx",2026,,"Jett Williams","MIL",252.535,281.344,56.821,30.6651,6.81434,29.7183,8.71924,0.225003
"batx","thebatx",2026,,"JJ Wetherholt","STL",425.583,474.863,101.777,49.3786,8.20276,44.5428,7.48975,0.239147
"batx","thebatx",2026,,"Joe Mack","MIA",210.454,231.333,45.5564,21.941,6.4125,25.4819,1.62588,0.216467
"batx","thebatx",2026,,"Jonathon Long","CHC",18.2544,20.522,4.28012,2.20442,0.630136,2.40256,0.0574894,0.23447
"batx","thebatx",2026,,"Juan Brito","CLE",97.2434,108.748,22.3118,11.1357,2.25055,10.61,1.65395,0.229443
"batx","thebatx",2026,,"Junior Perez","ATH",39.5338,43.769,7.99051,5.03923,1.24365,3.98901,1.55509,0.202118
"batx","thebatx",2026,,"Justin Crawford","PHI",364.083,395.452,96.8795,48.3393,4.98776,32.9951,20.7026,0.266091
"batx","thebatx",2026,,"Kahlil Watson","CLE",24.1539,26.666,5.14789,2.96113,0.799624,2.76723,0.792833,0.213129
"batx","thebatx",2026,,"Kazuma Okamoto","TOR",454.675,516.664,107.164,64.7006,25.0041,72.3876,1.21326,0.235693
"batx","thebatx",2026,,"Kemp Alderman","MIA",17.6919,18.953,4.08138,1.90374,0.488647,2.01602,0.299844,0.230692
"batx","thebatx",2026,,"Kevin McGonigle","DET",290.594,323.793,73.7553,39.7065,9.35242,36.1947,6.94394,0.253809
"batx","thebatx",2026,,"Konnor Griffin","PIT",326.138,356.124,83.556,43.3225,9.55893,37.6563,14.169,0.256198
"batx","thebatx",2026,,"Kristian Robinson","ARI",22.0262,24.515,4.73222,2.76076,0.592445,2.37169,0.705471,0.214844
"batx","thebatx",2026,,"Leo De Vries","ATH",31.6911,35.166,7.75076,4.39719,1.3443,4.33302,0.645008,0.244572
"batx","thebatx",2026,,"Matt Koperniak","STL",41.7743,45.281,9.62211,4.24779,0.810831,4.22585,0.477865,0.230336
"batx","thebatx",2026,,"Matthew Wood","MIL",5.58077,6.22,1.22127,0.558555,0.0917277,0.611536,0.0397999,0.218836
"batx","thebatx",2026,,"Max Anderson","DET",22.4597,24.155,5.65597,2.35477,0.563352,2.7205,0.0915374,0.251828
"batx","thebatx",2026,,"Michael Arroyo","SEA",20.3145,22.768,4.66621,2.52762,0.56233,2.38956,0.348491,0.229699
"batx","thebatx",2026,,"Munetaka Murakami","CHW",443.7,530.742,91.2768,74.737,29.8925,74.683,11.0194,0.205717
"batx","thebatx",2026,,"Nate Furman","SFG",16.1528,18.088,3.93776,1.98565,0.272256,1.56038,0.376444,0.243782
"batx","thebatx",2026,,"Nelson Rada","LAA",90.9604,102.076,21.5385,11.3159,0.967802,6.29939,4.98827,0.236791
"batx","thebatx",2026,,"Nick Morabito","NYM",31.8325,34.566,7.78166,3.92464,0.425141,2.70559,1.51115,0.244456
"batx","thebatx",2026,,"Nick Raposo","SEA",5.58668,6.095,1.14405,0.529414,0.0977449,0.546591,0.0290961,0.204781
"batx","thebatx",2026,,"Rodolfo Durán","SDP",16.4414,17.596,3.58851,1.65059,0.404938,1.73154,0.101544,0.218261
"batx","thebatx",2026,,"Ryan Clifford","NYM",51.7855,58.661,11.1054,6.4386,2.0669,6.77265,0.422365,0.21445
"batx","thebatx",2026,,"Ryan Waldschmidt","ARI",122.807,137.762,30.2907,16.1054,2.92233,14.2909,3.45067,0.246654
"batx","thebatx",2026,,"Ryan Ward","LAD",22.9726,24.959,4.90189,2.8697,0.874294,2.98919,0.331158,0.21338
"batx","thebatx",2026,,"Sebastian Walcott","TEX",72.7411,79.57,16.6782,8.94737,1.6794,7.31339,2.20624,0.229281
"batx","thebatx",2026,,"Shane McGuire","ATH",27.7123,31.044,5.97921,3.05183,0.476786,2.54947,0.308212,0.21576
"batx","thebatx",2026,,"Spencer Jones","NYY",37.6531,41.231,7.84574,4.79553,1.43054,4.32898,1.16597,0.208369
"batx","thebatx",2026,,"Sterlin Thompson","COL",34.9701,38.32,8.53634,4.26148,0.813553,4.00876,0.658433,0.244104
"batx","thebatx",2026,,"Sung-Mun Song","SDP",234.861,255.449,52.5382,25.7855,5.77468,25.3751,4.43287,0.223699
"batx","thebatx",2026,,"T.J. Rumfield","COL",76.1399,83.912,18.729,8.67364,1.72215,9.29134,0.543085,0.245981
"batx","thebatx",2026,,"Tanner Murray","CHW",68.5751,72.991,15.7769,6.65924,1.32809,6.85769,0.468566,0.230068
"batx","thebatx",2026,,"Tommy Troy","ARI",37.7856,41.419,9.06117,4.46906,0.736509,4.08776,0.873506,0.239804
"batx","thebatx",2026,,"Travis Bazzana","CLE",183.611,207.699,39.3531,21.6775,4.73217,19.3584,3.06393,0.214329
"batx","thebatx",2026,,"Tre' Morgan","TBR",53.0606,59.221,13.4104,6.4282,1.10184,6.10317,0.88206,0.252737
"batx","thebatx",2026,,"Trei Cruz","DET",21.3254,24.023,4.53539,2.46014,0.441777,2.08157,0.3368,0.212675
"batx","thebatx",2026,,"Walker Jenkins","MIN",104.483,116.083,25.8227,13.4869,2.51966,11.4303,2.36977,0.247147
"batx","thebatx",2026,,"Yohandy Morales","WSN",49.2682,53.616,11.2337,4.89081,1.03231,5.30484,0.372848,0.228011
