"bacon","hr","xbh"
0.302934537780928,0.256044040455201,0.441021421763871
0.325530891842789,0.379036914670234,0.295432193486977
0.343546641679893,0.217740160824354,0.438713197495753
0.419264124410765,0.277870581348236,0.302865294240999
0.27808148280642,0.219863127473355,0.502055389720225
0.321522054501127,0.162339104706774,0.516138840792099
0.280058509093945,0.177948460701105,0.54199303020495
0.371198113422094,0.22800610682251,0.400795779755396
0.398320383453523,0.286780929210359,0.314898687336119
0.337695149833786,0.198673823390024,0.46363102677619
0.369110372220469,0.194074289221114,0.436815338558417
0.383409980694942,0.166451702956801,0.450138316348258
0.345141145443944,0.279959644301262,0.374899210254793
0.35130753223128,0.230192633874468,0.418499833894252
0.36897776469926,0.22104616222011,0.409976073080631
0.316979838578157,0.237896664793227,0.445123496628616
0.188906632066005,0.221404782667433,0.589688585266562
0.240280788053471,0.224355833416617,0.535363378529913
0.30751312544084,0.398961951316953,0.293524923242207
0.445771271083642,0.274348954740248,0.27987977417611
0.145672830315233,0.237568165337808,0.616759004346959
0.257691827471097,0.21954047352165,0.522767699007253
0.329368169405728,0.22911874677357,0.441513083820702
0.306157547078418,0.311416468224487,0.382425984697095
0.478770643525544,0.158298383079609,0.362930973394847
0.336418218470359,0.261227925617679,0.402353855911962
0.34688854036665,0.198186608963312,0.454924850670038
0.359941779235024,0.196603309158581,0.443454911606394
0.37873033046082,0.222267195779587,0.399002473759593
0.276411666404151,0.173628222687222,0.549960110908627
0.34629828768046,0.222167017593838,0.431534694725703
0.316465306821794,0.213313038828966,0.47022165434924
0.308499575937286,0.31517007771749,0.376330346345224
0.337039263862785,0.195357664825737,0.467603071311478
0.379043317060992,0.210449653419247,0.410507029519761
0.284680595977015,0.301250848224122,0.414068555798863
0.333136795702001,0.253074955086975,0.413788249211024
0.30619603149095,0.243438830962388,0.450365137546662
0.324871105389589,0.167784359100523,0.507344535509888
0.333115359556912,0.19754807857605,0.469336561867038
0.290446772661675,0.165779363264079,0.543773864074246
0.29574515327503,0.143031842966453,0.561223003758517
0.266591129580587,0.212284726581836,0.521124143837577
0.492897730107274,0.281917583945513,0.225184685947213
0.31919294512884,0.273089792152458,0.407717262718702
0.373063362387801,0.194387999000026,0.432548638612172
0.402727165478238,0.249906397357648,0.347366437164114
0.307755876716985,0.207913554099553,0.484330569183462
0.286847935569426,0.126505082722287,0.586646981708287
0.45737303680962,0.244775320182539,0.297851643007841
0.368797806270337,0.202595825656087,0.428606368073576
0.346269579747942,0.273008387835445,0.380722032416613
0.223841832738254,0.17398553805301,0.602172629208736
0.395676256960199,0.240116945639685,0.364206797400116
0.304991431826526,0.24326742492636,0.451741143247114
0.403814994205452,0.176782923640671,0.419402082153877
0.238026199013836,0.186045545925202,0.575928255060962
0.305391981937474,0.200651998120112,0.493956019942414
0.31996005243836,0.184700480938309,0.495339466623331
0.357326377446502,0.302486235974871,0.340187386578627
0.231874152792913,0.138863242409685,0.629262604797402
0.39521684468407,0.233912440028033,0.370870715287898
0.412263147918006,0.283974159860859,0.303762692221135
0.357803974869964,0.266359903308107,0.375836121821929
0.355864244787074,0.17954693666992,0.464588818543005
0.396508027297671,0.226117185313663,0.377374787388666
0.322024837555026,0.186256896383061,0.491718266061913
0.325872474028454,0.221561891626768,0.452565634344778
0.344436293482607,0.22496410472024,0.430599601797154
0.28013603300118,0.197639543660094,0.522224423338726
0.267967270259708,0.216191861354005,0.515840868386287
0.358733382459765,0.181943236028179,0.459323381512056
0.471608565844041,0.196186451552116,0.332204982603843
0.411414651422413,0.187735082191301,0.400850266386286
0.233057619832289,0.252575539534076,0.514366840633636
0.296591077162679,0.233144449356329,0.470264473480993
0.254170765544053,0.318750920782224,0.427078313673723
0.416467819088153,0.215266846150934,0.368265334760913
0.343232193936597,0.190912166830046,0.465855639233357
0.285950849360432,0.351489208094378,0.36255994254519
0.326546348362481,0.175930342026109,0.49752330961141
0.294727992669708,0.313082192006201,0.39218981532409
0.43399958304964,0.268602700962705,0.297397715987655
0.368317499092061,0.222876018631814,0.408806482276125
0.260125763322553,0.17036337777305,0.569510858904396
0.30317321654234,0.145945320338126,0.550881463119535
0.402386374276079,0.265732467919275,0.331881157804646
0.246786468409636,0.277975905255733,0.475237626334631
0.315494225457434,0.293481926264381,0.391023848278185
0.118360572823516,0.162284963371736,0.719354463804748
0.325751919256711,0.204870083561793,0.469377997181496
0.428998966546164,0.237862910425283,0.333138123028554
0.319966835409877,0.163101937486307,0.516931227103817
0.373640921012491,0.155089673409068,0.471269405578441
0.39825945328359,0.189082165982183,0.412658380734227
0.420778270111971,0.273839527561024,0.305382202327006
0.393615631512408,0.216693921360112,0.38969044712748
0.342257880784212,0.223673494410456,0.434068624805332
0.48443810448806,0.153897571075908,0.361664324436032
0.363387304194492,0.190507412229563,0.446105283575945
0.355319660536499,0.176994688210871,0.46768565125263
0.283243707064883,0.259409947205594,0.457346345729523
0.344128330749224,0.208492030472283,0.447379638778494
0.206466360368583,0.285167935862901,0.508365703768517
0.355121721856176,0.153941335626824,0.490936942517
0.410505622241079,0.197969353965908,0.391525023793014
0.274994668999609,0.197378830262875,0.527626500737516
0.362705564176333,0.303207890118081,0.334086545705586
0.304459102620684,0.210367544785234,0.485173352594082
0.269979737173688,0.19179006933269,0.538230193493622
0.447851815081237,0.250296473329814,0.301851711588949
0.226652477251096,0.226143195605614,0.54720432714329
0.387981143865833,0.190388704162017,0.421630151972151
0.21963968741614,0.146896695129142,0.633463617454718
0.340333507355788,0.204179532369366,0.455486960274846
0.308274939472395,0.234097528117441,0.457627532410164
0.328335001827149,0.197904578650625,0.473760419522226
0.427360835921767,0.18451784489562,0.388121319182613
0.387826680088488,0.253082982027367,0.359090337884144
0.340201909493949,0.219621459090412,0.440176631415639
0.410755146131613,0.201075915883939,0.388168937984448
0.208345370088251,0.21971356454075,0.571941065370999
0.357103552333604,0.241237465038044,0.401658982628353
0.243045661652509,0.45752396776425,0.299430370583241
0.245371813390961,0.223387754001661,0.531240432607378
0.358732425988118,0.262258607741018,0.379008966270864
0.372878792834569,0.190344766264603,0.436776440900828
0.3929263391115,0.176267810716648,0.430805850171852
0.280664245897103,0.239155598035075,0.480180156067821
0.243267600254159,0.201974892693125,0.554757507052716
0.330586389988728,0.182086917214123,0.487326692797149
0.378776014787554,0.228419391702024,0.392804593510422
0.352157557737675,0.238385521688943,0.409456920573383
0.303018263705251,0.191099362582889,0.50588237371186
0.390859327289679,0.217058051790618,0.392082620919703
0.312476379654156,0.287862353902822,0.399661266443022
0.283200106196674,0.285653705765951,0.431146188037375
0.324823596969987,0.256608243116311,0.418568159913701
0.433996858917994,0.216068852756707,0.3499342883253
0.375902970123902,0.197948466951697,0.4261485629244
0.437018769679732,0.212973669740764,0.350007560579504
0.327713240869478,0.296398170790667,0.375888588339855
0.336480000407779,0.178735248898204,0.484784750694017
0.32420716835037,0.213835154076026,0.461957677573604
0.322314273696454,0.306091512731835,0.371594213571711
0.275734250641569,0.185615888280453,0.538649861077978
0.293152991522377,0.206766049824512,0.50008095865311
0.233662404493442,0.20562170364342,0.560715891863137
0.326593679646576,0.286875515526318,0.386530804827106
0.353759993343294,0.167275089695554,0.478964916961152
0.314043412771103,0.319540317019502,0.366416270209395
0.326668027672591,0.258974227747087,0.414357744580323
0.166483980387971,0.188200988263195,0.645315031348835
0.300716312906643,0.166402123537687,0.53288156355567
0.344938410500104,0.255463697354092,0.399597892145803
0.371457569852708,0.253785287873467,0.374757142273825
0.30694765913549,0.223750269565898,0.469302071298611
0.248254831904734,0.169847236585428,0.581897931509839
0.347478879224011,0.201360913627533,0.451160207148456
0.348168791587407,0.247056372195525,0.404774836217069
0.2225722216307,0.135226758385353,0.642201019983947
0.24744296263686,0.191589873696288,0.560967163666851
0.351952942602022,0.143726218644143,0.504320838753836
0.257305806182906,0.323181002387852,0.419513191429241
0.31951958741454,0.3041740943309,0.376306318254559
0.332896227656861,0.203643902998113,0.463459869345026
0.393248739333234,0.19742959420579,0.409321666460976
0.337332872698484,0.17107966902377,0.491587458277745
0.383806565170621,0.248702002399605,0.367491432429773
0.339142624519262,0.182147191339988,0.47871018414075
0.419205918140421,0.145151240032916,0.435642841826662
0.403437859396604,0.232872072822089,0.363690067781308
0.345703817912379,0.160814406545177,0.493481775542444
0.319764663654692,0.281724145628376,0.398511190716932
0.416963732785271,0.248211770353609,0.33482449686112
0.266697474410023,0.330457508158825,0.402845017431152
0.364497399587727,0.231413622383757,0.404088978028516
0.286808402248758,0.211768497446418,0.501423100304824
0.420079071461942,0.267785662024266,0.312135266513792
0.411000970111933,0.161713420024002,0.427285609864065
0.418050634979541,0.190810897418676,0.391138467601783
0.195591031810248,0.216177346609494,0.588231621580258
0.305480481323699,0.251396738884831,0.44312277979147
0.372025461176663,0.0945327407586036,0.533441798064733
0.296549102865036,0.224715570479408,0.478735326655556
0.276381400476841,0.251190934428223,0.472427665094936
0.33285513287202,0.16580236188907,0.50134250523891
0.363468635426023,0.177390204553325,0.459141160020652
0.380893144294606,0.198295393615434,0.420811462089959
0.348796882095254,0.225161120837248,0.426041997067498
0.297004606479225,0.237997196646751,0.464998196874023
0.314859540806161,0.189741048881822,0.495399410312016
0.228410261595336,0.182397606176425,0.589192132228239
0.368824419496284,0.194481781647455,0.436693798856261
0.38287714375247,0.17406394838363,0.4430589078639
0.344553879434647,0.221898499768747,0.433547620796606
0.292409001707536,0.173534834747473,0.534056163544991
0.282770068427574,0.269622604860371,0.447607326712054
0.304693392928712,0.247199129909329,0.448107477161959
0.450688572567801,0.208104059318212,0.341207368113987
0.256737515546051,0.259252408380581,0.484010076073368
0.25183393275763,0.192955109226814,0.555210958015556
0.297555637013409,0.166262229293376,0.536182133693215
0.43524862874485,0.200222173334924,0.364529197920227
0.371431796160209,0.191207862618124,0.437360341221667
0.301581288615762,0.192731283275836,0.505687428108402
0.308278933124246,0.30922743073466,0.382493636141094
0.307966441753059,0.166798619704348,0.525234938542592
0.374603249390959,0.240298692759553,0.385098057849488
0.207746441536878,0.173827423340869,0.618426135122253
0.245072435190134,0.220758505905197,0.534169058904669
0.322152076739262,0.292810462815572,0.385037460445166
0.287354964460204,0.169153768250628,0.543491267289168
0.304536109884942,0.205559725742318,0.48990416437274
0.337180052703433,0.198601102813091,0.464218844483475
0.317174534441566,0.315096940850071,0.367728524708362
0.372860490466654,0.288407046410451,0.338732463122895
0.357133698439277,0.198509344307485,0.444356957253239
0.356016104338805,0.254463493598306,0.389520402062889
0.301731862522446,0.262502099745507,0.435766037732048
0.347169019144736,0.200312837512984,0.45251814334228
0.30010463541573,0.2055883268222,0.494307037762069
0.379734605381555,0.21570227257499,0.404563122043455
0.378075368929195,0.177951235109611,0.443973395961194
0.345138786705882,0.185247727738031,0.469613485556087
0.382993376212764,0.1903105519762,0.426696071811036
0.489861822607483,0.231703390941946,0.278434786450571
0.33004426987877,0.229790396769318,0.440165333351913
0.419263498599972,0.244586514653744,0.336149986746283
0.302526532639543,0.199180118514191,0.498293348846266
0.241877492712001,0.19925905853776,0.558863448750239
0.300737885331309,0.336117666647315,0.363144448021376
0.298288452856334,0.193414667330566,0.5082968798131
0.262569717392104,0.150441580426058,0.586988702181837
0.280379157969478,0.312191621099289,0.407429220931233
0.325109295097147,0.224420402303124,0.450470302599729
0.332505043821238,0.139046470744377,0.528448485434385
0.294937343800587,0.278777350331579,0.426285305867835
0.376475067771956,0.222070122353539,0.401454809874505
0.385306358548171,0.193927157096819,0.42076648435501
0.366548360373894,0.208480436947444,0.424971202678661
0.330922200515026,0.259415425742597,0.409662373742376
0.226936415602364,0.198778677789909,0.574284906607727
0.387567192114468,0.259473392541398,0.352959415344135
0.315093304131824,0.212127167683451,0.472779528184725
0.286996312896575,0.1243269084874,0.588676778616025
0.399405368409379,0.192667005419411,0.40792762617121
0.32282945789926,0.266476002808392,0.410694539292347
0.325908756022044,0.149429600762953,0.524661643215002
0.408316229314075,0.24235893576938,0.349324834916545
0.376107111282796,0.15269753541536,0.471195353301844
0.31735997252194,0.163856502559195,0.518783524918865
0.406809363033242,0.244441906498378,0.34874873046838
0.387687601668664,0.208027699538475,0.404284698792861
0.316592572610255,0.259374604933264,0.424032822456481
0.279354015325198,0.264151975126233,0.456494009548569
0.375859724843992,0.23759532150479,0.386544953651218
0.304041326621308,0.256482419244947,0.439476254133745
0.29125181548786,0.171984439568967,0.536763744943174
0.386731433973969,0.32533967657199,0.287928889454041
0.257941056495786,0.195411711474148,0.546647232030066
0.4254285861864,0.250413798902882,0.324157614910718
0.382444795452487,0.141687273552638,0.475867930994875
0.314993311791157,0.164491495681782,0.520515192527062
0.313206742489358,0.199362466057954,0.487430791452687
0.330611589626993,0.304193305743112,0.365195104629894
0.381805569697538,0.194180568386176,0.424013861916286
0.282662743230186,0.267203981111944,0.45013327565787
0.375081756894657,0.128956787433836,0.495961455671508
0.321947382094164,0.166103013964206,0.51194960394163
0.324886683317723,0.1999631933374,0.475150123344877
0.332431846333068,0.151246237101001,0.516321916565931
0.267154741212877,0.348002484190234,0.384842774596889
0.30928167407229,0.289821960256798,0.400896365670912
0.356337267574593,0.198730038169382,0.444932694256024
0.355654984155715,0.23585733453758,0.408487681306705
0.344456827791278,0.252763447993087,0.402779724215635
0.330184228330964,0.17189673966949,0.497919031999546
0.248013294570604,0.186047525583234,0.565939179846162
0.2741790417388,0.20456291555245,0.521258042708749
0.291138950825294,0.228317028411476,0.48054402076323
0.393937102704612,0.241068605764518,0.364994291530871
0.372292109879698,0.21908878443929,0.408619105681012
0.27850299670123,0.165573056880592,0.555923946418178
0.334013573957187,0.192513275143314,0.473473150899499
0.312481342971754,0.219134989701602,0.468383667326643
0.338113392510866,0.219994721907164,0.44189188558197
0.379819393015257,0.217107603787206,0.403073003197536
0.275997134464192,0.242525564312296,0.481477301223512
0.30920245065835,0.14058943709536,0.550208112246289
0.326173415154332,0.18148407300073,0.492342511844938
0.178143963086128,0.137827967607051,0.684028069306821
0.42652162190559,0.235944378508477,0.337533999585933
0.37252433100455,0.1936475603307,0.43382810866475
0.251459604450656,0.23721947479971,0.511320920749633
0.365422510509705,0.258937222635138,0.375640266855157
0.407585076653817,0.171546310730723,0.42086861261546
0.436424771996866,0.222816363509568,0.340758864493567
0.354885539150593,0.186467092333164,0.458647368516243
0.336420047242519,0.260677533463384,0.402902419294097
0.330774966235185,0.272283045918301,0.396941987846515
0.224830003524243,0.220513574779807,0.554656421695949
0.464634209636308,0.244606020340233,0.290759770023459
0.255383071593893,0.161877269861161,0.582739658544946
0.370773611580825,0.27324582286524,0.355980565553935
0.242686231510428,0.182780066286684,0.574533702202888
0.281808292461224,0.261006320637688,0.457185386901088
0.314507895845993,0.181136843149439,0.504355261004569
0.341723694056536,0.191030258478365,0.467246047465098
0.399133395652577,0.203599452369073,0.39726715197835
0.387018800260951,0.174901571202885,0.438079628536164
0.340289622487151,0.204446549416859,0.45526382809599
0.31987111175286,0.1980161908974,0.48211269734974
0.301733385953298,0.192321875607896,0.505944738438806
0.371694664143948,0.255339020502844,0.372966315353209
0.40702020739542,0.269903808687071,0.323075983917509
0.381857363114445,0.241408684650305,0.37673395223525
0.316750509196982,0.265856723546484,0.417392767256534
0.237196164078492,0.142933709018141,0.619870126903367
0.292228239556498,0.299855993310607,0.407915767132895
0.427881657948937,0.207119975613101,0.364998366437962
0.25193711242998,0.186944940187711,0.561117947382308
0.373839870577337,0.187723301402563,0.4384368280201
0.372218837158541,0.28031511156502,0.347466051276438
0.327540812065365,0.160999666666183,0.511459521268451
0.280908013637151,0.11351517290599,0.605576813456858
0.357504216024643,0.251593905604058,0.390901878371299
0.277106461507741,0.231496339734508,0.491397198757751
0.263138403969159,0.24607848960246,0.490783106428381
0.35671491209559,0.289474955862125,0.353810132042286
0.273176160430427,0.175836249231349,0.550987590338224
0.369294564680595,0.273337755815787,0.357367679503618
0.503176273630053,0.187892366763615,0.308931359606332
0.327384779415276,0.244574397639843,0.428040822944881
0.413110624112244,0.263744521014383,0.323144854873373
0.298890936863711,0.213752249611957,0.487356813524332
0.392132999132806,0.215695949362816,0.392171051504378
0.388176107333512,0.247498981033747,0.364324911632741
0.326868889443609,0.176893845133507,0.496237265422885
0.470281235905183,0.15723813549045,0.372480628604367
0.306943034569113,0.188528445839778,0.504528519591109
0.386723079868979,0.14991409284276,0.463362827288261
0.282084798861218,0.147706379367059,0.570208821771722
0.253961173818087,0.311703012909849,0.434335813272064
0.198982677940284,0.176319507120572,0.624697814939144
0.342974299780387,0.200534840474433,0.45649085974518
0.33315768783776,0.334890214727546,0.331952097434694
0.363781992273772,0.166889191503976,0.469328816222252
0.371084493850076,0.231855449076784,0.39706005707314
0.427911031155383,0.215134828295578,0.356954140549039
0.2720869180304,0.217325279929633,0.510587802039966
0.278617256997877,0.278589205084809,0.442793537917314
0.337833108581154,0.219217518576515,0.442949372842331
0.408351295364699,0.276331931134717,0.315316773500584
0.341579548816815,0.29447422710962,0.363946224073565
0.226318677555332,0.221749924967953,0.551931397476715
0.347566565280988,0.186234629541172,0.46619880517784
0.398788128214412,0.196567745696313,0.404644126089275
0.269073851678384,0.245875082794632,0.485051065526984
0.375709414844305,0.295153891396041,0.329136693759653
0.333133069727725,0.255850713697118,0.411016216575157
0.305123338453551,0.22987802339788,0.464998638148568
0.285949290067734,0.334359365264054,0.379691344668212
0.341829517643628,0.224563239473425,0.433607242882947
0.305101439947173,0.215964232529035,0.478934327523791
0.507933812122867,0.224067743423884,0.267998444453248
0.219516274841682,0.132213340037262,0.648270385121056
0.353617688876544,0.226357587207692,0.420024723915764
0.198040216770156,0.240559156889732,0.561400626340112
0.372265939700879,0.213751919553228,0.413982140745894
0.408495718514439,0.215447898365066,0.376056383120495
0.393138899040094,0.18362533779556,0.423235763164346
0.357249019048345,0.158081064616435,0.484669916335221
0.182377138595338,0.211910693969857,0.605712167434805
0.324424091931325,0.243470629067909,0.432105279000766
0.298741994767592,0.1841211478699,0.517136857362508
0.37287184308032,0.20365203991018,0.4234761170095
0.297633352137727,0.299129664151997,0.403236983710276
0.2503517067467,0.188698904610594,0.560949388642706
0.368226303012085,0.260737335710673,0.371036361277242
0.341166106868445,0.125065794821716,0.533768098309839
0.321054821268922,0.181807404076728,0.49713777465435
0.150864301077258,0.24345820646438,0.605677492458361
0.288257365381988,0.164133777826748,0.547608856791263
0.436234986970175,0.226827315881579,0.336937697148246
0.314352357990812,0.208552259546404,0.477095382462784
0.334718228459789,0.227409968031909,0.437871803508302
0.298813846743534,0.231077279405001,0.470108873851464
0.272488493086716,0.171251178379881,0.556260328533403
0.345032938392084,0.314586572144025,0.340380489463891
0.301032152864724,0.184858512699654,0.514109334435622
0.340867244676087,0.181716045597959,0.477416709725954
0.360715880573812,0.319337378552005,0.319946740874183
0.385183973281859,0.207290230597798,0.407525796120343
0.330563012956469,0.201543120448833,0.467893866594698
0.454176752792487,0.186694820357552,0.359128426849961
0.297163888402289,0.183236669215158,0.519599442382553
0.31409388651341,0.19191078903575,0.49399532445084
0.371904166836301,0.164837406507575,0.463258426656124
0.182921379596022,0.260828583042595,0.556250037361383
