"park_era_hand_id","park_era_id","hand","n_bbe","venue_id","venue_name","home_team","park_effect","park_se","hand_effect","hand_se","delta_hand","pf_index_hand","hand_se_combined","component"
"venue_10__base__L","venue_10__base","L",14507,"10","Oakland Coliseum","ATH",-0.00684353244370836,0.00241406927172633,-0.00116059958615291,0.00191811006399397,-0.00800413202986128,3.13299202752575,0.00308332234226139,"xbh_resid"
"venue_10__base__R","venue_10__base","R",23114,"10","Oakland Coliseum","ATH",-0.00684353244370836,0.00241406927172633,0.000675944006085114,0.00190882774461076,-0.00616758843762325,25.3590725228772,0.00307755646695379,"xbh_resid"
"venue_12__base__L","venue_12__base","L",14082,"12","Tropicana Field","TBR",-0.00216570775271714,0.00243028048231701,-0.000278020792535981,0.00192581481000977,-0.00244372854525312,70.425691181446,0.00310081052390886,"xbh_resid"
"venue_12__base__R","venue_12__base","R",21554,"12","Tropicana Field","TBR",-0.00216570775271714,0.00243028048231701,0.000124646441529443,0.00191713335922354,-0.0020410613111877,75.2988204635407,0.00309542622909652,"xbh_resid"
"venue_12__trop_return__L","venue_12__trop_return","L",1049,"12","Tropicana Field","TBR",0.006510328934803,0.0053056872179024,-0.000551702190469549,0.00220548522648866,0.00595862674433345,172.112046902149,0.00574582299922933,"xbh_resid"
"venue_12__trop_return__R","venue_12__trop_return","R",1192,"12","Tropicana Field","TBR",0.006510328934803,0.0053056872179024,0.00101276046296982,0.002202589725223,0.00752308939777282,191.045369810614,0.00574471220792398,"xbh_resid"
"venue_13__base__L","venue_13__base","L",9273,"13","Globe Life Park in Arlington","TEX",0.00665459632083367,0.00275911983424352,1.54155843248294e-05,0.00200715765104881,0.0066700119051585,180.721319186521,0.00341195312041063,"xbh_resid"
"venue_13__base__R","venue_13__base","R",12555,"13","Globe Life Park in Arlington","TEX",0.00665459632083367,0.00275911983424352,0.000455859633031613,0.00199975551838759,0.00711045595386528,186.051628209203,0.00340760390788566,"xbh_resid"
"venue_14__base__L","venue_14__base","L",9346,"14","Rogers Centre","TOR",0.00551823779891243,0.00260936573842219,-0.000961234550176868,0.00198202152705363,0.00455700324873556,155.149423869949,0.00327676652976003,"xbh_resid"
"venue_14__base__R","venue_14__base","R",17701,"14","Rogers Centre","TOR",0.00551823779891243,0.00260936573842219,0.00135203341952372,0.00196766672898654,0.00687027121843615,183.144882469018,0.00326810371824582,"xbh_resid"
"venue_14__of_renovation__L","venue_14__of_renovation","L",5750,"14","Rogers Centre","TOR",0.00148822704693454,0.00301088888057393,0.00187150121891912,0.00205883584787747,0.00335972826585365,140.659852123833,0.00364750008905676,"xbh_resid"
"venue_14__of_renovation__R","venue_14__of_renovation","R",9133,"14","Rogers Centre","TOR",0.00148822704693454,0.00301088888057393,-0.00176610571613819,0.00204739666810571,-0.000277878669203653,96.6370775538547,0.00364105547441042,"xbh_resid"
"venue_15__base__L","venue_15__base","L",4697,"15","Chase Field","AZ",0.0171213873350454,0.00321310900086817,-0.000214825509552785,0.00208850663836016,0.0169065618254926,304.605327976519,0.00383222251832204,"xbh_resid"
"venue_15__base__R","venue_15__base","R",8029,"15","Chase Field","AZ",0.0171213873350454,0.00321310900086817,0.00142735368539926,0.00207429916205144,0.0185487410204447,324.47918620077,0.00382449819782247,"xbh_resid"
"venue_15__humidor__L","venue_15__humidor","L",14923,"15","Chase Field","AZ",0.00165520016290239,0.00247901332276974,-0.00116237015687466,0.00192995134267343,0.000492830006027736,105.964290437097,0.00314169050664716,"xbh_resid"
"venue_15__humidor__R","venue_15__humidor","R",16973,"15","Chase Field","AZ",0.00165520016290239,0.00247901332276974,0.00127959061308191,0.00192720614726553,0.00293479077598431,135.51720541768,0.00314000487078093,"xbh_resid"
"venue_16__base__L","venue_16__base","L",4147,"16","Turner Field","ATL",-0.00946674388260035,0.00362616859801377,0.000171308499753683,0.00212031660120889,-0.00929543538284667,-12.4945228262849,0.00420057629267499,"xbh_resid"
"venue_16__base__R","venue_16__base","R",4244,"16","Turner Field","ATL",-0.00946674388260035,0.00362616859801377,-0.000841738615408259,0.00211882678110553,-0.0103084824980086,-24.7545458512405,0.00419982447604077,"xbh_resid"
"venue_17__base__L","venue_17__base","L",17237,"17","Wrigley Field","CHC",-0.00216185995935672,0.00234715908914641,0.000514792373156895,0.00189398165030162,-0.00164706758619982,80.0669818528234,0.00301601098828267,"xbh_resid"
"venue_17__base__R","venue_17__base","R",25119,"17","Wrigley Field","CHC",-0.00216185995935672,0.00234715908914641,-0.00066789422534017,0.00188682827407292,-0.00282975418469689,65.753960561052,0.00301152398722035,"xbh_resid"
"venue_19__base__L","venue_19__base","L",18908,"19","Coors Field","COL",0.0176128456575586,0.00231868723550528,-0.00094354282887397,0.00188132828589328,0.0166693028286846,301.733989891439,0.00298591805235798,"xbh_resid"
"venue_19__base__R","venue_19__base","R",27529,"19","Coors Field","COL",0.0176128456575586,0.00231868723550528,0.00219087583984633,0.00187431790185886,0.0198037214974049,339.667117061165,0.00298150601094879,"xbh_resid"
"venue_1__base__L","venue_1__base","L",15747,"1","Angel Stadium","LAA",-0.00445833056068416,0.0023479323479188,-0.000422640728280331,0.00189870332636961,-0.00488097128896449,40.9298743451967,0.00301957954556102,"xbh_resid"
"venue_1__base__R","venue_1__base","R",27238,"1","Angel Stadium","LAA",-0.00445833056068416,0.0023479323479188,0.000106903964879733,0.0018883542619527,-0.00435142659580443,47.3384905227844,0.00301308282810786,"xbh_resid"
"venue_22__base__L","venue_22__base","L",17839,"22","Dodger Stadium","LAD",0.00322736995169459,0.00235050741759394,-0.000773584981040002,0.00189637571947081,0.00245378497065459,129.696012937864,0.0030201201945556,"xbh_resid"
"venue_22__base__R","venue_22__base","R",23634,"22","Dodger Stadium","LAD",0.00322736995169459,0.00235050741759394,0.00100214572344875,0.00189089874880836,0.00422951567514334,151.186128251674,0.00301668413964889,"xbh_resid"
"venue_2392__base__L","venue_2392__base","L",15159,"2392","Minute Maid Park","HOU",0.00392293577506922,0.00235820268022184,0.000494554942051955,0.0019054681132116,0.00441749071712117,153.461025744864,0.00303181935666881,"xbh_resid"
"venue_2392__base__R","venue_2392__base","R",27187,"2392","Minute Maid Park","HOU",0.00392293577506922,0.00235820268022184,-0.00021673457234077,0.00189448220300709,0.00370620120272845,144.852910985592,0.00302492689143326,"xbh_resid"
"venue_2394__base__L","venue_2394__base","L",10779,"2394","Comerica Park","DET",-0.00596543946430339,0.0025516416375465,-0.0015346440102956,0.0019602629871252,-0.00750008347459899,9.23305075206329,0.0032176864398437,"xbh_resid"
"venue_2394__base__R","venue_2394__base","R",19326,"2394","Comerica Park","DET",-0.00596543946430339,0.0025516416375465,0.00111217454036548,0.0019477638700362,-0.00485326492393791,41.2651802436883,0.00321008709225768,"xbh_resid"
"venue_2394__cf_in_412__L","venue_2394__cf_in_412","L",6213,"2394","Comerica Park","DET",-0.00397955305761227,0.00302635908082688,0.000393075681922122,0.00205622795022626,-0.00358647737569015,56.5960017590942,0.00365881438028701,"xbh_resid"
"venue_2394__cf_in_412__R","venue_2394__cf_in_412","R",8197,"2394","Comerica Park","DET",-0.00397955305761227,0.00302635908082688,-0.000674905659551449,0.00204893817630756,-0.00465445871716372,43.6711578493459,0.00365472255259326,"xbh_resid"
"venue_2395__base__L","venue_2395__base","L",9417,"2395","AT&T Park","SFG",-0.00946557659631005,0.00276976810527988,0.000522976894429604,0.00200802571741465,-0.00894259970188045,-8.22446123889247,0.00342107916289938,"xbh_resid"
"venue_2395__base__R","venue_2395__base","R",11566,"2395","AT&T Park","SFG",-0.00946557659631005,0.00276976810527988,-0.00119332434344399,0.00200262737344213,-0.010658900939754,-28.9953537069357,0.00341791336254818,"xbh_resid"
"venue_2395__bullpen_center__L","venue_2395__bullpen_center","L",9792,"2395","Oracle Park","SFG",-0.00695110284639718,0.0026780072568407,-0.00012777824231633,0.00198915298304346,-0.00707888108871351,14.3304947621543,0.00333593352116647,"xbh_resid"
"venue_2395__bullpen_center__R","venue_2395__bullpen_center","R",12787,"2395","Oracle Park","SFG",-0.00695110284639718,0.0026780072568407,-0.000364495420417954,0.00198286787708134,-0.00731559826681514,11.4657138348975,0.00333218965331394,"xbh_resid"
"venue_2397__base__L","venue_2397__base","L",39,"2397","Tokyo Dome","CHC",0.00018106600167989,0.00812539472486691,1.38011528704723e-06,0.00225221335463857,0.000182446116966938,102.207985750466,0.00843175571454174,"xbh_resid"
"venue_2397__base__R","venue_2397__base","R",49,"2397","Tokyo Dome","CHC",0.00018106600167989,0.00812539472486691,1.14428893228698e-05,0.00225148001432687,0.00019250889100276,102.329766701744,0.0084315598610108,"xbh_resid"
"venue_2523__steinbrenner__L","venue_2523__steinbrenner","L",1914,"2523","George M. Steinbrenner Field","TBR",-0.00587537924003336,0.00451769926189692,-0.000572979839365001,0.00217531750914349,-0.00644835907939836,21.9611510625864,0.00501414129104179,"xbh_resid"
"venue_2523__steinbrenner__R","venue_2523__steinbrenner","R",2157,"2523","George M. Steinbrenner Field","TBR",-0.00587537924003336,0.00451769926189692,0.000156888389943527,0.00217253421100874,-0.00571849085008983,30.7941077558945,0.00501293442196757,"xbh_resid"
"venue_2529__sutter_health__L","venue_2529__sutter_health","L",2408,"2529","Sutter Health Park","ATH",0.0128124016784114,0.00390337737537683,0.000753495073686243,0.00215200299346808,0.0135658967520977,264.176180994604,0.00445729422615327,"xbh_resid"
"venue_2529__sutter_health__R","venue_2529__sutter_health","R",3880,"2529","Sutter Health Park","ATH",0.0128124016784114,0.00390337737537683,0.000153872870942182,0.00213896975697956,0.0129662745493536,256.919478022066,0.00445101635088852,"xbh_resid"
"venue_2536__base__L","venue_2536__base","L",8,"2536","TD Ballpark","TOR",-0.000768565481562904,0.0082857106626831,2.21400598599206e-06,0.00225459489144545,-0.000766351475576912,90.7255184925138,0.00858697847384238,"xbh_resid"
"venue_2536__base__R","venue_2536__base","R",38,"2536","TD Ballpark","TOR",-0.000768565481562904,0.0082857106626831,-5.66434329444974e-05,0.00225229837167922,-0.000825208914507402,90.0132183974068,0.00858637578613755,"xbh_resid"
"venue_2536__dunedin__L","venue_2536__dunedin","L",251,"2536","TD Ballpark","TOR",0.0110044853395119,0.00609845509152088,-6.15810208427106e-05,0.00223805656514606,0.0109429043186692,232.432398156846,0.00649615668623305,"xbh_resid"
"venue_2536__dunedin__R","venue_2536__dunedin","R",835,"2536","TD Ballpark","TOR",0.0110044853395119,0.00609845509152088,0.000840913225282707,0.00221781970269501,0.0118453985647946,243.354496519091,0.00648921248973703,"xbh_resid"
"venue_2602__base__L","venue_2602__base","L",17285,"2602","Great American Ball Park","CIN",0.00817880972178383,0.00234563222932871,0.0012990194422367,0.00189259019958347,0.00947782916402053,214.701875202431,0.00301394894097843,"xbh_resid"
"venue_2602__base__R","venue_2602__base","R",25036,"2602","Great American Ball Park","CIN",0.00817880972178383,0.00234563222932871,-0.000719800186306559,0.00188544668803973,0.00745900953547727,190.269867294076,0.00300946835316565,"xbh_resid"
"venue_2680__base__L","venue_2680__base","L",17331,"2680","Petco Park","SDP",-0.00573808762132263,0.00234851591439768,-0.000508376208300651,0.00189444241135495,-0.00624646382962328,24.4045126534005,0.00301735630148638,"xbh_resid"
"venue_2680__base__R","venue_2680__base","R",24610,"2680","Petco Park","SDP",-0.00573808762132263,0.00234851591439768,0.000102007683353858,0.0018877130149907,-0.00563607993796877,31.7914549325363,0.0030131358129272,"xbh_resid"
"venue_2681__base__L","venue_2681__base","L",18909,"2681","Citizens Bank Park","PHI",0.0022342865757117,0.00233767407031077,0.00106379418946987,0.00188713248397227,0.00329808076518157,139.913786352203,0.00300432838935205,"xbh_resid"
"venue_2681__base__R","venue_2681__base","R",24103,"2681","Citizens Bank Park","PHI",0.0022342865757117,0.00233767407031077,-0.000905563120164449,0.00188266178195459,0.00132872345554725,116.08037762015,0.00300152218786331,"xbh_resid"
"venue_2735__base__L","venue_2735__base","L",128,"2735","Journey Bank Ballpark","NYM",-0.00376038385530631,0.00763710769620135,-0.000210651582234942,0.00224610766623064,-0.00397103543754126,51.9420319464729,0.00796055359957321,"xbh_resid"
"venue_2735__base__R","venue_2735__base","R",107,"2735","Journey Bank Ballpark","NYM",-0.00376038385530631,0.00763710769620135,-5.56569409791412e-05,0.00224746967363168,-0.00381604079628545,53.817796500856,0.00796093800360686,"xbh_resid"
"venue_2756__base__L","venue_2756__base","L",18,"2756","Sahlen Field","TOR",-0.000121328356671687,0.00830499971608706,9.45561048570792e-05,0.00225380966812213,-2.67722518146083e-05,99.6759988565541,0.00860538658657047,"xbh_resid"
"venue_2756__base__R","venue_2756__base","R",23,"2756","Sahlen Field","TOR",-0.000121328356671687,0.00830499971608706,-0.000103148519018106,0.0022534184332466,-0.000224476875689793,97.2833527450626,0.00860528412776137,"xbh_resid"
"venue_2756__buffalo__L","venue_2756__buffalo","L",298,"2756","Sahlen Field","TOR",0.00623578632931408,0.00595865264729232,-0.00011229310989744,0.00223548173896389,0.00612349321941664,174.107281625501,0.00636419044155067,"xbh_resid"
"venue_2756__buffalo__R","venue_2756__buffalo","R",899,"2756","Sahlen Field","TOR",0.00623578632931408,0.00595865264729232,0.00055390841097764,0.00221561728101924,0.00678969474029172,182.169735842039,0.00635724006995449,"xbh_resid"
"venue_2889__base__L","venue_2889__base","L",17541,"2889","Busch Stadium","STL",-0.0110995015327964,0.0023366704962203,-0.000667453265186728,0.00188975720378555,-0.0117669547979832,-42.4051602316878,0.00300519738073322,"xbh_resid"
"venue_2889__base__R","venue_2889__base","R",26589,"2889","Busch Stadium","STL",-0.0110995015327964,0.0023366704962203,-0.000118607939030212,0.00188181981249681,-0.0112181094718266,-35.762965377066,0.00300021246157867,"xbh_resid"
"venue_2__base__L","venue_2__base","L",9254,"2","Oriole Park at Camden Yards","BAL",0.00281331950677435,0.00264952506402057,0.000299216752930126,0.00198801396390634,0.00311253625970447,137.668303516057,0.00331242850270912,"xbh_resid"
"venue_2__base__R","venue_2__base","R",16457,"2","Oriole Park at Camden Yards","BAL",0.00281331950677435,0.00264952506402057,-9.99788580784714e-05,0.00197511378388279,0.00271334064869587,132.837188250856,0.00330470233518195,"xbh_resid"
"venue_2__wall_deep__L","venue_2__wall_deep","L",5772,"2","Oriole Park at Camden Yards","BAL",-0.0119336471305448,0.00316986354790416,-0.000489884117978752,0.0020708826371838,-0.0124235312485235,-50.3511306419403,0.00378636894786032,"xbh_resid"
"venue_2__wall_deep__R","venue_2__wall_deep","R",6779,"2","Oriole Park at Camden Yards","BAL",-0.0119336471305448,0.00316986354790416,-0.000355250864558196,0.00206625272041099,-0.012288897995103,-48.7217821524607,0.00378383868801742,"xbh_resid"
"venue_2__wall_medium__L","venue_2__wall_medium","L",3117,"2","Oriole Park at Camden Yards","BAL",0.00323309030817086,0.00385691244581411,0.00149100256857182,0.00213872540215003,0.00472409287674268,157.171563468334,0.00441020633989812,"xbh_resid"
"venue_2__wall_medium__R","venue_2__wall_medium","R",3386,"2","Oriole Park at Camden Yards","BAL",0.00323309030817086,0.00385691244581411,-0.00126203671335155,0.00213604658300574,0.00197105359481931,123.853937387743,0.00440890787150812,"xbh_resid"
"venue_31__base__L","venue_31__base","L",18410,"31","PNC Park","PIT",-0.00238103640235321,0.00233078680539382,0.00329579228559869,0.00188442945170724,0.000914755883245481,111.070490229875,0.00299727234175669,"xbh_resid"
"venue_31__base__R","venue_31__base","R",25659,"31","PNC Park","PIT",-0.00238103640235321,0.00233078680539382,-0.00346441610497652,0.00187820478351763,-0.00584545250732973,29.2576018839057,0.00299336271457811,"xbh_resid"
"venue_3289__base__L","venue_3289__base","L",12725,"3289","Citi Field","NYM",-0.00868039651599114,0.00256229715273247,0.00021783565355448,0.00195771945195676,-0.00846256086243666,-2.41497110129603,0.00322459798292295,"xbh_resid"
"venue_3289__base__R","venue_3289__base","R",15187,"3289","Citi Field","NYM",-0.00868039651599114,0.00256229715273247,-0.000832577037956935,0.00195368175875526,-0.00951297355394807,-15.1271970095421,0.00322214821406371,"xbh_resid"
"venue_3289__rf_in_362__L","venue_3289__rf_in_362","L",6379,"3289","Citi Field","NYM",-0.00594254888661359,0.00303410952167601,0.000198945151731108,0.00205639350016042,-0.00574360373488248,30.4901884799074,0.00366532056129162,"xbh_resid"
"venue_3289__rf_in_362__R","venue_3289__rf_in_362","R",7732,"3289","Citi Field","NYM",-0.00594254888661359,0.00303410952167601,-0.000619793522272071,0.00205113923363416,-0.00656234240888566,20.5817105379945,0.00366237528733449,"xbh_resid"
"venue_32__base__L","venue_32__base","L",17577,"32","American Family Field","MIL",0.00352266296121558,0.00234986892637844,0.000104959923295992,0.00189406578465744,0.00362762288451158,143.901946340233,0.00301817315072694,"xbh_resid"
"venue_32__base__R","venue_32__base","R",24214,"32","American Family Field","MIL",0.00352266296121558,0.00234986892637844,0.000144513323873828,0.00188789575300644,0.00366717628508941,144.380626546259,0.00301430495228647,"xbh_resid"
"venue_3309__base__L","venue_3309__base","L",19687,"3309","Nationals Park","WSH",-0.00360888998738999,0.00232688863279201,-0.000412102233767167,0.00188183218490899,-0.00402099222115716,51.3374486963781,0.00299260807349977,"xbh_resid"
"venue_3309__base__R","venue_3309__base","R",24437,"3309","Nationals Park","WSH",-0.00360888998738999,0.00232688863279201,0.000156522431288414,0.00187771512755318,-0.00345236755610158,58.2190155868032,0.00299002087110754,"xbh_resid"
"venue_3312__base__L","venue_3312__base","L",19877,"3312","Target Field","MIN",0.000181610842967217,0.00232513703999646,-0.00248101951486179,0.00187911684839717,-0.00229940867189458,72.1722683582159,0.002989538824751,"xbh_resid"
"venue_3312__base__R","venue_3312__base","R",24705,"3312","Target Field","MIN",0.000181610842967217,0.00232513703999646,0.00249388110485973,0.00187494344218292,0.00267549194782695,132.379138534142,0.00298691733500414,"xbh_resid"
"venue_3313__base__L","venue_3313__base","L",17271,"3313","Yankee Stadium","NYY",-0.00157062161832977,0.00235036500078411,0.000420713616232905,0.00189620903281494,-0.00114990800209687,86.083669385866,0.00301990468939665,"xbh_resid"
"venue_3313__base__R","venue_3313__base","R",24624,"3313","Yankee Stadium","NYY",-0.00157062161832977,0.00235036500078411,-0.00053194426177273,0.00188945864194603,-0.0021025658801025,74.5544844699331,0.00301567067110044,"xbh_resid"
"venue_3949__base__L","venue_3949__base","L",12,"3949","Rickwood Field","STL",0.000618280930419467,0.00834061128419797,-1.37075339319501e-05,0.0022542754094311,0.000604573396487517,107.316622939129,0.00863988160889119,"xbh_resid"
"venue_3949__base__R","venue_3949__base","R",20,"3949","Rickwood Field","STL",0.000618280930419467,0.00834061128419797,5.7493883370477e-05,0.00225365039419786,0.000675774813789944,108.178311406005,0.00863971855405942,"xbh_resid"
"venue_3__base__L","venue_3__base","L",18667,"3","Fenway Park","BOS",0.00753067849422771,0.00232849278880235,0.00245581102914072,0.00188692177021377,0.00998648952336844,220.857746557427,0.00299705729581722,"xbh_resid"
"venue_3__base__R","venue_3__base","R",26140,"3","Fenway Park","BOS",0.00753067849422771,0.00232849278880235,-0.0019224921059184,0.00188067906195179,0.00560818638830932,167.870973837109,0.00299313086943561,"xbh_resid"
"venue_4169__base__L","venue_4169__base","L",1732,"4169","Marlins Park","MIA",-0.00845881727334184,0.004522967079212,-7.93723132735173e-05,0.00218225186104996,-0.00853818958661536,-3.33023939030412,0.00502189748846903,"xbh_resid"
"venue_4169__base__R","venue_4169__base","R",2541,"4169","Marlins Park","MIA",-0.00845881727334184,0.004522967079212,-0.000519676938845663,0.00217186021140596,-0.0089784942121875,-8.65886109675458,0.00501739055461341,"xbh_resid"
"venue_4169__cf_in_407__L","venue_4169__cf_in_407","L",6374,"4169","Marlins Park","MIA",-0.0107264960671536,0.00296869902889438,-0.00136308942679973,0.00205242274555101,-0.0120895854939533,-46.3096773088811,0.00360910141872095,"xbh_resid"
"venue_4169__cf_in_407__R","venue_4169__cf_in_407","R",10051,"4169","Marlins Park","MIA",-0.0107264960671536,0.00296869902889438,0.000603444285025065,0.00204082250670273,-0.0101230517821285,-22.5104401110444,0.00360251723493765,"xbh_resid"
"venue_4169__fence_reduced__L","venue_4169__fence_reduced","L",9072,"4169","loanDepot park","MIA",-0.00329975349499557,0.00267343408375353,0.000418299832522902,0.00199197303901527,-0.00288145366247267,65.1282870080427,0.00333394756832479,"xbh_resid"
"venue_4169__fence_reduced__R","venue_4169__fence_reduced","R",13836,"4169","loanDepot park","MIA",-0.00329975349499557,0.00267343408375353,-0.000651986741634698,0.00198207522486256,-0.00395174023663027,52.1755448837285,0.00332804326852717,"xbh_resid"
"venue_4705__suntrust__L","venue_4705__suntrust","L",14770,"4705","Truist Park","ATL",-0.00348585102996885,0.00244230697492226,-0.000560381959880881,0.0019253244645529,-0.00404623298984974,51.0319817534225,0.0031099417443997,"xbh_resid"
"venue_4705__suntrust__R","venue_4705__suntrust","R",19711,"4705","Truist Park","ATL",-0.00348585102996885,0.00244230697492226,0.000313515715460387,0.00191897611788997,-0.00317233531450847,61.608000835641,0.00310601556673272,"xbh_resid"
"venue_4__base__L","venue_4__base","L",16857,"4","Guaranteed Rate Field","CHW",-0.00541341389049662,0.00234369225235845,-0.0016135159072992,0.00189210091090749,-0.00702692979779582,14.959215789335,0.00301213200753585,"xbh_resid"
"venue_4__base__R","venue_4__base","R",26151,"4","Guaranteed Rate Field","CHW",-0.00541341389049662,0.00234369225235845,0.00123014061525236,0.00188401416666719,-0.00418327327524426,49.3735030616246,0.00300705882116857,"xbh_resid"
"venue_5150__base__L","venue_5150__base","L",59,"5150","Gocheok Sky Dome","LAD",-0.00493450394563538,0.00800156188899988,-0.000319615832652876,0.00225077410054225,-0.00525411977828826,36.4139846078221,0.00831209821375849,"xbh_resid"
"venue_5150__base__R","venue_5150__base","R",64,"5150","Gocheok Sky Dome","LAD",-0.00493450394563538,0.00800156188899988,-2.98432941599042e-05,0.00225042109937153,-0.00496434723979529,39.9208481492633,0.00831200263402219,"xbh_resid"
"venue_5325__globe_life__L","venue_5325__globe_life","L",9621,"5325","Globe Life Field","TEX",-0.00290349082060626,0.00268506443445909,-0.000719347068197794,0.00199180485744535,-0.00362283788880406,56.1559622769183,0.00334318076199,"xbh_resid"
"venue_5325__globe_life__R","venue_5325__globe_life","R",12785,"5325","Globe Life Field","TEX",-0.00290349082060626,0.00268506443445909,0.000513723285533482,0.00198512427089736,-0.00238976753507278,71.0787340827676,0.00333920490358153,"xbh_resid"
"venue_5340__base__L","venue_5340__base","L",129,"5340","Estadio Alfredo Harp Helu","AZ",0.0151861454614091,0.00738219748193271,0.000343331381133552,0.00224596127239982,0.0155294768425427,287.939673096698,0.00771629326162332,"xbh_resid"
"venue_5340__base__R","venue_5340__base","R",197,"5340","Estadio Alfredo Harp Helu","AZ",0.0151861454614091,0.00738219748193271,0.00073214392318552,0.00224195577722418,0.0159182893845946,292.645131161386,0.00771512834431693,"xbh_resid"
"venue_5355__sutter_health__L","venue_5355__sutter_health","L",158,"5355","Las Vegas Ballpark","ATH",0.0160904065026483,0.00737395899395731,0.000586177876189155,0.00224434799235454,0.0166765843788375,301.822112123067,0.007707941953294,"xbh_resid"
"venue_5355__sutter_health__R","venue_5355__sutter_health","R",184,"5355","Las Vegas Ballpark","ATH",0.0160904065026483,0.00737395899395731,0.000553336747454362,0.00224292339116724,0.0166437432501027,301.424664671287,0.00770752726775644,"xbh_resid"
"venue_5365__base__L","venue_5365__base","L",12,"5365","TD Ameritrade Park","KCR",-0.0015717333624986,0.00830158470961873,-9.36664546410991e-05,0.00225432217398501,-0.0016653998171397,79.8451228987255,0.00860222512813377,"xbh_resid"
"venue_5365__base__R","venue_5365__base","R",32,"5365","TD Ameritrade Park","KCR",-0.0015717333624986,0.00830158470961873,-1.76429240710408e-05,0.00225285973126117,-0.00158937628656964,80.7651691841131,0.00860184199225454,"xbh_resid"
"venue_5381__base__L","venue_5381__base","L",109,"5381","London Stadium","BOS",0.00565890087729681,0.00734418120383654,0.000118747176667893,0.00224737008747721,0.0057776480539647,169.921820132101,0.0076803430824979,"xbh_resid"
"venue_5381__base__R","venue_5381__base","R",237,"5381","London Stadium","BOS",0.00565890087729681,0.00734418120383654,0.000282013382263138,0.00224003251570117,0.00594091425955995,171.897688193751,0.00767819921766715,"xbh_resid"
"venue_5__base__L","venue_5__base","L",16150,"5","Progressive Field","CLE",0.00338442750714486,0.00247715627304424,0.00121792764074057,0.00192615852504521,0.00460235514788543,155.698278231688,0.0031378957702076,"xbh_resid"
"venue_5__base__R","venue_5__base","R",16677,"5","Progressive Field","CLE",0.00338442750714486,0.00247715627304424,-0.000978244160000977,0.00192497223337422,0.00240618334714389,129.119932130238,0.00313716771951137,"xbh_resid"
"venue_5__wind_tunnel__L","venue_5__wind_tunnel","L",5683,"5","Progressive Field","CLE",-0.00416284820025235,0.0033679296978102,-0.000704283196311413,0.00209155423843579,-0.00486713139656376,41.0973664558363,0.00396453649014744,"xbh_resid"
"venue_5__wind_tunnel__R","venue_5__wind_tunnel","R",4308,"5","Progressive Field","CLE",-0.00416284820025235,0.0033679296978102,0.000409472347411371,0.00209856338590187,-0.00375337585284098,54.576175492305,0.0039682387445868,"xbh_resid"
"venue_6130__base__L","venue_6130__base","L",16,"6130","Bristol Motor Speedway","CIN",-0.00277960623082245,0.00829250374465965,-7.20647189134921e-05,0.00225395972344903,-0.00285167094973594,65.4887211264889,0.00859336679015417,"xbh_resid"
"venue_6130__base__R","venue_6130__base","R",28,"6130","Bristol Motor Speedway","CIN",-0.00277960623082245,0.00829250374465965,-0.000124785618427053,0.00225303756994272,-0.0029043918492495,64.8506861997232,0.00859312496399113,"xbh_resid"
"venue_680__base__L","venue_680__base","L",18834,"680","T-Mobile Park","SEA",-0.00654333809046592,0.00234557024988167,-0.000356022711425287,0.00189129165948921,-0.00689936080189121,16.5030717498852,0.00301308545155683,"xbh_resid"
"venue_680__base__R","venue_680__base","R",23211,"680","T-Mobile Park","SEA",-0.00654333809046592,0.00234557024988167,-0.000107373253140473,0.00188724265903024,-0.0066507113436064,19.5122586258848,0.00301054557367822,"xbh_resid"
"venue_7__base__L","venue_7__base","L",17633,"7","Kauffman Stadium","KCR",-0.00287692518696599,0.00235010078259736,0.000500253328772958,0.00189246531920831,-0.00237667185819304,71.2372196039937,0.00301734961063032,"xbh_resid"
"venue_7__base__R","venue_7__base","R",25712,"7","Kauffman Stadium","KCR",-0.00287692518696599,0.00235010078259736,-0.000703995746413051,0.00188544821503464,-0.00358092093337904,56.6632465196305,0.00301295347789209,"xbh_resid"
"venue_7__walls_in__L","venue_7__walls_in","L",1053,"7","Kauffman Stadium","KCR",0.0075175227713121,0.0053051700444065,0.000675253249386822,0.00220551336827027,0.00819277602069892,199.15000116852,0.00574535624810916,"xbh_resid"
"venue_7__walls_in__R","venue_7__walls_in","R",1177,"7","Kauffman Stadium","KCR",0.0075175227713121,0.0053051700444065,-0.000142866007953626,0.00220302138442191,0.00737465676335847,189.249019484613,0.00574440009228886,"xbh_resid"
