"park_era_half_id","park_era_id","half","n_bbe","venue_id","venue_name","home_team","park_effect","park_se","half_effect","half_se","delta_overall","delta_half","pf_index_overall","pf_index_half","component"
"home_col__base__1H","home_col__base","1H",29200,,,"COL",0.0290313432386724,0.00232432177233435,0.00304851318065977,0.00190337899814857,0.0290313432386724,0.0320798564193321,652.219754595545,710.207054275937,"bacon_resid"
"home_col__base__2H","home_col__base","2H",30700,,,"COL",0.0290313432386724,0.00232432177233435,-0.000908739671901695,0.00190190918879669,0.0290313432386724,0.0281226035667707,652.219754595545,634.934161073978,"bacon_resid"
"home_bos__base__2H","home_bos__base","2H",28400,,,"BOS",0.0153489180753328,0.00231953813383413,0.00183015235054708,0.00190054093811158,0.0153489180753328,0.0171790704258798,391.959476459105,426.771723125849,"bacon_resid"
"home_bos__base__1H","home_bos__base","1H",28167,,,"BOS",0.0153489180753328,0.00231953813383413,-0.000698850639297542,0.0019008307285102,0.0153489180753328,0.0146500674360352,391.959476459105,378.666287599082,"bacon_resid"
"home_ath__sutter_health__1H","home_ath__sutter_health","1H",3044,,,"ATH",0.0110934234788603,0.00478974354618178,0.000999827255632797,0.00215296018720856,0.0110934234788603,0.0120932507344931,311.01357731737,330.031793498563,"bacon_resid"
"home_ath__sutter_health__2H","home_ath__sutter_health","2H",2483,,,"ATH",0.0110934234788603,0.00478974354618178,-0.000182179464222889,0.0021590576877599,0.0110934234788603,0.0109112440146374,311.01357731737,307.548250267277,"bacon_resid"
"home_cin__base__2H","home_cin__base","2H",26884,,,"CIN",0.00847631473886238,0.00235402801313384,0.00166873094129357,0.0019162396352737,0.00847631473886238,0.0101450456801559,261.232238084456,292.974007086022,"bacon_resid"
"home_tor__dunedin__1H","home_tor__dunedin","1H",1492,,,"TOR",0.00739497431798852,0.006386126422448,0.000545051257635535,0.00218716332074323,0.00739497431798852,0.00794002557562405,240.663519064464,251.031212672679,"bacon_resid"
"home_az__base__1H","home_az__base","1H",27503,,,"AZ",0.00702370616890213,0.00288283892312677,0.000433276804828777,0.00201668682896181,0.00702370616890213,0.00745698297373091,233.601441209777,241.843016836074,"bacon_resid"
"home_cin__base__1H","home_cin__base","1H",26670,,,"CIN",0.00847631473886238,0.00235402801313384,-0.0010439788042351,0.00191661845800549,0.00847631473886238,0.00743233593462728,261.232238084456,241.37419313152,"bacon_resid"
"home_tex__base__1H","home_tex__base","1H",13754,,,"TEX",0.00650821840873405,0.00283687120256014,0.000801154792000097,0.00201040014499218,0.00650821840873405,0.00730937320073415,223.796089728905,239.03525723811,"bacon_resid"
"home_az__base__2H","home_az__base","2H",28692,,,"AZ",0.00702370616890213,0.00288283892312677,8.44098991409257e-05,0.0020151878166841,0.00702370616890213,0.00710811606804306,233.601441209777,235.207044278358,"bacon_resid"
"home_tex__base__2H","home_tex__base","2H",14919,,,"TEX",0.00650821840873405,0.00283687120256014,-0.000321462439317467,0.00200847860639776,0.00650821840873405,0.00618675596941659,223.796089728905,217.681391284118,"bacon_resid"
"home_hou__base__2H","home_hou__base","2H",26707,,,"HOU",0.00421626889823421,0.00235391995796536,0.00136779127816889,0.00191069993488138,0.00421626889823421,0.0055840601764031,180.199767442734,206.217212028702,"bacon_resid"
"home_tbr__steinbrenner__2H","home_tbr__steinbrenner","2H",2351,,,"TBR",0.00275432458072483,0.00473866011554318,0.000654299116308042,0.0021582963600308,0.00275432458072483,0.00340862369703287,152.391390627019,164.837142601678,"bacon_resid"
"home_wsh__base__2H","home_wsh__base","2H",28834,,,"WSH",0.0018864566648058,0.00287134511753386,0.00149151601791835,0.00201422116909308,0.0018864566648058,0.00337797268272415,135.883239295194,164.254114270521,"bacon_resid"
"home_hou__base__1H","home_hou__base","1H",27351,,,"HOU",0.00421626889823421,0.00235391995796536,-0.00105702851324585,0.00190974125254793,0.00421626889823421,0.00315924038498836,180.199767442734,160.093497423249,"bacon_resid"
"home_phi__base__2H","home_phi__base","2H",28142,,,"PHI",0.00212300906120914,0.00237837884952961,0.000906552253294904,0.00192011884950356,0.00212300906120914,0.00302956131450404,140.382821185598,157.626806719677,"bacon_resid"
"home_bal__wall_medium__1H","home_bal__wall_medium","1H",2545,,,"BAL",0.00159694209470279,0.00479278478480794,0.00079685033421133,0.00215868232831616,0.00159694209470279,0.00239379242891412,130.376237309797,145.533527566397,"bacon_resid"
"home_tbr__steinbrenner__1H","home_tbr__steinbrenner","1H",3442,,,"TBR",0.00275432458072483,0.00473866011554318,-0.000451289881643298,0.00214942444797376,0.00275432458072483,0.00230303469908153,152.391390627019,143.807179223375,"bacon_resid"
"home_tor__buffalo__1H","home_tor__buffalo","1H",760,,,"TOR",0.00177224388201148,0.00644808430870742,0.00049862435130979,0.00219591170811201,0.00177224388201148,0.00227086823332127,133.710740614446,143.195324729344,"bacon_resid"
"home_min__base__1H","home_min__base","1H",27150,,,"MIN",0.00117193172693577,0.00232026745791099,0.000789443113027966,0.00190483311583395,0.00117193172693577,0.00196137483996373,122.291901732922,137.308295516683,"bacon_resid"
"home_tor__buffalo__2H","home_tor__buffalo","2H",568,,,"TOR",0.00177224388201148,0.00644808430870742,-0.000367999995471595,0.0022004209014579,0.00177224388201148,0.00140424388653989,133.710740614446,126.710827950406,"bacon_resid"
"home_phi__base__1H","home_phi__base","1H",25710,,,"PHI",0.00212300906120914,0.00237837884952961,-0.000750074528150917,0.00192286925810092,0.00212300906120914,0.00137293453305822,140.382821185598,126.115277019329,"bacon_resid"
"home_atl__suntrust__1H","home_atl__suntrust","1H",21647,,,"ATL",-4.16696188129019e-06,0.00252791182336094,0.00114059401064359,0.00195524100061954,-4.16696188129019e-06,0.0011364270487623,99.9207381260806,121.616549424668,"bacon_resid"
"home_bal__wall_medium__2H","home_bal__wall_medium","2H",2760,,,"BAL",0.00159694209470279,0.00479278478480794,-0.000679146707442682,0.0021559560532897,0.00159694209470279,0.000917795387260108,130.376237309797,117.457846829718,"bacon_resid"
"home_tex__globe_life__2H","home_tex__globe_life","2H",13318,,,"TEX",-0.000910074592576799,0.00286283941077029,0.00160868610798986,0.00201356629345917,-0.000910074592576799,0.000698611515413065,82.68901428209,113.288640364567,"bacon_resid"
"home_wsh__base__1H","home_wsh__base","1H",27202,,,"WSH",0.0018864566648058,0.00287134511753386,-0.00135247353671264,0.0020172066491357,0.0018864566648058,0.000533983128093166,135.883239295194,110.157161159562,"bacon_resid"
"home_min__base__2H","home_min__base","2H",28528,,,"MIN",0.00117193172693577,0.00232026745791099,-0.000703065144131729,0.00190391007473448,0.00117193172693577,0.000468866582804038,122.291901732922,108.918546660604,"bacon_resid"
"home_tbr__base__1H","home_tbr__base","1H",23537,,,"TBR",-0.000815455981758765,0.00242209124277428,0.00102569967283786,0.00193417657424691,-0.000815455981758765,0.000210243691079098,84.4888023806477,103.999150798448,"bacon_resid"
"home_cle__base__2H","home_cle__base","2H",29658,,,"CLE",-0.00178119296035548,0.00234092198348025,0.00142287866385441,0.00190583849962213,-0.00178119296035548,-0.000358314296501073,66.1190344735906,93.184323878672,"bacon_resid"
"home_chw__base__2H","home_chw__base","2H",28644,,,"CHW",-0.0027817498247603,0.00232885416938325,0.00222044920571367,0.0019063518601939,-0.0027817498247603,-0.000561300619046638,47.0869400376535,89.3232191305787,"bacon_resid"
"home_kcr__base__2H","home_kcr__base","2H",28772,,,"KCR",-0.000941207622848902,0.00231328041075546,0.000159130508479872,0.00189922554018486,-0.000941207622848902,-0.000782077114369029,82.0968172833037,85.1237185747452,"bacon_resid"
"home_sfg__base__1H","home_sfg__base","1H",27316,,,"SFG",-0.0018252524598111,0.00236974699116294,0.00101450310066177,0.00191962408343581,-0.0018252524598111,-0.000810749359149336,65.2809566148791,84.5783294122075,"bacon_resid"
"home_bal__base__1H","home_bal__base","1H",17134,,,"BAL",-0.00148971604988616,0.00268237170668328,0.000619273001279521,0.00198321886166924,-0.00148971604988616,-0.000870443048606635,71.6633631202661,83.4428657765084,"bacon_resid"
"home_mil__base__1H","home_mil__base","1H",26372,,,"MIL",-0.00138991661295819,0.00237267999626792,0.000339297559938672,0.00191945235703197,-0.00138991661295819,-0.00105061905301952,73.561698313235,80.0156475412752,"bacon_resid"
"home_atl__suntrust__2H","home_atl__suntrust","2H",20959,,,"ATL",-4.16696188129019e-06,0.00252791182336094,-0.00114090113920369,0.00195610027847061,-4.16696188129019e-06,-0.00114506810108498,99.9207381260806,78.2190847809613,"bacon_resid"
"home_kcr__base__1H","home_kcr__base","1H",28629,,,"KCR",-0.000941207622848902,0.00231328041075546,-0.000228502811410696,0.00189924500510342,-0.000941207622848902,-0.0011697104342596,82.0968172833037,77.7503505902463,"bacon_resid"
"home_chc__base__1H","home_chc__base","1H",24900,,,"CHC",-0.00182405063448414,0.0023715119590523,0.000144860248571717,0.00191921137453661,-0.00182405063448414,-0.00167919038591243,65.3038171377858,68.059276651294,"bacon_resid"
"home_mil__base__2H","home_mil__base","2H",25707,,,"MIL",-0.00138991661295819,0.00237267999626792,-0.00044174224268429,0.00192012910454375,-0.00138991661295819,-0.00183165885564248,73.561698313235,65.1590973435129,"bacon_resid"
"home_tbr__base__2H","home_tbr__base","2H",23009,,,"TBR",-0.000815455981758765,0.00242209124277428,-0.00108580337155365,0.00193444237127617,-0.000815455981758765,-0.00190125935331242,84.4888023806477,63.8351913352019,"bacon_resid"
"home_chc__base__2H","home_chc__base","2H",27364,,,"CHC",-0.00182405063448414,0.0023715119590523,-0.000279303053856865,0.00191725039862024,-0.00182405063448414,-0.00210335368834101,65.3038171377858,59.991053529481,"bacon_resid"
"home_bal__base__2H","home_bal__base","2H",17436,,,"BAL",-0.00148971604988616,0.00268237170668328,-0.000729073464622902,0.00198282365168941,-0.00148971604988616,-0.00221878951450906,71.6633631202661,57.7952907267066,"bacon_resid"
"home_tex__globe_life__1H","home_tex__globe_life","1H",13108,,,"TEX",-0.000910074592576799,0.00286283941077029,-0.00167576373123663,0.00201432557427962,-0.000910074592576799,-0.00258583832381343,82.68901428209,50.813471052285,"bacon_resid"
"home_sfg__base__2H","home_sfg__base","2H",26616,,,"SFG",-0.0018252524598111,0.00236974699116294,-0.00114903448724703,0.00191989886760963,-0.0018252524598111,-0.00297428694705814,65.2809566148791,43.4245947733734,"bacon_resid"
"home_bal__wall_deep__1H","home_bal__wall_deep","1H",7761,,,"BAL",-0.00306019725725441,0.00338999120404421,-9.7886309637467e-05,0.00207552443388852,-0.00306019725725441,-0.00315808356689187,41.7904516328447,39.9285069945318,"bacon_resid"
"home_bal__wall_deep__2H","home_bal__wall_deep","2H",8130,,,"BAL",-0.00306019725725441,0.00338999120404421,-0.000127667464041592,0.00207423782349294,-0.00306019725725441,-0.003187864721296,41.7904516328447,39.3620247053241,"bacon_resid"
"home_cle__base__1H","home_cle__base","1H",24987,,,"CLE",-0.00178119296035548,0.00234092198348025,-0.00155416261717286,0.00190949982343055,-0.00178119296035548,-0.00333535557752834,66.1190344735906,36.5565270828367,"bacon_resid"
"home_sdp__base__1H","home_sdp__base","1H",27361,,,"SDP",-0.00443540993669311,0.00238862385946419,0.000999264148779959,0.00192462965947854,-0.00443540993669311,-0.00343614578791316,15.6318408474949,34.6393458905385,"bacon_resid"
"home_mia__base__2H","home_mia__base","2H",27620,,,"MIA",-0.00338129930076832,0.0023691658073926,-0.000115223670250301,0.00192147742581861,-0.00338129930076832,-0.00349652297101863,35.6826084575699,33.4908811790174,"bacon_resid"
"home_mia__base__1H","home_mia__base","1H",26156,,,"MIA",-0.00338129930076832,0.0023691658073926,-0.000133997132570992,0.00192342437598828,-0.00338129930076832,-0.00351529643333932,35.6826084575699,33.1337817272142,"bacon_resid"
"home_lad__base__1H","home_lad__base","1H",26073,,,"LAD",-0.00380000673793302,0.00238649720372598,-9.88162609687118e-05,0.00192457202524325,-0.00380000673793302,-0.00389882299890173,27.7181640879958,25.8385303785399,"bacon_resid"
"home_lad__base__2H","home_lad__base","2H",25867,,,"LAD",-0.00380000673793302,0.00238649720372598,-0.000181265638239587,0.00192418800621528,-0.00380000673793302,-0.00398127237617261,27.7181640879958,24.2702193807068,"bacon_resid"
"home_laa__base__1H","home_laa__base","1H",27328,,,"LAA",-0.00536120722267231,0.00233124246881842,0.00127257447708101,0.00190987818723822,-0.00536120722267231,-0.0040886327455913,-1.9782141150199,22.2280638949522,"bacon_resid"
"home_nyy__base__2H","home_nyy__base","2H",26109,,,"NYY",-0.00479998245641066,0.00235607315110728,0.000184286080370994,0.00191394005365796,-0.00479998245641066,-0.00461569637603967,8.69712392049717,12.2025219739459,"bacon_resid"
"home_pit__base__2H","home_pit__base","2H",27843,,,"PIT",-0.00508837163509741,0.00234006616587777,0.000467932639609569,0.00191041452512609,-0.00508837163509741,-0.00462043899548784,3.21152857021846,12.1123102284446,"bacon_resid"
"home_tor__base__1H","home_tor__base","1H",24269,,,"TOR",-0.00498693253544749,0.00236655710168198,7.15183828836175e-05,0.00191928737030423,-0.00498693253544749,-0.00491541415256387,5.14105261099559,6.50143967680838,"bacon_resid"
"home_chw__base__1H","home_chw__base","1H",26574,,,"CHW",-0.0027817498247603,0.00232885416938325,-0.00242547983533349,0.00190795989510046,-0.0027817498247603,-0.00520722966009379,47.0869400376535,0.950670405454679,"bacon_resid"
"home_nyy__base__1H","home_nyy__base","1H",26438,,,"NYY",-0.00479998245641066,0.00235607315110728,-0.000538071822153749,0.00191377109434464,-0.00479998245641066,-0.00533805427856441,8.69712392049717,-1.53781034147358,"bacon_resid"
"home_tor__base__2H","home_tor__base","2H",27392,,,"TOR",-0.00498693253544749,0.00236655710168198,-0.00043908339844903,0.00191578540365831,-0.00498693253544749,-0.00542601593389652,5.14105261099559,-3.21097314768541,"bacon_resid"
"home_sdp__base__2H","home_sdp__base","2H",24698,,,"SDP",-0.00443540993669311,0.00238862385946419,-0.00132617884249214,0.00192689599421138,-0.00443540993669311,-0.00576158877918526,15.6318408474949,-9.59407270841901,"bacon_resid"
"home_pit__base__1H","home_pit__base","1H",27375,,,"PIT",-0.00508837163509741,0.00234006616587777,-0.000842974288146372,0.00191089879639942,-0.00508837163509741,-0.00593134592324378,3.21152857021846,-12.8231085701825,"bacon_resid"
"home_det__base__1H","home_det__base","1H",27461,,,"DET",-0.00590527937705896,0.00232076587542025,-7.35698010674657e-05,0.00190573525647122,-0.00590527937705896,-0.00597884917812642,-12.3272837087905,-13.7266918297693,"bacon_resid"
"home_atl__base__2H","home_atl__base","2H",5194,,,"ATL",-0.00606130347705305,0.00396496966782618,-0.000147433938928665,0.00212148633570035,-0.00606130347705305,-0.00620873741598172,-15.2950964448873,-18.0995114147668,"bacon_resid"
"home_det__base__2H","home_det__base","2H",28269,,,"DET",-0.00590527937705896,0.00232076587542025,-0.000361682549089127,0.00190475611233787,-0.00590527937705896,-0.00626696192614808,-12.3272837087905,-19.2070290535885,"bacon_resid"
"home_atl__base__1H","home_atl__base","1H",5463,,,"ATL",-0.00606130347705305,0.00396496966782618,-0.00029931826615183,0.0021196176796406,-0.00606130347705305,-0.00636062174320488,-15.2950964448873,-20.9885794546623,"bacon_resid"
"home_stl__base__1H","home_stl__base","1H",28269,,,"STL",-0.00762457955376416,0.00234672357108729,0.000706659902888756,0.00190810764470869,-0.00762457955376416,-0.0069179196508754,-45.0309555248261,-31.5892227414833,"bacon_resid"
"home_laa__base__2H","home_laa__base","2H",26865,,,"LAA",-0.00536120722267231,0.00233124246881842,-0.00166772564510154,0.00191006171625411,-0.00536120722267231,-0.00702893286777386,-1.9782141150199,-33.7008608730205,"bacon_resid"
"home_nym__base__2H","home_nym__base","2H",28211,,,"NYM",-0.00892318053853354,0.00238038240004437,0.000793655954583816,0.00192146973651556,-0.00892318053853354,-0.00812952458394972,-69.7322968038483,-54.6357684458442,"bacon_resid"
"home_stl__base__2H","home_stl__base","2H",27348,,,"STL",-0.00762457955376416,0.00234672357108729,-0.00126863435961399,0.00190862425592786,-0.00762457955376416,-0.00889321391337815,-45.0309555248261,-69.1622865823674,"bacon_resid"
"home_nym__base__1H","home_nym__base","1H",24744,,,"NYM",-0.00892318053853354,0.00238038240004437,-0.00145134461793982,0.00192426185190689,-0.00892318053853354,-0.0103745251564734,-69.7322968038483,-97.3390514125939,"bacon_resid"
"home_ath__base__1H","home_ath__base","1H",25003,,,"ATH",-0.0108676737591037,0.00238663583693323,5.36590751712728e-05,0.00192340653977187,-0.0108676737591037,-0.0108140146839324,-106.719478562823,-105.698802355067,"bacon_resid"
"home_ath__base__2H","home_ath__base","2H",24915,,,"ATH",-0.0108676737591037,0.00238663583693323,-0.000854667840773737,0.00192305126829231,-0.0108676737591037,-0.0117223415998775,-106.719478562823,-122.976544638363,"bacon_resid"
"home_sea__base__2H","home_sea__base","2H",26249,,,"SEA",-0.0123398678477468,0.00235761391600145,-0.000382456488701645,0.00191353467343267,-0.0123398678477468,-0.0127223243364485,-134.722821421054,-141.99771830054,"bacon_resid"
"home_sea__base__1H","home_sea__base","1H",26082,,,"SEA",-0.0123398678477468,0.00235761391600145,-0.000527061273011748,0.00191364983413209,-0.0123398678477468,-0.0128669291207586,-134.722821421054,-144.748318500075,"bacon_resid"
"home_sfg__base__2H","home_sfg__base","2H",26616,,,"SFG",-0.011634574874113,0.00121298084150245,-0.000880219179291064,0.00100666043186137,-0.011634574874113,-0.0125147940534041,530.972795921517,563.578243462782,"hr_resid"
"home_sfg__base__1H","home_sfg__base","1H",27316,,,"SFG",-0.011634574874113,0.00121298084150245,0.000403835836980056,0.00100658173800829,-0.011634574874113,-0.011230739037133,530.972795921517,516.013739691293,"hr_resid"
"home_kcr__base__1H","home_kcr__base","1H",28629,,,"KCR",-0.00953472693536224,0.00119018528814698,-0.000528223820957378,0.00099568682536792,-0.00953472693536224,-0.0100629507563196,453.189349000131,472.756037035881,"hr_resid"
"home_kcr__base__2H","home_kcr__base","2H",28772,,,"KCR",-0.00953472693536224,0.00119018528814698,0.000137819776557514,0.000995704391828362,-0.00953472693536224,-0.00939690715880472,453.189349000131,448.084171107604,"hr_resid"
"home_stl__base__2H","home_stl__base","2H",27348,,,"STL",-0.00847653953259319,0.00120318305421542,-0.000685788450083594,0.00100049004825221,-0.00847653953259319,-0.00916232798267678,413.991527978323,439.394791006079,"hr_resid"
"home_atl__base__1H","home_atl__base","1H",5463,,,"ATL",-0.00895325463547205,0.00196465249994819,-0.000204713669717081,0.00114024974240977,-0.00895325463547205,-0.00915796830518913,431.650208503286,439.233298006421,"hr_resid"
"home_atl__base__2H","home_atl__base","2H",5194,,,"ATL",-0.00895325463547205,0.00196465249994819,-0.000161881707775261,0.00114080770226136,-0.00895325463547205,-0.00911513634324731,431.650208503286,437.646698530926,"hr_resid"
"home_stl__base__1H","home_stl__base","1H",28269,,,"STL",-0.00847653953259319,0.00120318305421542,0.00033871240497309,0.00100034715682506,-0.00847653953259319,-0.0081378271276201,413.991527978323,401.444801195091,"hr_resid"
"home_bal__wall_deep__1H","home_bal__wall_deep","1H",7761,,,"BAL",-0.00731158318455756,0.00165705860523666,-0.000196283096566381,0.00110503876812299,-0.00731158318455756,-0.00750786628112394,370.83872696309,378.109527644219,"hr_resid"
"home_bal__wall_deep__2H","home_bal__wall_deep","2H",8130,,,"BAL",-0.00731158318455756,0.00165705860523666,-0.000103093242732795,0.00110466879514661,-0.00731158318455756,-0.00741467642729036,370.83872696309,374.657550043598,"hr_resid"
"home_pit__base__2H","home_pit__base","2H",27843,,,"PIT",-0.00625673974732957,0.0012020398177567,-0.000338124875360254,0.00100173009734348,-0.00625673974732957,-0.00659486462268982,331.764774513558,344.28973777877,"hr_resid"
"home_det__base__1H","home_det__base","1H",27461,,,"DET",-0.00551258689742814,0.00119375117443761,-0.00107425546232992,0.000998976856357427,-0.00551258689742814,-0.00658684235975806,304.199552940351,343.992573754924,"hr_resid"
"home_ath__base__1H","home_ath__base","1H",25003,,,"ATH",-0.00620712904975989,0.00122155401969758,-0.000226883363578637,0.00100852898961443,-0.00620712904975989,-0.00643401241333853,329.927074273492,338.331382862981,"hr_resid"
"home_mia__base__2H","home_mia__base","2H",27620,,,"MIA",-0.00622918884957066,0.00121268382426466,-0.000181761148963326,0.00100800978339557,-0.00622918884957066,-0.00641094999853398,330.744222618385,337.477095233518,"hr_resid"
"home_mia__base__1H","home_mia__base","1H",26156,,,"MIA",-0.00622918884957066,0.00121268382426466,-7.32960264364129e-05,0.00100843581633089,-0.00622918884957066,-0.00630248487600707,330.744222618385,333.459284731529,"hr_resid"
"home_bos__base__1H","home_bos__base","1H",28167,,,"BOS",-0.00535705160627396,0.00119301574404116,-0.000925746163170925,0.000996481527079036,-0.00535705160627396,-0.00628279776944488,298.438149535546,332.730026683812,"hr_resid"
"home_ath__base__2H","home_ath__base","2H",24915,,,"ATH",-0.00620712904975989,0.00122155401969758,-2.72705625570391e-05,0.00100846242945323,-0.00620712904975989,-0.00623439961231693,329.927074273492,330.937241874692,"hr_resid"
"home_pit__base__1H","home_pit__base","1H",27375,,,"PIT",-0.00625673974732957,0.0012020398177567,8.19396150327098e-05,0.001001789350645,-0.00625673974732957,-0.00617480013229686,331.764774513558,328.729532971045,"hr_resid"
"home_min__base__1H","home_min__base","1H",27150,,,"MIN",-0.00461937153733972,0.00119337261971259,-0.000321509329537779,0.000998459146231545,-0.00461937153733972,-0.0049408808668775,271.112695426213,283.022178683229,"hr_resid"
"home_az__base__2H","home_az__base","2H",28692,,,"AZ",-0.0040258269121263,0.00147674220469885,-0.000795392177467208,0.00106366794056805,-0.0040258269121263,-0.00482121908959351,249.126366797947,278.589617005727,"hr_resid"
"home_det__base__2H","home_det__base","2H",28269,,,"DET",-0.00551258689742814,0.00119375117443761,0.000848539903342697,0.000998779764715791,-0.00551258689742814,-0.00466404699408544,304.199552940351,272.767582408428,"hr_resid"
"home_bos__base__2H","home_bos__base","2H",28400,,,"BOS",-0.00535705160627396,0.00119301574404116,0.000706399072528504,0.000996446530891753,-0.00535705160627396,-0.00465065253374545,298.438149535546,272.271419197907,"hr_resid"
"home_min__base__2H","home_min__base","2H",28528,,,"MIN",-0.00461937153733972,0.00119337261971259,0.00013236690909787,0.000998244903359838,-0.00461937153733972,-0.00448700462824185,271.112695426213,266.209504934197,"hr_resid"
"home_az__base__1H","home_az__base","1H",27503,,,"AZ",-0.0040258269121263,0.00147674220469885,0.000630552731183616,0.00106403378747755,-0.0040258269121263,-0.00339527418094268,249.126366797947,225.769168406556,"hr_resid"
"home_tbr__base__2H","home_tbr__base","2H",23009,,,"TBR",-0.00117468239409574,0.00123402112194026,-0.00171946706938855,0.00101472448116905,-0.00117468239409574,-0.00289414946348429,143.513077287392,207.206296713757,"hr_resid"
"home_sdp__base__2H","home_sdp__base","2H",24698,,,"SDP",-0.00194051789540305,0.0012178138422155,-0.000612641009018664,0.00101018199918219,-0.00194051789540305,-0.00255315890442172,171.881476716299,194.57518159248,"hr_resid"
"home_cle__base__1H","home_cle__base","1H",24987,,,"CLE",-0.00116749305979363,0.00120066556379076,-0.000670096267621612,0.00100046059208961,-0.00116749305979363,-0.00183758932741525,143.246766954739,168.068753586672,"hr_resid"
"home_atl__suntrust__2H","home_atl__suntrust","2H",20959,,,"ATL",-0.0015666652282331,0.00127423036898193,-0.000221018665163409,0.00102682528501231,-0.0015666652282331,-0.00178768389339651,158.033069621387,166.220135595603,"hr_resid"
"home_wsh__base__1H","home_wsh__base","1H",27202,,,"WSH",-0.00105910089036436,0.00147331849712458,-0.00048145684075547,0.00106422185538649,-0.00105910089036436,-0.00154055773111983,139.231658811951,157.065984777535,"hr_resid"
"home_atl__suntrust__1H","home_atl__suntrust","1H",21647,,,"ATL",-0.0015666652282331,0.00127423036898193,0.000156870793334136,0.00102662507559468,-0.0015666652282331,-0.00140979443489897,158.033069621387,152.222195985423,"hr_resid"
"home_sdp__base__1H","home_sdp__base","1H",27361,,,"SDP",-0.00194051789540305,0.0012178138422155,0.00053318555740386,0.00100962342682851,-0.00194051789540305,-0.00140733233799919,171.881476716299,152.13099396075,"hr_resid"
"home_nym__base__1H","home_nym__base","1H",24744,,,"NYM",-0.000540627811213544,0.00121628731730544,-0.000635613118563347,0.00100863573954478,-0.000540627811213544,-0.00117624092977689,120.026161838543,143.570809218925,"hr_resid"
"home_tex__globe_life__1H","home_tex__globe_life","1H",13108,,,"TEX",-4.11767618115882e-05,0.0014195640096452,-0.00076276404188833,0.00106268806540925,-4.11767618115882e-05,-0.000803940803699918,101.525286858948,129.7799120015,"hr_resid"
"home_wsh__base__2H","home_wsh__base","2H",28834,,,"WSH",-0.00105910089036436,0.00147331849712458,0.000438091438284703,0.00106347987823853,-0.00105910089036436,-0.000621009452079658,139.231658811951,123.00369224938,"hr_resid"
"home_cle__base__2H","home_cle__base","2H",29658,,,"CLE",-0.00116749305979363,0.00120066556379076,0.000622292694895853,0.000999634136665382,-0.00116749305979363,-0.00054520036489778,143.246766954739,120.195540287444,"hr_resid"
"home_sea__base__1H","home_sea__base","1H",26082,,,"SEA",0.000305425869576574,0.0012044905247018,-0.00082677655494041,0.00100312726417475,0.000305425869576574,-0.000521350685363836,88.686287003829,119.312090468108,"hr_resid"
"home_chc__base__1H","home_chc__base","1H",24900,,,"CHC",5.84646107305078e-05,0.0012117876472259,-2.16348456473118e-05,0.00100599456962277,5.84646107305078e-05,3.6829765083196e-05,97.8343293999463,98.6357364147138,"hr_resid"
"home_nym__base__2H","home_nym__base","2H",28211,,,"NYM",-0.000540627811213544,0.00121628731730544,0.000613476849160676,0.0010079958505333,-0.000540627811213544,7.28490379471318e-05,120.026161838543,97.3014954217086,"hr_resid"
"home_chc__base__2H","home_chc__base","2H",27364,,,"CHC",5.84646107305078e-05,0.0012117876472259,2.40287076352576e-05,0.00100554058228123,5.84646107305078e-05,8.24933183657655e-05,97.8343293999463,96.9442479466919,"hr_resid"
"home_tbr__base__1H","home_tbr__base","1H",23537,,,"TBR",-0.00117468239409574,0.00123402112194026,0.00167136912586845,0.00101462112095913,-0.00117468239409574,0.000496686731772705,143.513077287392,81.6015220319322,"hr_resid"
"home_tex__globe_life__2H","home_tex__globe_life","2H",13318,,,"TEX",-4.11767618115882e-05,0.0014195640096452,0.000761078039295468,0.00106252682082093,-4.11767618115882e-05,0.000719901277483879,101.525286858948,73.3331153306663,"hr_resid"
"home_tor__base__2H","home_tor__base","2H",27392,,,"TOR",0.00132238800730403,0.00120832175426718,-0.000511742825355731,0.00100506889684414,0.00132238800730403,0.000810645181948294,51.0155495179322,69.9717416111263,"hr_resid"
"home_sea__base__2H","home_sea__base","2H",26249,,,"SEA",0.000305425869576574,0.0012044905247018,0.000839282366110717,0.0010031076356052,0.000305425869576574,0.00114470823568729,88.686287003829,57.5972380438053,"hr_resid"
"home_tex__base__2H","home_tex__base","2H",14919,,,"TEX",0.001947085432092,0.00141150417326617,-0.000568021756610827,0.00105941903278673,0.001947085432092,0.00137906367548117,27.8752458386912,48.9161456772839,"hr_resid"
"home_chw__base__1H","home_chw__base","1H",26574,,,"CHW",0.00266871782704547,0.00119673729520573,-0.0010908369464577,0.00100010659591905,0.00266871782704547,0.00157788088058778,1.14423639092653,41.5514754861328,"hr_resid"
"home_laa__base__1H","home_laa__base","1H",27328,,,"LAA",0.00177715229842694,0.00119803667213781,1.16816183094968e-05,0.00100141667493386,0.00177715229842694,0.00178883391673644,34.1699801566839,33.7372647581235,"hr_resid"
"home_laa__base__2H","home_laa__base","2H",26865,,,"LAA",0.00177715229842694,0.00119803667213781,6.108474924293e-05,0.00100150885143357,0.00177715229842694,0.00183823704766987,34.1699801566839,31.907253288342,"hr_resid"
"home_tor__base__1H","home_tor__base","1H",24269,,,"TOR",0.00132238800730403,0.00120832175426718,0.00056588864722134,0.00100592256131868,0.00132238800730403,0.00188827665452537,51.0155495179322,30.0536652108515,"hr_resid"
"home_tex__base__1H","home_tex__base","1H",13754,,,"TEX",0.001947085432092,0.00141150417326617,0.000647746119208289,0.00105988987982732,0.001947085432092,0.00259483155130029,27.8752458386912,3.8811627662067,"hr_resid"
"home_col__base__2H","home_col__base","2H",30700,,,"COL",0.0041465171165855,0.00119821356443691,-0.000624485072129455,0.000997329796106337,0.0041465171165855,0.00352203204445604,-53.5970239056556,-30.4645862825405,"hr_resid"
"home_chw__base__2H","home_chw__base","2H",28644,,,"CHW",0.00266871782704547,0.00119673729520573,0.00120010889939525,0.000999736569434448,0.00266871782704547,0.00386882672644073,1.14423639092653,-43.3107001563014,"hr_resid"
"home_hou__base__2H","home_hou__base","2H",26707,,,"HOU",0.00446086054904079,0.00120427076186111,-0.000477432716726811,0.00100158515617744,0.00446086054904079,0.00398342783231398,-65.2410650013257,-47.5558023236169,"hr_resid"
"home_mil__base__2H","home_mil__base","2H",25707,,,"MIL",0.00443629230450401,0.00121291611423874,-0.000452825380667719,0.00100677917091121,0.00443629230450401,0.00398346692383629,-64.3309977961666,-47.557250368161,"hr_resid"
"home_phi__base__1H","home_phi__base","1H",25710,,,"PHI",0.00519001605338646,0.00121381850891539,-0.00115515334494266,0.00100790859953086,0.00519001605338646,0.0040348627084438,-92.2507486184399,-49.4610745500108,"hr_resid"
"home_lad__base__2H","home_lad__base","2H",25867,,,"LAD",0.00500081268554194,0.00121832267741431,-0.00010423379792999,0.00100901483040714,0.00500081268554194,0.00489657888761195,-85.2421982141485,-81.3811262102752,"hr_resid"
"home_col__base__1H","home_col__base","1H",29200,,,"COL",0.0041465171165855,0.00119821356443691,0.000794266237694298,0.000997654428440015,0.0041465171165855,0.0049407833542798,-53.5970239056556,-83.0185665807395,"hr_resid"
"home_mil__base__1H","home_mil__base","1H",26372,,,"MIL",0.00443629230450401,0.00121291611423874,0.000634471532616965,0.00100657126908402,0.00443629230450401,0.00507076383712098,-64.3309977961666,-87.8333580717405,"hr_resid"
"home_hou__base__1H","home_hou__base","1H",27351,,,"HOU",0.00446086054904079,0.00120427076186111,0.000660084827434129,0.0010013105299317,0.00446086054904079,0.00512094537647492,-65.2410650013257,-89.6922036722903,"hr_resid"
"home_lad__base__1H","home_lad__base","1H",26073,,,"LAD",0.00500081268554194,0.00121832267741431,0.000308994512198568,0.00100908430186342,0.00500081268554194,0.0053098071977405,-85.2421982141485,-96.6881023651392,"hr_resid"
"home_tbr__steinbrenner__2H","home_tbr__steinbrenner","2H",2351,,,"TBR",0.00529459225102949,0.0024294737337404,3.60305851220946e-05,0.00116984904086798,0.00529459225102949,0.00533062283615158,-96.1245039359063,-97.4591639623167,"hr_resid"
"home_nyy__base__1H","home_nyy__base","1H",26438,,,"NYY",0.00535603513906163,0.00120492725615251,-1.44737753435361e-05,0.00100328142104274,0.00535603513906163,0.0053415613637181,-98.4004971312936,-97.8643534823131,"hr_resid"
"home_tbr__steinbrenner__1H","home_tbr__steinbrenner","1H",3442,,,"TBR",0.00529459225102949,0.0024294737337404,0.000180759076734037,0.0011665986733382,0.00529459225102949,0.00547535132776353,-96.1245039359063,-102.820257371779,"hr_resid"
"home_nyy__base__2H","home_nyy__base","2H",26109,,,"NYY",0.00535603513906163,0.00120492725615251,0.000233779246201143,0.0010033423539334,0.00535603513906163,0.00558981438526278,-98.4004971312936,-107.0602458934,"hr_resid"
"home_bal__wall_medium__2H","home_bal__wall_medium","2H",2760,,,"BAL",0.00669212528949227,0.00244289348935655,-0.000724045368465799,0.00117059370142956,0.00669212528949227,0.00596807992102647,-147.892508138545,-121.072116315202,"hr_resid"
"home_tor__buffalo__1H","home_tor__buffalo","1H",760,,,"TOR",0.00636956921589438,0.00351676930182974,-3.03217090323876e-06,0.00120462709431083,0.00636956921589438,0.00636653704499114,-135.944250949599,-135.8319320049,"hr_resid"
"home_phi__base__2H","home_phi__base","2H",28142,,,"PHI",0.00519001605338646,0.00121381850891539,0.00136766108336607,0.001007309438885,0.00519001605338646,0.00655767713675253,-92.2507486184399,-142.912223347766,"hr_resid"
"home_tor__buffalo__2H","home_tor__buffalo","2H",568,,,"TOR",0.00636956921589438,0.00351676930182974,0.000263837288844469,0.0012069913395718,0.00636956921589438,0.00663340650473884,-135.944250949599,-145.717422317867,"hr_resid"
"home_bal__wall_medium__1H","home_bal__wall_medium","1H",2545,,,"BAL",0.00669212528949227,0.00244289348935655,0.000998057702149288,0.00117148630815908,0.00669212528949227,0.00769018299164155,-147.892508138545,-184.862979603157,"hr_resid"
"home_bal__base__1H","home_bal__base","1H",17134,,,"BAL",0.0079344702990948,0.00134744889182312,-0.000220157339404311,0.00104308360256707,0.0079344702990948,0.00771431295969048,-193.911972371729,-185.75681198707,"hr_resid"
"home_ath__sutter_health__1H","home_ath__sutter_health","1H",3044,,,"ATH",0.00814238711787323,0.00242657079974205,-0.000206445102423716,0.00116873691093616,0.00814238711787323,0.00793594201544951,-201.613714264114,-193.966488305406,"hr_resid"
"home_bal__base__2H","home_bal__base","2H",17436,,,"BAL",0.0079344702990948,0.00134744889182312,0.00054503809538213,0.00104298915524938,0.0079344702990948,0.00847950839447693,-193.911972371729,-214.101501803803,"hr_resid"
"home_ath__sutter_health__2H","home_ath__sutter_health","2H",2483,,,"ATH",0.00814238711787323,0.00242657079974205,0.000539839113953362,0.00117101015496911,0.00814238711787323,0.00868222623182659,-201.613714264114,-221.61066084838,"hr_resid"
"home_cin__base__2H","home_cin__base","2H",26884,,,"CIN",0.0099171953275924,0.00120680034961492,-0.000181309812719412,0.00100489122487465,0.0099171953275924,0.00973588551487299,-267.356903391637,-260.640749362704,"hr_resid"
"home_cin__base__1H","home_cin__base","1H",26670,,,"CIN",0.0099171953275924,0.00120680034961492,0.000587374211964175,0.00100494452638781,0.0099171953275924,0.0105045695395566,-267.356903391637,-289.114664987691,"hr_resid"
"home_tor__dunedin__1H","home_tor__dunedin","1H",1492,,,"TOR",0.0105887304117171,0.00348918176363134,0.000433560730760991,0.00120684247098546,0.0105887304117171,0.0110222911424781,-292.232187267162,-308.292325463839,"hr_resid"
"home_bal__wall_deep__2H","home_bal__wall_deep","2H",8130,,,"BAL",-0.0132204863256717,0.00273797770705817,-0.000854856363001443,0.00159480062289285,-0.0132204863256717,-0.0140753426886731,231.061576591981,239.536213601143,"xbh_resid"
"home_stl__base__2H","home_stl__base","2H",27348,,,"STL",-0.0121953025902184,0.00190888715290169,-0.000852548919328846,0.00145984911472628,-0.0121953025902184,-0.0130478515095472,220.898395499009,229.35015761551,"xbh_resid"
"home_bal__wall_deep__1H","home_bal__wall_deep","1H",7761,,,"BAL",-0.0132204863256717,0.00273797770705817,0.000208655480034564,0.00159544120105438,-0.0132204863256717,-0.0130118308456371,231.061576591981,228.993065986226,"xbh_resid"
"home_atl__base__2H","home_atl__base","2H",5194,,,"ATL",-0.0111983952141276,0.00324225261356919,-0.000841289282321208,0.0016349778283141,-0.0111983952141276,-0.0120396844964488,211.015532705004,219.355672166958,"xbh_resid"
"home_stl__base__1H","home_stl__base","1H",28269,,,"STL",-0.0121953025902184,0.00190888715290169,0.000256457738652455,0.00145951309029199,-0.0121953025902184,-0.0119388448515659,220.898395499009,218.355996170496,"xbh_resid"
"home_atl__base__1H","home_atl__base","1H",5463,,,"ATL",-0.0111983952141276,0.00324225261356919,0.000293925690928273,0.00163389863262419,-0.0111983952141276,-0.0109044695231994,211.015532705004,208.10169402275,"xbh_resid"
"home_mia__base__2H","home_mia__base","2H",27620,,,"MIA",-0.00895713789434405,0.00192949547989722,-0.00114741846584554,0.00147052652768474,-0.00895713789434405,-0.0101045563601896,188.796779881308,200.171737612814,"xbh_resid"
"home_nym__base__1H","home_nym__base","1H",24744,,,"NYM",-0.00825990833843785,0.00193226592481512,-0.00148884382966827,0.0014718437172412,-0.00825990833843785,-0.00974875216810612,181.884779627115,196.644465073532,"xbh_resid"
"home_sfg__base__2H","home_sfg__base","2H",26616,,,"SFG",-0.00843867940681867,0.0019252615030457,-0.000480593843763219,0.00146876489996733,-0.00843867940681867,-0.00891927325058189,183.657030472799,188.421407917954,"xbh_resid"
"home_sfg__base__1H","home_sfg__base","1H",27316,,,"SFG",-0.00843867940681867,0.0019252615030457,6.81217190430908e-05,0.0014686232596129,-0.00843867940681867,-0.00837055768777558,183.657030472799,182.981704340461,"xbh_resid"
"home_mia__base__1H","home_mia__base","1H",26156,,,"MIA",-0.00895713789434405,0.00192949547989722,0.000709604736911554,0.00147143435938382,-0.00895713789434405,-0.0082475331574325,188.796779881308,181.762098003065,"xbh_resid"
"home_nym__base__2H","home_nym__base","2H",28211,,,"NYM",-0.00825990833843785,0.00193226592481512,0.00108510981183141,0.0014705499277266,-0.00825990833843785,-0.00717479852660644,181.884779627115,171.127520082291,"xbh_resid"
"home_sea__base__2H","home_sea__base","2H",26249,,,"SEA",-0.0066669931554921,0.0019106444926627,-0.000295028666147706,0.00146371177335448,-0.0066669931554921,-0.0069620218216398,166.093380573301,169.018153624203,"xbh_resid"
"home_sea__base__1H","home_sea__base","1H",26082,,,"SEA",-0.0066669931554921,0.0019106444926627,-3.08456442516593e-05,0.00146375210406077,-0.0066669931554921,-0.00669783879974376,166.093380573301,166.399169533482,"xbh_resid"
"home_det__base__1H","home_det__base","1H",27461,,,"DET",-0.00608050080787285,0.00189078420660498,-0.000425116588691219,0.00145767440558671,-0.00608050080787285,-0.00650561739656407,160.279176024044,164.493578503406,"xbh_resid"
"home_det__base__2H","home_det__base","2H",28269,,,"DET",-0.00608050080787285,0.00189078420660498,0.000127909292788835,0.00145728844502673,-0.00608050080787285,-0.00595259151508401,160.279176024044,159.01114448869,"xbh_resid"
"home_chw__base__1H","home_chw__base","1H",26574,,,"CHW",-0.00407925195861551,0.00189478053758537,-0.00176361488545546,0.0014594104031701,-0.00407925195861551,-0.00584286684407097,140.439752354187,157.923386593878,"xbh_resid"
"home_laa__base__2H","home_laa__base","2H",26865,,,"LAA",-0.00507138461738645,0.00189670190571241,-0.00062428922803652,0.00146129798243483,-0.00507138461738645,-0.00569567384542297,150.275280884965,156.464185624194,"xbh_resid"
"home_ath__base__2H","home_ath__base","2H",24915,,,"ATH",-0.00521214994586772,0.00194370758839498,-0.000224196539132402,0.00147138357155644,-0.00521214994586772,-0.00543634648500012,151.670761007691,153.893338238311,"xbh_resid"
"home_sdp__base__2H","home_sdp__base","2H",24698,,,"SDP",-0.00497380348297991,0.00194011595671771,-0.000320545871310569,0.00147397663184249,-0.00497380348297991,-0.00529434935429048,149.307908202455,152.485646617602,"xbh_resid"
"home_ath__base__1H","home_ath__base","1H",25003,,,"ATH",-0.00521214994586772,0.00194370758839498,-3.05668496334174e-05,0.00147161241168015,-0.00521214994586772,-0.00524271679550114,151.670761007691,151.973786131406,"xbh_resid"
"home_sdp__base__1H","home_sdp__base","1H",27361,,,"SDP",-0.00497380348297991,0.00194011595671771,7.74325603699535e-05,0.00147283263243725,-0.00497380348297991,-0.00489637092260995,149.307908202455,148.540278843622,"xbh_resid"
"home_laa__base__1H","home_laa__base","1H",27328,,,"LAA",-0.00507138461738645,0.00189670190571241,0.000376406272951524,0.00146107827229313,-0.00507138461738645,-0.00469497834443493,150.275280884965,146.543769172242,"xbh_resid"
"home_wsh__base__1H","home_wsh__base","1H",27202,,,"WSH",-0.00335559476173638,0.00223958697914143,-0.0008843730668656,0.00154663788936778,-0.00335559476173638,-0.00423996782860198,133.265761110692,142.033012600815,"xbh_resid"
"home_pit__base__1H","home_pit__base","1H",27375,,,"PIT",-0.00386824302682901,0.001907798262678,-0.000207211107615344,0.00146168964211306,-0.00386824302682901,-0.00407545413444435,138.347910753683,140.402102542279,"xbh_resid"
"home_pit__base__2H","home_pit__base","2H",27843,,,"PIT",-0.00386824302682901,0.001907798262678,1.81362129049393e-05,0.00146158868080793,-0.00386824302682901,-0.00385010681392407,138.347910753683,138.168117015527,"xbh_resid"
"home_nyy__base__1H","home_nyy__base","1H",26438,,,"NYY",-0.00240491471775538,0.00190964996167341,-0.000341213907083838,0.0014639522313088,-0.00240491471775538,-0.00274612862483921,123.841173971508,127.223805405473,"xbh_resid"
"home_wsh__base__2H","home_wsh__base","2H",28834,,,"WSH",-0.00335559476173638,0.00223958697914143,0.000720355780014526,0.00154517670364541,-0.00335559476173638,-0.00263523898172186,133.265761110692,126.124498534555,"xbh_resid"
"home_atl__suntrust__2H","home_atl__suntrust","2H",20959,,,"ATL",-0.00180914520677953,0.00204939550490052,-0.000716532097212772,0.00149734961958003,-0.00180914520677953,-0.0025256773039923,117.935000063041,125.038356477177,"xbh_resid"
"home_chw__base__2H","home_chw__base","2H",28644,,,"CHW",-0.00407925195861551,0.00189478053758537,0.00156422613735327,0.00145867317212361,-0.00407925195861551,-0.00251502582126224,140.439752354187,124.93276277319,"xbh_resid"
"home_kcr__base__1H","home_kcr__base","1H",28629,,,"KCR",-0.00201994872966987,0.00188102523662302,-0.00029847284374163,0.00145269023933168,-0.00201994872966987,-0.0023184215734115,120.024805338018,122.98372231785,"xbh_resid"
"home_tbr__base__2H","home_tbr__base","2H",23009,,,"TBR",-0.00108798676732093,0.00196302009454812,-0.0011447873192472,0.00148029776724596,-0.00108798676732093,-0.00223277408656813,110.785780305177,122.13465410808,"xbh_resid"
"home_nyy__base__2H","home_nyy__base","2H",26109,,,"NYY",-0.00240491471775538,0.00190964996167341,0.00022366467506656,0.00146413546898624,-0.00240491471775538,-0.00218125004268882,123.841173971508,121.623869386787,"xbh_resid"
"home_kcr__base__2H","home_kcr__base","2H",28772,,,"KCR",-0.00201994872966987,0.00188102523662302,0.00019974026908557,0.00145276977789568,-0.00201994872966987,-0.0018202084605843,120.024805338018,118.044675868467,"xbh_resid"
"home_tex__globe_life__1H","home_tex__globe_life","1H",13108,,,"TEX",-0.000599263413898183,0.0023113472393382,-0.00121836996876577,0.00154442809635268,-0.000599263413898183,-0.00181763338266395,105.940810790514,118.019147777913,"xbh_resid"
"home_tbr__steinbrenner__1H","home_tbr__steinbrenner","1H",3442,,,"TBR",-0.00116968091871199,0.00395731977627826,-0.000375059779163001,0.00166049819788261,-0.00116968091871199,-0.001544740697875,111.595657038597,115.31382025608,"xbh_resid"
"home_chc__base__1H","home_chc__base","1H",24900,,,"CHC",-0.000839204559101122,0.00192430691328169,-0.000494031223291506,0.00146791515748273,-0.000839204559101122,-0.00133323578239263,108.319472513307,113.2170617105,"xbh_resid"
"home_atl__suntrust__1H","home_atl__suntrust","1H",21647,,,"ATL",-0.00180914520677953,0.00204939550490052,0.000628103335862921,0.00149689058207,-0.00180914520677953,-0.00118104187091661,117.935000063041,111.708284083536,"xbh_resid"
"home_tbr__steinbrenner__2H","home_tbr__steinbrenner","2H",2351,,,"TBR",-0.00116968091871199,0.00395731977627826,0.000317887234686323,0.00166564194457277,-0.00116968091871199,-0.000851793684025672,111.595657038597,108.444275075019,"xbh_resid"
"home_min__base__2H","home_min__base","2H",28528,,,"MIN",-8.38970584548089e-05,0.00188916749224192,-0.000324093781980615,0.00145654737980787,-8.38970584548089e-05,-0.000407990840435424,100.831715300152,104.044626004319,"xbh_resid"
"home_chc__base__2H","home_chc__base","2H",27364,,,"CHC",-0.000839204559101122,0.00192430691328169,0.000453011951087162,0.00146702142732712,-0.000839204559101122,-0.00038619260801396,108.319472513307,103.828528756631,"xbh_resid"
"home_tbr__base__1H","home_tbr__base","1H",23537,,,"TBR",-0.00108798676732093,0.00196302009454812,0.00109160788297585,0.00148014449295064,-0.00108798676732093,3.62111565491955e-06,110.785780305177,99.9641019917827,"xbh_resid"
"home_phi__base__1H","home_phi__base","1H",25710,,,"PHI",0.00218307348206131,0.00193352200964625,-0.00197042713927007,0.00147073550595705,0.00218307348206131,0.00021264634279124,78.35805390763,97.8919258901527,"xbh_resid"
"home_min__base__1H","home_min__base","1H",27150,,,"MIN",-8.38970584548089e-05,0.00188916749224192,0.000319992998368726,0.00145693335512068,-8.38970584548089e-05,0.000236095939913917,100.831715300152,97.6594578028497,"xbh_resid"
"home_tex__globe_life__2H","home_tex__globe_life","2H",13318,,,"TEX",-0.000599263413898183,0.0023113472393382,0.00118907872049343,0.00154420223927378,-0.000599263413898183,0.000589815306595251,105.940810790514,94.1528532251987,"xbh_resid"
"home_cle__base__1H","home_cle__base","1H",24987,,,"CLE",0.00218478198343613,0.00189823608420217,-0.000469920484774628,0.00146015231303479,0.00218478198343613,0.0017148614986615,78.3411166423678,82.9996835127739,"xbh_resid"
"home_bal__base__2H","home_bal__base","2H",17436,,,"BAL",0.00247428058126257,0.00217871071283941,-0.000130172300432588,0.00151900609937577,0.00247428058126257,0.00234410828082999,75.4711660431508,76.7616319536348,"xbh_resid"
"home_bal__base__1H","home_bal__base","1H",17134,,,"BAL",0.00247428058126257,0.00217871071283941,0.000251112049302173,0.00151911399650083,0.00247428058126257,0.00272539263056475,75.4711660431508,72.9817613214138,"xbh_resid"
"home_cle__base__2H","home_cle__base","2H",29658,,,"CLE",0.00218478198343613,0.00189823608420217,0.000576709903250356,0.00145842849304191,0.00218478198343613,0.00276149188668649,78.3411166423678,72.6238905665441,"xbh_resid"
"home_lad__base__1H","home_lad__base","1H",26073,,,"LAD",0.00440130253396863,0.00194026344097023,-0.00085542326634727,0.00147250787436444,0.00440130253396863,0.00354587926762136,56.367592314657,64.8478493323759,"xbh_resid"
"home_tor__base__2H","home_tor__base","2H",27392,,,"TOR",0.00415131816696097,0.00191567450914566,-0.000459225857169163,0.00146630875515873,0.00415131816696097,0.0036920923097918,58.845817733623,63.3983631823878,"xbh_resid"
"home_hou__base__2H","home_hou__base","2H",26707,,,"HOU",0.00450052006831467,0.00190752529661847,-0.000352720330800408,0.00146154690029984,0.00450052006831467,0.00414779973751426,55.3839971460201,58.8806977598984,"xbh_resid"
"home_phi__base__2H","home_phi__base","2H",28142,,,"PHI",0.00218307348206131,0.00193352200964625,0.00207713304832003,0.00146947558465896,0.00218307348206131,0.00426020653038134,78.35805390763,57.7663505921849,"xbh_resid"
"home_mil__base__1H","home_mil__base","1H",26372,,,"MIL",0.0042691358363912,0.00192857542877715,8.88580230310211e-05,0.0014685489443779,0.0042691358363912,0.00435799385942222,57.6778297242913,56.7969337947158,"xbh_resid"
"home_mil__base__2H","home_mil__base","2H",25707,,,"MIL",0.0042691358363912,0.00192857542877715,0.000119812012165992,0.00146892531495696,0.0042691358363912,0.00438894784855719,57.6778297242913,56.4900707551949,"xbh_resid"
"home_bal__wall_medium__2H","home_bal__wall_medium","2H",2760,,,"BAL",0.00513116366555871,0.00398861200641808,-0.000569761586836481,0.00166521227254115,0.00513116366555871,0.00456140207872223,49.1320982304752,54.7804420215304,"xbh_resid"
"home_tex__base__2H","home_tex__base","2H",14919,,,"TEX",0.0058976016624793,0.00229867891214927,-0.00128298541158686,0.00154021554210459,0.0058976016624793,0.00461461625089244,41.533998602222,54.2529021769392,"xbh_resid"
"home_tor__base__1H","home_tor__base","1H",24269,,,"TOR",0.00415131816696097,0.00191567450914566,0.000662137111618834,0.00146808405945658,0.00415131816696097,0.0048134552785798,58.845817733623,52.281707183445,"xbh_resid"
"home_hou__base__1H","home_hou__base","1H",27351,,,"HOU",0.00450052006831467,0.00190752529661847,0.000572700138673944,0.00146098867579446,0.00450052006831467,0.00507322020698861,55.3839971460201,49.706521957887,"xbh_resid"
"home_tor__buffalo__1H","home_tor__buffalo","1H",760,,,"TOR",0.00524492870093058,0.00542573595742724,-4.09015426579365e-06,0.00169873352143834,0.00524492870093058,0.00524083854666479,48.0042860963688,48.0448339289806,"xbh_resid"
"home_lad__base__2H","home_lad__base","2H",25867,,,"LAD",0.00440130253396863,0.00194026344097023,0.00107055344488357,0.00147233589672516,0.00440130253396863,0.0054718559788522,56.367592314657,45.7546376278112,"xbh_resid"
"home_tor__buffalo__2H","home_tor__buffalo","2H",568,,,"TOR",0.00524492870093058,0.00542573595742724,0.000260455727676215,0.00170183678210302,0.00524492870093058,0.00550538442860679,48.0042860963688,45.4222526173605,"xbh_resid"
"home_bal__wall_medium__1H","home_bal__wall_medium","1H",2545,,,"BAL",0.00513116366555871,0.00398861200641808,0.000820566467206231,0.00166672028197393,0.00513116366555871,0.00595173013276494,49.1320982304752,40.9973948435257,"xbh_resid"
"home_az__base__2H","home_az__base","2H",28692,,,"AZ",0.00723585892666741,0.00224746826459735,-2.66519330676953e-05,0.00154560827544019,0.00723585892666741,0.00720920699359972,28.2671563235395,28.5313708373652,"xbh_resid"
"home_tex__base__1H","home_tex__base","1H",13754,,,"TEX",0.0058976016624793,0.00229867891214927,0.00157125282533499,0.00154103613656436,0.0058976016624793,0.0074688544878143,41.533998602222,25.9573497982267,"xbh_resid"
"home_az__base__1H","home_az__base","1H",27503,,,"AZ",0.00723585892666741,0.00224746826459735,0.000380331692808977,0.00154629701617614,0.00723585892666741,0.00761619061947639,28.2671563235395,24.4967298763181,"xbh_resid"
"home_cin__base__2H","home_cin__base","2H",26884,,,"CIN",0.00845302496982122,0.00191908896141448,-0.000454230256213449,0.00146616004985148,0.00845302496982122,0.00799879471360777,16.2007544786847,20.7037759295306,"xbh_resid"
"home_bos__base__1H","home_bos__base","1H",28167,,,"BOS",0.0092449727298717,0.0018855629515328,-0.000855899724037723,0.00145397000186385,0.0092449727298717,0.00838907300583398,8.3497632629414,16.8347436542604,"xbh_resid"
"home_cin__base__1H","home_cin__base","1H",26670,,,"CIN",0.00845302496982122,0.00191908896141448,0.00086740357410063,0.00146633016168819,0.00845302496982122,0.00932042854392185,16.2007544786847,7.60173042142323,"xbh_resid"
"home_bos__base__2H","home_bos__base","2H",28400,,,"BOS",0.0092449727298717,0.0018855629515328,0.00130778246072321,0.00145393538692826,0.0092449727298717,0.0105527551905949,8.3497632629414,-4.61496639370507,"xbh_resid"
"home_ath__sutter_health__1H","home_ath__sutter_health","1H",3044,,,"ATH",0.0137153351754898,0.00397119688923339,-1.7484630875375e-05,0.00166302891891103,0.0137153351754898,0.0136978505446145,-35.967271347397,-35.7939370817576,"xbh_resid"
"home_ath__sutter_health__2H","home_ath__sutter_health","2H",2483,,,"ATH",0.0137153351754898,0.00397119688923339,0.00068787310844574,0.00166657823036831,0.0137153351754898,0.0144032082839356,-35.967271347397,-42.7865162577044,"xbh_resid"
"home_tor__dunedin__1H","home_tor__dunedin","1H",1492,,,"TOR",0.0137847210903865,0.00537799510242531,0.000673779974551953,0.00169603130258854,0.0137847210903865,0.0144585010649385,-36.6551301126207,-43.334662435831,"xbh_resid"
"home_col__base__2H","home_col__base","2H",30700,,,"COL",0.0187198533332888,0.00190289515867951,-0.000897511737255853,0.00145495553183513,0.0187198533332888,0.017822341596033,-85.5796701417364,-76.6821681590638,"xbh_resid"
"home_col__base__1H","home_col__base","1H",29200,,,"COL",0.0187198533332888,0.00190289515867951,0.00181251482075463,0.00145567532154651,0.0187198533332888,0.0205323681540435,-85.5796701417364,-103.548074945662,"xbh_resid"
"home_nym__base__1H","home_nym__base","1H",24744,,,"NYM",-0.00614635970126136,0.00135780599272619,-0.000585251111186843,0.000811505359563758,-0.00614635970126136,-0.00673161081244821,192.206295853962,200.986100442339,"double_resid"
"home_nyy__base__1H","home_nyy__base","1H",26438,,,"NYY",-0.0064518413464819,0.00133631659669272,-0.000259066029901538,0.000808605723313204,-0.0064518413464819,-0.00671090737638344,196.789062292343,200.675512184612,"double_resid"
"home_bal__wall_deep__2H","home_bal__wall_deep","2H",8130,,,"BAL",-0.00623877848024425,0.00206710693862078,-0.000249052540497336,0.00084705075144757,-0.00623877848024425,-0.00648783102074158,193.592741439893,197.328971232556,"double_resid"
"home_laa__base__2H","home_laa__base","2H",26865,,,"LAA",-0.00606677786110235,0.00132252567219636,-0.000394718741445427,0.000807487519377324,-0.00606677786110235,-0.00646149660254777,191.012427116211,196.93390825656,"double_resid"
"home_nyy__base__2H","home_nyy__base","2H",26109,,,"NYY",-0.0064518413464819,0.00133631659669272,4.37834792639582e-05,0.000808684943187119,-0.0064518413464819,-0.00640805786721795,196.789062292343,196.132232455049,"double_resid"
"home_bal__wall_deep__1H","home_bal__wall_deep","1H",7761,,,"BAL",-0.00623877848024425,0.00206710693862078,4.08793893001329e-05,0.000847287234941155,-0.00623877848024425,-0.00619789909094412,193.592741439893,192.979478102349,"double_resid"
"home_laa__base__1H","home_laa__base","1H",27328,,,"LAA",-0.00606677786110235,0.00132252567219636,0.000192284840493515,0.000807406221349103,-0.00606677786110235,-0.00587449302060883,191.012427116211,188.127813498961,"double_resid"
"home_nym__base__2H","home_nym__base","2H",28211,,,"NYM",-0.00614635970126136,0.00135780599272619,0.000380161754123499,0.000810875321841879,-0.00614635970126136,-0.00576619794713786,192.206295853962,186.503195339705,"double_resid"
"home_sea__base__2H","home_sea__base","2H",26249,,,"SEA",-0.0051250481177808,0.00133816668144689,-0.000526713332369107,0.000808537498144324,-0.0051250481177808,-0.00565176145014991,176.884810844524,184.786444936113,"double_resid"
"home_chw__base__1H","home_chw__base","1H",26574,,,"CHW",-0.00480082875073227,0.00131942305397533,-0.000612609570175264,0.000806852539419531,-0.00480082875073227,-0.00541343832090753,172.020945348086,181.211175340476,"double_resid"
"home_tbr__steinbrenner__1H","home_tbr__steinbrenner","1H",3442,,,"TBR",-0.00485647296453243,0.00293792968719563,-0.000246718075803942,0.00086102818493709,-0.00485647296453243,-0.00510319104033637,172.855707237985,176.556915920163,"double_resid"
"home_tbr__steinbrenner__2H","home_tbr__steinbrenner","2H",2351,,,"TBR",-0.00485647296453243,0.00293792968719563,8.46691612724203e-05,0.000862611235784334,-0.00485647296453243,-0.00477180380326001,172.855707237985,171.585519661363,"double_resid"
"home_sea__base__1H","home_sea__base","1H",26082,,,"SEA",-0.0051250481177808,0.00133816668144689,0.000355702705839708,0.000808558299370381,-0.0051250481177808,-0.00476934541194109,176.884810844524,171.548639431715,"double_resid"
"home_chw__base__2H","home_chw__base","2H",28644,,,"CHW",-0.00480082875073227,0.00131942305397533,0.000452417370285204,0.000806475820616925,-0.00480082875073227,-0.00434841138044706,172.020945348086,165.233882448818,"double_resid"
"home_det__base__2H","home_det__base","2H",28269,,,"DET",-0.00377249830776587,0.00131498642844296,-0.000351635852591669,0.000805982030877856,-0.00377249830776587,-0.00412413416035754,156.594164998681,161.86932640036,"double_resid"
"home_det__base__1H","home_det__base","1H",27461,,,"DET",-0.00377249830776587,0.00131498642844296,0.000225756585827939,0.00080618947269953,-0.00377249830776587,-0.00354674172193793,156.594164998681,153.207415840548,"double_resid"
"home_mia__base__2H","home_mia__base","2H",27620,,,"MIA",-0.00259240782829866,0.00135371014621109,-0.000643264081017247,0.00081079917228348,-0.00259240782829866,-0.00323567190931591,138.890714961114,148.540816980742,"double_resid"
"home_bal__base__2H","home_bal__base","2H",17436,,,"BAL",-0.00280561323172014,0.00158329512588647,-0.000220316767377107,0.000826824597671392,-0.00280561323172014,-0.00302592999909725,142.089174124106,145.394316358166,"double_resid"
"home_stl__base__2H","home_stl__base","2H",27348,,,"STL",-0.00288409186479713,0.00133219360582404,-6.49311278352493e-05,0.000807117624168906,-0.00288409186479713,-0.00294902299263238,143.26649279913,144.240574869543,"double_resid"
"home_stl__base__1H","home_stl__base","1H",28269,,,"STL",-0.00288409186479713,0.00133219360582404,-3.13041358005899e-05,0.000806968011355645,-0.00288409186479713,-0.00291539600059772,143.26649279913,143.736110352833,"double_resid"
"home_bal__base__1H","home_bal__base","1H",17134,,,"BAL",-0.00280561323172014,0.00158329512588647,0.000126700148463139,0.000826877269204235,-0.00280561323172014,-0.002678913083257,142.089174124106,140.188447199267,"double_resid"
"home_phi__base__1H","home_phi__base","1H",25710,,,"PHI",-0.00224300413677058,0.00135767430410892,-0.000353954739751568,0.000811107992347595,-0.00224300413677058,-0.00259695887652215,133.649039934042,138.958988755577,"double_resid"
"home_sdp__base__1H","home_sdp__base","1H",27361,,,"SDP",-0.00238732553867927,0.00136533379858071,-0.000182888868617263,0.000811700864173469,-0.00238732553867927,-0.00257021440729653,135.814116911186,138.557774286894,"double_resid"
"home_sdp__base__2H","home_sdp__base","2H",24698,,,"SDP",-0.00238732553867927,0.00136533379858071,0.000103229511923412,0.000812245355929192,-0.00238732553867927,-0.00228409602675586,135.814116911186,134.265491158724,"double_resid"
"home_chc__base__1H","home_chc__base","1H",24900,,,"CHC",-0.00180336490496036,0.00134987846803253,-0.000326452750147442,0.000810123776387296,-0.00180336490496036,-0.00212981765510781,127.053671773441,131.951041977182,"double_resid"
"home_mia__base__1H","home_mia__base","1H",26156,,,"MIA",-0.00259240782829866,0.00135371014621109,0.000556761617676081,0.00081124424276543,-0.00259240782829866,-0.00203564621062258,138.890714961114,130.53830330043,"double_resid"
"home_phi__base__2H","home_phi__base","2H",28142,,,"PHI",-0.00224300413677058,0.00135767430410892,0.000279111043866363,0.000810485525412367,-0.00224300413677058,-0.00196389309290422,133.649039934042,129.461879283231,"double_resid"
"home_chc__base__2H","home_chc__base","2H",27364,,,"CHC",-0.00180336490496036,0.00134987846803253,0.000266278766379226,0.000809688874348917,-0.00180336490496036,-0.00153708613858114,127.053671773441,123.059018042493,"double_resid"
"home_tbr__base__1H","home_tbr__base","1H",23537,,,"TBR",-0.00111415401211082,0.00138816145622254,-0.000121867173867849,0.000814261420281196,-0.00111415401211082,-0.00123602118597867,116.714286091406,118.542509826219,"double_resid"
"home_atl__base__2H","home_atl__base","2H",5194,,,"ATL",-0.000938917264380436,0.00245486612859703,-0.000150228029367993,0.00085609715018698,-0.000938917264380436,-0.00108914529374843,114.085424099746,116.339110963959,"double_resid"
"home_wsh__base__1H","home_wsh__base","1H",27202,,,"WSH",-0.000955735686921025,0.0016539668605365,-8.97537110730847e-05,0.000834774452238661,-0.000955735686921025,-0.00104548939799411,114.337730264687,115.684195105575,"double_resid"
"home_tbr__base__2H","home_tbr__base","2H",23009,,,"TBR",-0.00111415401211082,0.00138816145622254,8.46905130315158e-05,0.000814328736146901,-0.00111415401211082,-0.0010294634990793,116.714286091406,115.443778200531,"double_resid"
"home_tex__globe_life__1H","home_tex__globe_life","1H",13108,,,"TEX",-0.000672289338793622,0.00170653987622356,-0.000347931949483515,0.000834224810091002,-0.000672289338793622,-0.00102022128827714,110.085532361464,115.305128647789,"double_resid"
"home_bal__wall_medium__2H","home_bal__wall_medium","2H",2760,,,"BAL",-0.000896852162981595,0.00297528604190991,-4.65334448971555e-05,0.000862191987152433,-0.000896852162981595,-0.000943385607878751,113.454372977907,114.152457176658,"double_resid"
"home_wsh__base__2H","home_wsh__base","2H",28834,,,"WSH",-0.000955735686921025,0.0016539668605365,5.78630917332019e-05,0.000834171507313846,-0.000955735686921025,-0.000897872595187823,114.337730264687,113.469681270698,"double_resid"
"home_bal__wall_medium__1H","home_bal__wall_medium","1H",2545,,,"BAL",-0.000896852162981595,0.00297528604190991,1.66076282463963e-05,0.000862672005330387,-0.000896852162981595,-0.000880244534735199,113.454372977907,113.205229101214,"double_resid"
"home_atl__base__1H","home_atl__base","1H",5463,,,"ATL",-0.000938917264380436,0.00245486612859703,0.000118898600657112,0.000855732338126913,-0.000938917264380436,-0.000820018663723324,114.085424099746,112.301734227746,"double_resid"
"home_mil__base__1H","home_mil__base","1H",26372,,,"MIL",-0.000518549149735888,0.00135272925359568,-0.000240018650962086,0.000810231805888736,-0.000518549149735888,-0.000758567800697973,107.779156873223,111.379862301598,"double_resid"
"home_tex__globe_life__2H","home_tex__globe_life","2H",13318,,,"TEX",-0.000672289338793622,0.00170653987622356,0.000325499258433441,0.000834105617684889,-0.000672289338793622,-0.000346790080360181,110.085532361464,105.202466224414,"double_resid"
"home_atl__suntrust__2H","home_atl__suntrust","2H",20959,,,"ATL",-1.73627486821638e-05,0.00146877253482811,-0.000288658086003277,0.000820140539977387,-1.73627486821638e-05,-0.000306020834685441,100.260472022407,104.590855236587,"double_resid"
"home_mil__base__2H","home_mil__base","2H",25707,,,"MIL",-0.000518549149735888,0.00135272925359568,0.000222715903177783,0.000810397752481947,-0.000518549149735888,-0.000295833246558105,107.779156873223,104.438023347377,"double_resid"
"home_hou__base__2H","home_hou__base","2H",26707,,,"HOU",-1.32720716833624e-05,0.00133286019023511,-6.54615226734285e-05,0.00080775033827387,-1.32720716833624e-05,-7.87335943567909e-05,100.199104612765,101.181143546385,"double_resid"
"home_hou__base__1H","home_hou__base","1H",27351,,,"HOU",-1.32720716833624e-05,0.00133286019023511,6.50186653139218e-05,0.000807495633995833,-1.32720716833624e-05,5.17465936305594e-05,100.199104612765,99.2237093249269,"double_resid"
"home_sfg__base__2H","home_sfg__base","2H",26616,,,"SFG",0.000280160854562292,0.00135110652791852,-1.86172504115389e-05,0.000810331961040596,0.000280160854562292,0.000261543604150753,95.7970903269511,96.0763821001093,"double_resid"
"home_atl__suntrust__1H","home_atl__suntrust","1H",21647,,,"ATL",-1.73627486821638e-05,0.00146877253482811,0.000288078732512043,0.000819922219300051,-1.73627486821638e-05,0.000270715983829879,100.260472022407,95.9387801380561,"double_resid"
"home_lad__base__1H","home_lad__base","1H",26073,,,"LAD",0.000877426577398871,0.00136396236482106,-0.000572070618242581,0.000811702668359176,0.000877426577398871,0.00030535595915629,86.8370452563708,95.4191190754819,"double_resid"
"home_sfg__base__1H","home_sfg__base","1H",27316,,,"SFG",0.000280160854562292,0.00135110652791852,2.79655496262664e-05,0.000810263858376115,0.000280160854562292,0.000308126404188558,95.7970903269511,95.377557486719,"double_resid"
"home_tor__buffalo__1H","home_tor__buffalo","1H",760,,,"TOR",0.00045106927357436,0.00386232216564358,-1.64092234790216e-05,0.000868848049233278,0.00045106927357436,0.000434660050095339,93.2331609421926,93.4793283955113,"double_resid"
"home_cin__base__2H","home_cin__base","2H",26884,,,"CIN",0.000564472235832067,0.00134247545006972,-8.58931509523708e-05,0.000809303499545457,0.000564472235832067,0.000478579084879696,91.5319153924888,92.820464985009,"double_resid"
"home_tor__buffalo__2H","home_tor__buffalo","2H",568,,,"TOR",0.00045106927357436,0.00386232216564358,3.14603288172246e-05,0.000869585489360169,0.00045106927357436,0.000482529602391585,93.2331609421926,92.7612002162382,"double_resid"
"home_cin__base__1H","home_cin__base","1H",26670,,,"CIN",0.000564472235832067,0.00134247545006972,0.000104728242547221,0.000809391415975373,0.000564472235832067,0.000669200478379288,91.5319153924888,89.9608060227275,"double_resid"
"home_ath__base__2H","home_ath__base","2H",24915,,,"ATH",0.000721324297838968,0.00136600696178751,5.07364617218212e-06,0.000811167373046943,0.000721324297838968,0.00072639794401115,89.178856291222,89.1027426007208,"double_resid"
"home_ath__base__1H","home_ath__base","1H",25003,,,"ATH",0.000721324297838968,0.00136600696178751,1.89952244592999e-05,0.000811268765568959,0.000721324297838968,0.000740319522298268,89.178856291222,88.8938942370248,"double_resid"
"home_lad__base__2H","home_lad__base","2H",25867,,,"LAD",0.000877426577398871,0.00136396236482106,0.00060134824945868,0.000811625464180004,0.000877426577398871,0.00147877482685755,86.8370452563708,77.8157550462535,"double_resid"
"home_tex__base__2H","home_tex__base","2H",14919,,,"TEX",0.00284690309581888,0.00169239472261721,-0.000402062654827918,0.000832938502281125,0.00284690309581888,0.00244484044099096,57.2914046884103,63.3230575536476,"double_resid"
"home_pit__base__1H","home_pit__base","1H",27375,,,"PIT",0.00318008023903384,0.00133134147320061,-0.000230507717795634,0.000807751813596191,0.00318008023903384,0.0029495725212382,52.2931566632009,55.7511812268013,"double_resid"
"home_tex__base__1H","home_tex__base","1H",13754,,,"TEX",0.00284690309581888,0.00169239472261721,0.000497057017985599,0.000833302958114246,0.00284690309581888,0.00334396011380448,57.2914046884103,49.8346679069195,"double_resid"
"home_tor__dunedin__1H","home_tor__dunedin","1H",1492,,,"TOR",0.00326714140778944,0.00382235787746098,0.000109016712873795,0.000867327179004516,0.00326714140778944,0.00337615812066324,50.987084732197,49.3516407020982,"double_resid"
"home_min__base__2H","home_min__base","2H",28528,,,"MIN",0.00384074168769117,0.00131380750570983,-0.000397317684992859,0.000805757047416691,0.00384074168769117,0.00344342400269831,42.382063275402,48.34253317809,"double_resid"
"home_pit__base__2H","home_pit__base","2H",27843,,,"PIT",0.00318008023903384,0.00133134147320061,0.000336619407214197,0.000807670850377642,0.00318008023903384,0.00351669964624803,52.2931566632009,47.2432685732787,"double_resid"
"home_tor__base__2H","home_tor__base","2H",27392,,,"TOR",0.00389675359025301,0.00134338856575428,1.15280287859515e-05,0.000809310793063335,0.00389675359025301,0.00390828161903897,41.5417854019966,41.368844525687,"double_resid"
"home_tor__base__1H","home_tor__base","1H",24269,,,"TOR",0.00389675359025301,0.00134338856575428,0.000118497340268371,0.000810138407090339,0.00389675359025301,0.00401525093052138,41.5417854019966,39.7641151474473,"double_resid"
"home_min__base__1H","home_min__base","1H",27150,,,"MIN",0.00384074168769117,0.00131380750570983,0.000525474070512111,0.000805957642342537,0.00384074168769117,0.00436621575820328,42.382063275402,34.4990203094523,"double_resid"
"home_kcr__base__1H","home_kcr__base","1H",28629,,,"KCR",0.00457195125626605,0.00130625714997143,-8.35064270945203e-05,0.000804327914489008,0.00457195125626605,0.00448844482917153,31.4126229744338,32.6653674763223,"double_resid"
"home_cle__base__2H","home_cle__base","2H",29658,,,"CLE",0.00470455666526985,0.00132342598392831,-0.00010206991326914,0.000806420565806513,0.00470455666526985,0.00460248675200071,29.42330666873,30.9545363848742,"double_resid"
"home_kcr__base__2H","home_kcr__base","2H",28772,,,"KCR",0.00457195125626605,0.00130625714997143,0.000236061531137314,0.000804348494089836,0.00457195125626605,0.00480801278740337,31.4126229744338,27.8712813612315,"double_resid"
"home_cle__base__1H","home_cle__base","1H",24987,,,"CLE",0.00470455666526985,0.00132342598392831,0.000259049743392895,0.000807271540360205,0.00470455666526985,0.00496360640866274,29.42330666873,25.5371011029744,"double_resid"
"home_ath__sutter_health__1H","home_ath__sutter_health","1H",3044,,,"ATH",0.00512797472259088,0.00296377107366625,4.49025824272199e-05,0.000861668914774782,0.00512797472259088,0.0051728773050181,23.0712848931024,22.3976665236729,"double_resid"
"home_ath__sutter_health__2H","home_ath__sutter_health","2H",2483,,,"ATH",0.00512797472259088,0.00296377107366625,0.000126205697925847,0.000862741759430521,0.00512797472259088,0.00525418042051672,23.0712848931024,21.177975603212,"double_resid"
"home_az__base__1H","home_az__base","1H",27503,,,"AZ",0.00585665697929475,0.00166145778544637,3.21221983661061e-05,0.000834710466286834,0.00585665697929475,0.00588877917766085,12.1397587522909,11.6578688093028,"double_resid"
"home_az__base__2H","home_az__base","2H",28692,,,"AZ",0.00585665697929475,0.00166145778544637,0.000163300470144871,0.000834427776182066,0.00585665697929475,0.00601995744943962,12.1397587522909,9.68996209294808,"double_resid"
"home_col__base__2H","home_col__base","2H",30700,,,"COL",0.00959417979272779,0.00132241732408991,-0.000228873274401456,0.000805168360198606,0.00959417979272779,0.00936530651832633,-43.9297118036895,-40.4962067896249,"double_resid"
"home_col__base__1H","home_col__base","1H",29200,,,"COL",0.00959417979272779,0.00132241732408991,0.000549008160892116,0.000805520285628101,0.00959417979272779,0.0101431879536199,-43.9297118036895,-52.1658078621531,"double_resid"
"home_bos__base__1H","home_bos__base","1H",28167,,,"BOS",0.013520152788199,0.00131023786132416,2.6804995609922e-05,0.000804862263371789,0.013520152788199,0.0135469577838089,-102.826269299469,-103.228391771258,"double_resid"
"home_bos__base__2H","home_bos__base","2H",28400,,,"BOS",0.013520152788199,0.00131023786132416,0.000424330241761197,0.000804830727605915,0.013520152788199,0.0139444830299602,-102.826269299469,-109.191975459424,"double_resid"
"home_nyy__base__2H","home_nyy__base","2H",26109,,,"NYY",-0.00206448277878745,0.000440955859207516,-6.95805553168796e-05,0.000227696414964322,-0.00206448277878745,-0.00213406333410433,386.039869245355,395.680449999702,"triple_resid"
"home_lad__base__2H","home_lad__base","2H",25867,,,"LAD",-0.00200377444790737,0.000449672124480229,-5.90718157568671e-05,0.000228326244548805,-0.00200377444790737,-0.00206284626366424,377.628560027634,385.813125493035,"triple_resid"
"home_nyy__base__1H","home_nyy__base","1H",26438,,,"NYY",-0.00206448277878745,0.000440955859207516,3.44907373085643e-05,0.00022768844914468,-0.00206448277878745,-0.00202999204147888,386.039869245355,381.261081022325,"triple_resid"
"home_lad__base__1H","home_lad__base","1H",26073,,,"LAD",-0.00200377444790737,0.000449672124480229,2.50138514911949e-05,0.000228339046044489,-0.00200377444790737,-0.00197876059641618,377.628560027634,374.16282086847,"triple_resid"
"home_sea__base__1H","home_sea__base","1H",26082,,,"SEA",-0.00191567999889391,0.000441100986164738,-4.73385329484209e-05,0.000227678186752205,-0.00191567999889391,-0.00196301853184233,365.422827465479,371.981713746326,"triple_resid"
"home_sea__base__2H","home_sea__base","2H",26249,,,"SEA",-0.00191567999889391,0.000441100986164738,1.47779016784963e-05,0.000227673997908534,-0.00191567999889391,-0.00190090209721541,365.422827465479,363.375307812,"triple_resid"
"home_cle__base__1H","home_cle__base","1H",24987,,,"CLE",-0.00159459609805556,0.000436819944171551,-0.000126478985337426,0.000227380179428699,-0.00159459609805556,-0.00172107508339299,320.935754017218,338.459771558043,"triple_resid"
"home_bal__base__2H","home_bal__base","2H",17436,,,"BAL",-0.00162478791393418,0.000529399029989393,-5.26343598520767e-05,0.000231544881771498,-0.00162478791393418,-0.00167742227378626,325.118914639789,332.411552565664,"triple_resid"
"home_bal__base__1H","home_bal__base","1H",17134,,,"BAL",-0.00162478791393418,0.000529399029989393,2.50179937645536e-05,0.00023155650433867,-0.00162478791393418,-0.00159976992016963,325.118914639789,321.652601557053,"triple_resid"
"home_nym__base__2H","home_nym__base","2H",28211,,,"NYM",-0.00146827898875499,0.000447553472972509,-9.30301133989794e-05,0.000228205928622194,-0.00146827898875499,-0.00156130910215397,303.434164854527,316.32374753642,"triple_resid"
"home_chw__base__2H","home_chw__base","2H",28644,,,"CHW",-0.00141973544201194,0.000434529127534256,-0.000128489049099866,0.000227257219507481,-0.00141973544201194,-0.0015482244911118,296.708320538576,314.510838041566,"triple_resid"
"home_cle__base__2H","home_cle__base","2H",29658,,,"CLE",-0.00159459609805556,0.000436819944171551,9.93757866800132e-05,0.000227248283467247,-0.00159459609805556,-0.00149522031137555,320.935754017218,307.166960535298,"triple_resid"
"home_tor__base__2H","home_tor__base","2H",27392,,,"TOR",-0.00142141408903071,0.000443417200304068,-1.67276023497959e-05,0.000227868794306702,-0.00142141408903071,-0.0014381416913805,296.940901782988,299.258557923348,"triple_resid"
"home_tor__base__1H","home_tor__base","1H",24269,,,"TOR",-0.00142141408903071,0.000443417200304068,-7.43203812308938e-06,0.000227996784977382,-0.00142141408903071,-0.0014288461271538,296.940901782988,297.970631473542,"triple_resid"
"home_tbr__steinbrenner__2H","home_tbr__steinbrenner","2H",2351,,,"TBR",-0.00138251041287497,0.00103678152903442,-2.59714250121104e-05,0.000238483553112076,-0.00138251041287497,-0.00140848183788708,291.550688527111,295.149102178661,"triple_resid"
"home_nym__base__1H","home_nym__base","1H",24744,,,"NYM",-0.00146827898875499,0.000447553472972509,6.80739146696769e-05,0.000228303103392957,-0.00146827898875499,-0.00140020507408531,303.434164854527,294.00233338022,"triple_resid"
"home_tbr__steinbrenner__1H","home_tbr__steinbrenner","1H",3442,,,"TBR",-0.00138251041287497,0.00103678152903442,2.47302663387235e-06,0.000238243253683331,-0.00138251041287497,-0.0013800373862411,291.550688527111,291.208043762881,"triple_resid"
"home_cin__base__2H","home_cin__base","2H",26884,,,"CIN",-0.00126316304696751,0.000441426145170243,-6.07052373336574e-05,0.000227861099706248,-0.00126316304696751,-0.00132386828430116,275.014776825779,283.425657423982,"triple_resid"
"home_chw__base__1H","home_chw__base","1H",26574,,,"CHW",-0.00141973544201194,0.000434529127534256,0.000104357940430495,0.000227314808954508,-0.00141973544201194,-0.00131537750158144,296.708320538576,282.249235705238,"triple_resid"
"home_cin__base__1H","home_cin__base","1H",26670,,,"CIN",-0.00126316304696751,0.000441426145170243,3.92353748146299e-05,0.000227873637039568,-0.00126316304696751,-0.00122392767215288,275.014776825779,269.578605792005,"triple_resid"
"home_tex__globe_life__2H","home_tex__globe_life","2H",13318,,,"TEX",-0.0011603509613726,0.000574300413351206,-4.92345290851405e-05,0.000233022732571166,-0.0011603509613726,-0.00120958549045774,260.769874508075,267.591456362171,"triple_resid"
"home_tex__globe_life__1H","home_tex__globe_life","1H",13108,,,"TEX",-0.0011603509613726,0.000574300413351206,2.95121538357513e-05,0.000233043375531408,-0.0011603509613726,-0.00113083880753685,260.769874508075,256.680882964495,"triple_resid"
"home_laa__base__1H","home_laa__base","1H",27328,,,"LAA",-0.000922229124488019,0.000435297546743109,-3.52464238442912e-05,0.00022746704561594,-0.000922229124488019,-0.00095747554833231,227.777427302032,232.660918010397,"triple_resid"
"home_laa__base__2H","home_laa__base","2H",26865,,,"LAA",-0.000922229124488019,0.000435297546743109,1.95713828738234e-05,0.000227476829395193,-0.000922229124488019,-0.000902657741614195,227.777427302032,225.065757407906,"triple_resid"
"home_bal__wall_medium__2H","home_bal__wall_medium","2H",2760,,,"BAL",-0.000889495806019829,0.00104730501402642,-1.23706589041214e-05,0.000238435879208521,-0.000889495806019829,-0.00090186646492395,223.242134379847,224.956123807016,"triple_resid"
"home_bal__wall_medium__1H","home_bal__wall_medium","1H",2545,,,"BAL",-0.000889495806019829,0.00104730501402642,-2.74801695609313e-06,0.000238505821348757,-0.000889495806019829,-0.000892243822975922,223.242134379847,223.622879823152,"triple_resid"
"home_ath__sutter_health__1H","home_ath__sutter_health","1H",3044,,,"ATH",-0.00085742518263624,0.0010444920230371,-8.36333403011774e-06,0.00023834455458557,-0.00085742518263624,-0.000865788516666358,218.798659717081,219.957423063044,"triple_resid"
"home_ath__sutter_health__2H","home_ath__sutter_health","2H",2483,,,"ATH",-0.00085742518263624,0.0010444920230371,-6.21024048583969e-06,0.000238510087395462,-0.00085742518263624,-0.00086363542312208,218.798659717081,219.659105924143,"triple_resid"
"home_wsh__base__1H","home_wsh__base","1H",27202,,,"WSH",-0.000651602930803163,0.000580427427090724,-9.20831203343223e-05,0.000233186968466835,-0.000651602930803163,-0.000743686051137485,190.281410453953,203.039784595298,"triple_resid"
"home_stl__base__2H","home_stl__base","2H",27348,,,"STL",-0.000617800228159634,0.000438935987459601,-5.79843126272358e-05,0.000227363863930606,-0.000617800228159634,-0.00067578454078687,185.597951360158,193.631840222102,"triple_resid"
"home_sdp__base__2H","home_sdp__base","2H",24698,,,"SDP",-0.000605499589748348,0.000449485231556802,-2.61609813995862e-05,0.00022846350342273,-0.000605499589748348,-0.000631660571147935,183.893663468319,187.518340688083,"triple_resid"
"home_sdp__base__1H","home_sdp__base","1H",27361,,,"SDP",-0.000605499589748348,0.000449485231556802,1.5869362294518e-05,0.000228382449007794,-0.000605499589748348,-0.00058963022745383,183.893663468319,181.694918890562,"triple_resid"
"home_wsh__base__2H","home_wsh__base","2H",28834,,,"WSH",-0.000651602930803163,0.000580427427090724,8.10078871138181e-05,0.000233094609726487,-0.000651602930803163,-0.000570595043689345,190.281410453953,179.057540884312,"triple_resid"
"home_stl__base__1H","home_stl__base","1H",28269,,,"STL",-0.000617800228159634,0.000438935987459601,4.74836207378446e-05,0.000227343740132255,-0.000617800228159634,-0.00057031660742179,185.597951360158,179.018962759863,"triple_resid"
"home_atl__suntrust__1H","home_atl__suntrust","1H",21647,,,"ATL",-0.000519910924080207,0.000487033401253089,-3.16772025397095e-05,0.000230114319182996,-0.000519910924080207,-0.000551588126619916,172.035114204479,176.424079307806,"triple_resid"
"home_atl__suntrust__2H","home_atl__suntrust","2H",20959,,,"ATL",-0.000519910924080207,0.000487033401253089,2.28403258682918e-05,0.000230142717979117,-0.000519910924080207,-0.000497070598211915,172.035114204479,168.870523105916,"triple_resid"
"home_min__base__1H","home_min__base","1H",27150,,,"MIN",-0.000342970948075389,0.000432507353186182,-0.000144274984422862,0.000227120249319653,-0.000342970948075389,-0.000487245932498251,147.519585123427,167.509288163687,"triple_resid"
"home_tor__buffalo__2H","home_tor__buffalo","2H",568,,,"TOR",-0.000466377349960092,0.00141462864545249,-1.13876036041752e-05,0.000239745645157828,-0.000466377349960092,-0.000477764953564267,164.617887624101,166.195671987054,"triple_resid"
"home_bal__wall_deep__2H","home_bal__wall_deep","2H",8130,,,"BAL",-0.000414058209737413,0.000705146054725645,-5.42961440758099e-05,0.000235568715883784,-0.000414058209737413,-0.000468354353813223,157.368924260447,164.891807043269,"triple_resid"
"home_tor__buffalo__1H","home_tor__buffalo","1H",760,,,"TOR",-0.000466377349960092,0.00141462864545249,3.46063201547024e-06,0.000239622396349009,-0.000466377349960092,-0.000462916717944622,164.617887624101,164.138407369104,"triple_resid"
"home_ath__base__2H","home_ath__base","2H",24915,,,"ATH",-0.00036768112000893,0.00045091406208935,-5.49599783336422e-05,0.000228268912842188,-0.00036768112000893,-0.000422641098342572,150.943248629621,158.558107507502,"triple_resid"
"home_bal__wall_deep__1H","home_bal__wall_deep","1H",7761,,,"BAL",-0.000414058209737413,0.000705146054725645,4.72584359518528e-05,0.000235605745359766,-0.000414058209737413,-0.00036679977378556,157.368924260447,150.821135642735,"triple_resid"
"home_pit__base__2H","home_pit__base","2H",27843,,,"PIT",-0.000235773339938483,0.000437752193579713,-9.00356192346622e-05,0.000227499383989764,-0.000235773339938483,-0.000325808959173145,132.667056378719,145.141743510008,"triple_resid"
"home_ath__base__1H","home_ath__base","1H",25003,,,"ATH",-0.00036768112000893,0.00045091406208935,4.87105372054575e-05,0.000228281288633956,-0.00036768112000893,-0.000318970582803472,150.943248629621,144.194267317554,"triple_resid"
"home_min__base__2H","home_min__base","2H",28528,,,"MIN",-0.000342970948075389,0.000432507353186182,0.000138445539743877,0.000227088181450956,-0.000342970948075389,-0.000204525408331512,147.519585123427,128.337567965018,"triple_resid"
"home_pit__base__1H","home_pit__base","1H",27375,,,"PIT",-0.000235773339938483,0.000437752193579713,8.60282021352323e-05,0.000227513203644025,-0.000235773339938483,-0.000149745137803251,132.667056378719,120.747608106727,"triple_resid"
"home_hou__base__1H","home_hou__base","1H",27351,,,"HOU",6.77389995173371e-06,0.000440265026022091,-4.27517409007422e-05,0.00022745706662977,6.77389995173371e-06,-3.59778409490085e-05,99.0614571957761,104.984830596082,"triple_resid"
"home_phi__base__1H","home_phi__base","1H",25710,,,"PHI",0.000109526697569349,0.000446970549952677,-0.000143241192243554,0.000228213782605726,0.000109526697569349,-3.37144946742046e-05,84.8247693933233,104.671237632676,"triple_resid"
"home_hou__base__2H","home_hou__base","2H",26707,,,"HOU",6.77389995173371e-06,0.000440265026022091,4.28668762358186e-05,0.000227494081725101,6.77389995173371e-06,4.96407761875523e-05,99.0614571957761,93.1221314724334,"triple_resid"
"home_phi__base__2H","home_phi__base","2H",28142,,,"PHI",0.000109526697569349,0.000446970549952677,0.000145102807135349,0.000228119287989474,0.000109526697569349,0.000254629504704699,84.8247693933233,64.7203691984683,"triple_resid"
"home_bos__base__1H","home_bos__base","1H",28167,,,"BOS",0.000292391451788786,0.000431952152137776,5.26584407828166e-07,0.000226875897775529,0.000292391451788786,0.000292918036196614,59.4883457021393,59.4153859580768,"triple_resid"
"home_bos__base__2H","home_bos__base","2H",28400,,,"BOS",0.000292391451788786,0.000431952152137776,4.44316536974628e-06,0.000226867184446279,0.000292391451788786,0.000296834617158533,59.4883457021393,58.8727326999596,"triple_resid"
"home_tor__dunedin__1H","home_tor__dunedin","1H",1492,,,"TOR",0.000386029212792201,0.00139564188879999,6.56130192102148e-06,0.000239410479892571,0.000386029212792201,0.000392590514713223,46.5145717433292,45.6054849915033,"triple_resid"
"home_mil__base__1H","home_mil__base","1H",26372,,,"MIL",0.000420334364947398,0.00044570258349557,-1.39204060659307e-05,0.000228058657465074,0.000420334364947398,0.000406413958881468,41.7614968629091,43.6902080984078,"triple_resid"
"home_mil__base__2H","home_mil__base","2H",25707,,,"MIL",0.000420334364947398,0.00044570258349557,2.10647894049978e-05,0.00022808485136176,0.000420334364947398,0.000441399154352396,41.7614968629091,38.8429113125731,"triple_resid"
"home_tbr__base__1H","home_tbr__base","1H",23537,,,"TBR",0.000533275274786621,0.000459351796476816,-2.44828932115472e-05,0.000228931722243676,0.000533275274786621,0.000508792381575074,26.1132175869555,29.5053909898706,"triple_resid"
"home_tbr__base__2H","home_tbr__base","2H",23009,,,"TBR",0.000533275274786621,0.000459351796476816,3.35469224845978e-05,0.000228942021291622,0.000533275274786621,0.000566822197271219,26.1132175869555,21.4651975503271,"triple_resid"
"home_mia__base__1H","home_mia__base","1H",26156,,,"MIA",0.000721359746988211,0.000445296891178501,-0.000101487498963985,0.000228262253020135,0.000721359746988211,0.000619872248024226,0.0535873549111998,14.1149644862557,"triple_resid"
"home_mia__base__2H","home_mia__base","2H",27620,,,"MIA",0.000721359746988211,0.000445296891178501,0.000113748382174191,0.000228195118099054,0.000721359746988211,0.000835108129162402,0.0535873549111998,-15.7065694738546,"triple_resid"
"home_atl__base__2H","home_atl__base","2H",5194,,,"ATL",0.000899822329943536,0.000847291890196794,-4.35157180945715e-05,0.000237285854755378,0.000899822329943536,0.000856306611848965,-24.6729031822062,-18.6436786026726,"triple_resid"
"home_tex__base__1H","home_tex__base","1H",13754,,,"TEX",0.000919227055591685,0.00056855127565957,-8.35893362193324e-06,0.000232846389283288,0.000919227055591685,0.000910868121969752,-27.3614822510994,-26.2033285940112,"triple_resid"
"home_tex__base__2H","home_tex__base","2H",14919,,,"TEX",0.000919227055591685,0.00056855127565957,2.39829487116079e-05,0.000232788483306722,0.000919227055591685,0.000943210004303293,-27.3614822510994,-30.6843869437777,"triple_resid"
"home_atl__base__1H","home_atl__base","1H",5463,,,"ATL",0.000899822329943536,0.000847291890196794,5.88099129026193e-05,0.000237234330704754,0.000899822329943536,0.000958632242846156,-24.6729031822062,-32.8211812738627,"triple_resid"
"home_chc__base__2H","home_chc__base","2H",27364,,,"CHC",0.00143464049779547,0.000444955306328759,-2.61317057822824e-05,0.000227939333211406,0.00143464049779547,0.00140850879201318,-98.7734577493201,-95.1528367483,"triple_resid"
"home_chc__base__1H","home_chc__base","1H",24900,,,"CHC",0.00143464049779547,0.000444955306328759,5.05161542711677e-05,0.000228008464519282,0.00143464049779547,0.00148515665206663,-98.7734577493201,-105.7726123613,"triple_resid"
"home_kcr__base__2H","home_kcr__base","2H",28772,,,"KCR",0.00238593544361007,0.000430075019246112,-9.45073617018644e-05,0.000226781217282249,0.00238593544361007,0.00229142808190821,-230.578035976123,-217.48377640579,"triple_resid"
"home_kcr__base__1H","home_kcr__base","1H",28629,,,"KCR",0.00238593544361007,0.000430075019246112,0.000135060880170058,0.000226779887952658,0.00238593544361007,0.00252099632378013,-230.578035976123,-249.291099074037,"triple_resid"
"home_sfg__base__1H","home_sfg__base","1H",27316,,,"SFG",0.00296927538483186,0.000444775020988058,-9.99486030659637e-05,0.000228061294393498,0.00296927538483186,0.0028693267817659,-311.40141809737,-297.553259301376,"triple_resid"
"home_sfg__base__2H","home_sfg__base","2H",26616,,,"SFG",0.00296927538483186,0.000444775020988058,0.000150417095194418,0.000228072068839361,0.00296927538483186,0.00311969248002628,-311.40141809737,-332.242127782024,"triple_resid"
"home_det__base__2H","home_det__base","2H",28269,,,"DET",0.00341801521216232,0.000432684449777126,1.58226914509739e-05,0.00022713866181759,0.00341801521216232,0.0034338379036133,-373.575577578699,-375.767855780412,"triple_resid"
"home_det__base__1H","home_det__base","1H",27461,,,"DET",0.00341801521216232,0.000432684449777126,4.22729889671649e-05,0.000227171749850519,0.00341801521216232,0.00346028820112949,-373.575577578699,-379.432618558174,"triple_resid"
"home_az__base__1H","home_az__base","1H",27503,,,"AZ",0.00453943144541737,0.000583066821002825,-2.1816861321505e-05,0.000233164096288178,0.00453943144541737,0.00451761458409586,-528.950936494646,-525.928149274589,"triple_resid"
"home_az__base__2H","home_az__base","2H",28692,,,"AZ",0.00453943144541737,0.000583066821002825,9.89731471048764e-05,0.00023311672532141,0.00453943144541737,0.00463840459252224,-528.950936494646,-542.6639431361,"triple_resid"
"home_col__base__2H","home_col__base","2H",30700,,,"COL",0.00517356091427355,0.000434327230293735,7.01736222362372e-06,0.000226964156489296,0.00517356091427355,0.00518057827649718,-616.811349872754,-617.783625056406,"triple_resid"
"home_col__base__1H","home_col__base","1H",29200,,,"COL",0.00517356091427355,0.000434327230293735,8.09171620089921e-05,0.000227016963329731,0.00517356091427355,0.00525447807628255,-616.811349872754,-628.022649225104,"triple_resid"
