"bacon_resid","hr_resid","xbh_resid"
0.368676076979124,3.00622480586879e-06,0.63132091679607
0.533643989920115,1.06907687111814e-11,0.466356010069195
0.99999995121589,6.57243795057003e-20,4.87841094590153e-08
0.999999999999994,4.76761540051481e-34,5.89355608303266e-15
0.572364340988118,0.162547090220887,0.265088568790994
0.611164704606679,1.11251383889068e-14,0.38883529539331
0.999999813528016,1.67018441956875e-20,1.86471984467372e-07
0.272706160902365,0.000152664330446113,0.727141174767189
0.999985659976537,3.95859494092388e-18,1.43400234633268e-05
0.64460388216137,0.174592407202026,0.180803710636604
0.640577304334035,1.38173583860056e-11,0.359422695652147
0.651218701660419,0.000144037737639167,0.348637260601942
0.604804151543056,8.45673877909874e-11,0.395195848372377
0.999999970025272,1.01116852054495e-16,2.99747278804658e-08
0.999999382912655,3.28173534083302e-20,6.17087344587545e-07
0.519701364687107,2.4468082779742e-12,0.480298635310446
0.999999999431645,8.95526008272151e-24,5.68355204313469e-10
0.999999189947642,2.42231209981173e-14,8.10052333530106e-07
0.999999977794089,1.47479682556029e-23,2.2205911108668e-08
0.523611538231775,0.274230793015693,0.202157668752532
0.383172537015056,6.51627639403941e-11,0.616827462919781
0.999985231827842,1.35802229792073e-15,1.47681721566914e-05
0.999999843487514,1.34716979491159e-17,1.56512485759606e-07
0.999999999999826,3.69480833595366e-33,1.74083097749106e-13
0.627394593070465,1.2021374340984e-06,0.372604204792101
0.999989982616171,1.06916514566366e-13,1.00173837217403e-05
0.646207436885206,2.28564932910832e-08,0.3537925402583
0.55500909722293,0.391500252308821,0.0534906504682485
0.999999999999991,6.8838602067859e-34,9.36054006811681e-15
0.377187601446923,0.000250479862531562,0.622561918690545
0.632871705324655,0.366859451257774,0.000268843417571317
0.999999999997113,1.82274994738801e-27,2.8869805680842e-12
0.999983687150324,5.32492070448371e-19,1.63128496756725e-05
0.999999868445574,5.75506203525441e-21,1.3155442623771e-07
0.999999489003558,8.3842879798739e-13,5.10995603150659e-07
0.0501604562507316,0.164315317505,0.785524226244269
0.999989655783158,2.44947323596392e-14,1.03442168170533e-05
0.469086030385118,3.9149367532833e-12,0.530913969610967
0.999997040512029,9.70052347912925e-13,2.95948700058478e-06
0.99999999335515,2.6558184415403e-23,6.64484953831753e-09
0.999999896550846,1.4149489529316e-18,1.03449154213794e-07
0.626601746755605,0.0566186250091657,0.316779628235229
0.999999999542042,1.76773017835246e-28,4.57958438940837e-10
0.999999999153511,3.30344535985964e-23,8.464888097914e-10
0.999999999985272,1.04105262926572e-23,1.47284531398927e-11
0.999999999801023,2.84452288956662e-26,1.98976881120529e-10
0.373707371552586,0.126811644108922,0.499480984338492
0.470108853393693,0.0891687304319691,0.440722416174338
0.999999993261627,2.43212305878616e-26,6.73837264771097e-09
0.999999999872234,6.97038141394416e-26,1.27765894694152e-10
0.160139304734943,3.70679513995319e-05,0.839823627313657
0.642237636605973,1.38093150120443e-08,0.357762349584712
0.381207706208937,9.81517965736843e-05,0.618694141994489
0.437976975170895,0.0356198326441874,0.526403192184917
0.999987887794738,1.61478922360376e-11,1.21121891140178e-05
0.999999779460132,6.15260059243231e-20,2.20539868425676e-07
0.376971884189496,0.139514040021642,0.483514075788862
0.999999820214062,1.51736925575414e-16,1.79785937926442e-07
0.449143702169007,6.1819811277112e-11,0.550856297769173
0.999999991975423,4.54340282342505e-18,8.02457706564706e-09
0.999999239326234,2.13279940955905e-20,7.60673765982192e-07
0.999999999999998,1.5028684056186e-41,2.25695547511727e-15
0.999999998949984,2.54710890731533e-24,1.05001593121335e-09
0.999989590654005,6.826379908857e-13,1.04093453123256e-05
0.999999998483174,4.19726140415571e-20,1.51682577805601e-09
0.99999999523188,7.09770883017769e-22,4.76811980962581e-09
0.55920646441041,2.98013568027428e-14,0.44079353558956
0.278573097659308,0.218647633423072,0.50277926891762
0.999998524408203,6.64738111296026e-19,1.47559179667096e-06
0.999998171815245,2.17380508963222e-21,1.82818475518918e-06
0.999973824503795,1.62050109056145e-15,2.61754962039046e-05
0.999999975813162,5.30607030628608e-21,2.41868382217393e-08
0.999999999060116,8.64005812130389e-20,9.39883817544422e-10
0.750414424376577,4.07928358173157e-08,0.249585534830587
0.524801086822948,2.21327909063166e-11,0.47519891315492
0.999999994002135,5.5540042461788e-23,5.99786529010005e-09
0.999999971305333,2.88400829515776e-22,2.86946668916006e-08
0.99999999992263,3.46532049665718e-25,7.73703020462682e-11
0.999995947061262,7.46618095657058e-13,4.05293799108423e-06
0.999984938857801,9.11472965278603e-11,1.50610510516664e-05
0.173498013519316,0.12583690618868,0.700665080292004
0.38226563329047,0.00106110894918556,0.616673257760345
0.999999060359899,4.29790629025731e-11,9.39597121529884e-07
0.999999933337199,5.917092428831e-16,6.66628002120952e-08
0.0952813068614261,1.75267876524043e-05,0.904701166350922
0.619007696493839,4.71044247739061e-09,0.380992298795718
0.606866226169697,0.0349352241862815,0.358198549644022
0.5128845634448,0.000124038406275848,0.486991398148925
0.25830012119998,0.228241001431606,0.513458877368414
0.410348653821103,0.294860500202757,0.29479084597614
0.714208313395996,1.11183679847021e-12,0.285791686602892
0.584527644860737,1.11714190933137e-05,0.41546118372017
0.542564612863808,0.231679131245769,0.225756255890424
0.99999994943105,2.20008985879701e-23,5.0568950084058e-08
0.999999999785314,9.6487094225298e-22,2.14685641523651e-10
0.999999999439673,6.72921169715736e-20,5.60326961940449e-10
0.441164909370786,6.69763280863529e-07,0.558834420865933
0.685562786440247,1.66605440887569e-08,0.314437196899209
0.999999993872372,5.39387666287258e-26,6.12762838764205e-09
0.999999987157374,7.67991585399337e-21,1.28426256334401e-08
0.404831947835671,7.47934278344733e-05,0.595093258736495
0.572311931129441,1.69537822103719e-09,0.427688067175181
0.571735491149838,3.48611100758509e-10,0.428264508501551
0.331609207634913,0.153321974475532,0.515068817889554
0.999999999999921,6.00034300849598e-31,7.85936961876532e-14
0.999999911738386,1.22375858366541e-18,8.82616140685138e-08
0.562498421355857,2.555569318396e-12,0.437501578641587
0.368715240691268,4.93668126979718e-09,0.63128475437205
0.999998424779201,5.23454997784515e-13,1.57522027578395e-06
0.999999830798056,2.42311627921666e-20,1.69201944397083e-07
0.541007033598477,0.0861483349017044,0.372844631499819
0.510075390457888,2.63724383564633e-06,0.489921972298276
0.580834009049423,1.02443556448115e-09,0.419165989926141
0.767059748903689,1.87446674196053e-07,0.232940063649637
0.999990806693096,4.46777175350422e-17,9.19330690352378e-06
0.513732301762278,3.44032837815883e-10,0.48626769789369
0.999975606023145,2.63274929965637e-13,2.43939765920989e-05
0.999997369643098,4.8666367089107e-12,2.63035203491869e-06
0.999994857142856,1.54823750094299e-15,5.1428571424472e-06
0.0902322780643511,0.41695135666208,0.492816365273569
0.589924056789525,8.6009477074961e-10,0.41007594235038
0.596108762546244,0.0975721187620864,0.306319118691669
0.28420103549994,0.54146048692745,0.17433847757261
1,1.37548629917201e-49,1.22564597355915e-20
0.524469517112061,0.0758094055118863,0.399721077376053
0.336533043349212,0.128928306307476,0.534538650343312
0.590419959803565,5.79732880473681e-05,0.409522066908387
0.501305872798677,1.46014996211816e-07,0.498693981186327
0.999999999846622,5.899776226462e-28,1.5337752321171e-10
0.463323814717409,0.0515958676185042,0.485080317664086
8.38033422820945e-06,6.02852519377644e-09,0.999991613637247
0.643776259501459,3.06271143263593e-09,0.356223737435829
0.711033247043009,6.80381444776133e-13,0.28896675295631
0.999997518754498,2.11878608908401e-11,2.48122431375789e-06
0.999999999993957,1.88669210174873e-31,6.04297936384114e-12
0.444390963841668,6.31682841091882e-05,0.555545867874223
0.118652003700797,3.7801691620222e-06,0.881344216130041
0.999999170987753,1.84074418447022e-21,8.29012247272855e-07
0.590249410176819,4.09672781493913e-06,0.409746493095366
0.477002453128034,6.059862248308e-09,0.522997540812103
0.517529716986192,0.184667067152279,0.297803215861529
0.686388543776903,2.13672780330798e-07,0.313611242550316
0.503975757485836,6.80484712522895e-07,0.496023562029452
0.467008985558154,0.00013263458724287,0.532858379854603
4.82640686672408e-05,0.359832804589188,0.640118931342144
0.196674713154472,0.411273468629615,0.392051818215913
0.999999999999843,1.55480555904756e-31,1.57392105347181e-13
0.467310841045639,0.278055015785542,0.254634143168819
0.618112557679299,0.244960236106318,0.136927206214383
0.492555445380201,0.0825999151568445,0.424844639462954
0.56802001569417,0.0939636491622358,0.338016335143594
0.39997132536445,0.0908042270252331,0.509224447610317
0.380754967123278,0.276828916824589,0.342416116052134
0.999994448182624,5.80663084189538e-10,5.55123671304394e-06
0.475588870198011,2.9928883874142e-05,0.524381200918115
0.757187511301494,2.65233717958644e-08,0.242812462175134
0.421930512174257,4.73527259346476e-08,0.578069440473017
0.587172545194453,1.27114322191768e-08,0.412827442094115
0.490592033968622,0.0454620328690147,0.463945933162363
0.550884874456151,1.57800476125407e-14,0.449115125543833
0.999999999815175,3.55281775762518e-29,1.84825227534863e-10
0.999999999991515,8.54786289398331e-31,8.48463706032836e-12
0.999995882704644,2.29514351760251e-17,4.11729535546819e-06
0.999999943898994,1.61265245157879e-23,5.61010057990445e-08
0.596014746019274,2.98974535074573e-06,0.403982264235375
0.592290647295859,3.14972654451848e-07,0.407709037731487
0.999999999436454,4.26889440705027e-18,5.63545979748708e-10
0.99999999809753,7.77360859621237e-20,1.90246949455642e-09
1,3.2119040877049e-44,1.2342690169139e-17
0.999999999562952,9.3284843483188e-24,4.3704816456e-10
0.999999787970954,5.67815410178048e-18,2.12029046451765e-07
0.999991404762988,1.63154643204401e-11,8.59522069607169e-06
0.999999995986803,1.31999843693918e-22,4.01319664198532e-09
0.999999989158145,4.63124427580595e-20,1.08418552457832e-08
0.530077453302095,0.0964216778658634,0.373500868832042
0.435332535065522,0.0775350029953407,0.487132461939138
0.664051114788102,3.01806922735302e-13,0.335948885211596
0.999999999952208,5.62776098708946e-27,4.7791635266341e-11
0.303708810914095,0.000154900239051386,0.696136288846854
0.663239668519824,0.24317310812121,0.0935872233589655
0.999999990025373,3.61251966468892e-20,9.97462669087789e-09
0.390851212468298,0.0431547891610275,0.565993998370674
0.650430432326007,3.59985363927856e-07,0.349569207688629
0.999999828256612,3.57593107222727e-14,1.71743352640919e-07
0.999998637255501,3.14945617569388e-15,1.3627444962148e-06
0.999975579183061,5.42632752478243e-12,2.4420811512473e-05
0.999999999995106,8.61758601754161e-27,4.89381104214682e-12
0.999999999421198,6.76368878923126e-24,5.78801868712174e-10
0.61481676347328,1.21361000933834e-10,0.385183236405359
0.438675206257787,0.406065994615934,0.15525879912628
0.999999662327165,1.5000222305529e-17,3.37672835289619e-07
0.999999779295817,1.31879196794757e-14,2.20704169973452e-07
2.37995212342346e-05,0.218963867098103,0.781012333380663
0.999991368352817,5.2190489738981e-15,8.63164717752457e-06
0.999999615165307,4.70807792246265e-15,3.84834688674689e-07
0.99999820677233,4.45942906812893e-18,1.79322766939364e-06
0.404825964815795,0.0019534561518324,0.593220579032373
0.999999999978823,1.03185173914509e-30,2.11770811474638e-11
0.99999999719509,6.78515551813432e-21,2.80491039260053e-09
0.999993256419719,1.711749034614e-17,6.74358028078531e-06
0.638061439799083,2.81662337687509e-10,0.361938559919255
0.99999996364604,1.53517043906024e-25,3.63539605391765e-08
0.591024517382287,4.20383469790513e-13,0.408975482617293
0.583883321929018,4.74415993855317e-05,0.416069236471597
0.999999638050849,4.57987356179219e-16,3.61949150263246e-07
0.297999340617125,0.192792027150686,0.509208632232189
0.0851631807856917,0.141173005446689,0.773663813767619
0.999995803181546,2.42855836576406e-16,4.19681845382467e-06
0.999999714694042,1.07739872037037e-16,2.85305958257231e-07
0.999985962102549,9.56194179432331e-14,1.40378973550369e-05
0.198598949575899,0.0340661820512901,0.767334868372811
0.576876958823561,7.49868632802644e-11,0.423123041101452
0.999996854869885,1.10229217082845e-11,3.14511909160976e-06
0.293918377393299,0.107206021923056,0.598875600683645
0.283389771986009,0.0567809634463449,0.659829264567647
0.999995094920555,1.43043786119031e-12,4.90507801474492e-06
0.999981873183152,6.26741411776236e-11,1.81267541737703e-05
0.598657123667528,1.78680410459426e-05,0.401325008291426
0.99999698806704,2.6120556732742e-13,3.01193269867828e-06
0.999999259149766,3.01293900114151e-21,7.40850234086364e-07
0.513318777802292,6.2985128184672e-13,0.486681222197078
0.999996990459797,1.09367353953537e-15,3.00954020183498e-06
0.475418886393862,1.59846621105005e-08,0.524581097621476
0.999999961793765,7.39979465342108e-19,3.82062353032399e-08
0.518729895209305,1.01020531420759e-07,0.481270003770163
0.999999984819776,6.69772199182109e-16,1.5180222814896e-08
0.625155976540825,1.2634020839796e-10,0.374844023332835
0.48929280654356,0.0133723929165347,0.497334800539905
0.345697262065667,0.0819720912245607,0.572330646709772
0.546129030811889,0.0374353798935674,0.416435589294543
0.551026264359112,0.247995697755714,0.200978037885173
0.472977338387012,0.109172783715908,0.41784987789708
0.621051490985411,3.18568040907599e-11,0.378948508982733
0.999999999999989,1.51144939477928e-37,1.14328420183952e-14
0.201545519577072,0.0712721557020683,0.72718232472086
0.999974148242776,3.87429968541647e-16,2.58517572233005e-05
0.624222915667312,4.08740995534994e-15,0.375777084332684
0.999999956799598,7.57552016613911e-21,4.32004023101785e-08
0.627173081244818,8.4479182835855e-13,0.372826918754337
0.494909155344903,3.79795793813097e-06,0.505087046697159
0.999999999012773,1.72032455332075e-22,9.87227231382246e-10
0.999999412473431,4.29849110693154e-18,5.87526569191374e-07
0.622208594439207,0.131484768619442,0.24630663694135
0.999999999978246,5.34923286563081e-28,2.17537478746956e-11
0.477432895143951,3.23391289378736e-09,0.522567101622136
0.490259980110456,2.17110724083679e-12,0.509740019887372
0.999999994733082,4.69531070699734e-23,5.26691809533167e-09
0.999999999924722,1.76843315177496e-30,7.52783779961925e-11
0.999999998695464,2.59387639897433e-24,1.30453633050391e-09
0.999999903858532,4.12514847641784e-20,9.61414682138044e-08
0.608332393381356,1.83002170453873e-10,0.391667606435642
0.999999998571007,9.21760285892128e-24,1.42899322442779e-09
0.424552019999553,1.04323703498398e-09,0.57544797895721
0.999999999890693,1.91544076910545e-24,1.09306752744431e-10
0.582394675196748,1.22109682587499e-09,0.417605323582156
0.53379835496628,2.58729841609239e-09,0.466201642446422
0.999999999918237,6.53853153689395e-25,8.17634335386419e-11
0.388749764347119,0.0866338433040289,0.524616392348852
0.999998439135749,5.7349858814701e-18,1.56086425102169e-06
0.551772763407918,9.71865847097269e-11,0.448227236494896
0.581411388132521,0.208491785237367,0.210096826630112
0.999999999727041,4.94520159989011e-24,2.72958519766498e-10
0.999999999583483,5.35064769920756e-23,4.16517584516968e-10
0.60422835141039,1.61399580200458e-10,0.39577164842821
0.682868747616518,1.70274720879012e-06,0.317129549636273
0.651184447496265,9.94649116788009e-13,0.34881555250274
0.332911423544909,2.2202669093959e-08,0.667088554252422
0.492698346322694,0.240885878036523,0.266415775640783
0.99999999999986,1.53397736876156e-33,1.40241993881098e-13
0.455400909635069,0.0756901599515204,0.468908930413411
0.678368606068979,2.85783413422861e-05,0.321602815589679
0.999999957490116,2.78673169846401e-17,4.25098837144623e-08
0.999999920289284,7.86665956505326e-23,7.97107161002445e-08
0.999998296839675,4.08780718313721e-14,1.70316028467743e-06
0.999986915031586,6.29069297680232e-12,1.30849621235849e-05
0.999998234808679,4.66210737467862e-22,1.76519132100176e-06
0.641467060525777,2.82426304875986e-13,0.358532939473941
0.540236315559104,1.71419170673921e-08,0.459763667298979
0.999999304466851,8.33045707523363e-22,6.95533148920593e-07
0.999995966430342,3.53579346646535e-15,4.03356965414372e-06
0.999999189907203,1.07213600404035e-16,8.10092796540963e-07
0.424423681066163,0.15111113890692,0.424465180026917
0.32985541245029,0.159276415359228,0.510868172190481
0.999999999999849,1.41498975830788e-31,1.50847191734738e-13
0.999999999999999,9.45566276120752e-38,1.09203351772773e-15
0.628120247411756,1.24214346958759e-06,0.371878510444774
0.334383947668109,2.82089169834106e-05,0.665587843414908
0.668830757000795,6.13167161552717e-12,0.331169242993074
0.999999999999963,6.08623810885855e-35,3.69697914682775e-14
0.999997286876868,1.76496514238748e-16,2.71312313197469e-06
0.595869416718355,2.76659991694405e-08,0.404130555615646
0.327769191923532,0.255520090937192,0.416710717139276
0.296419446861176,0.16602557951588,0.537554973622945
0.0538081379785168,0.0740599252671962,0.872131936754287
0.806538862928808,0.192032863520302,0.0014282735508902
0.604193767671372,5.27361903167326e-11,0.395806232275892
0.999999982002998,2.81762033186296e-24,1.79970016212477e-08
0.999999999673884,4.72012592772161e-25,3.26116075781021e-10
0.402346574262842,0.0756124424863228,0.522040983250835
0.333073566048286,0.0351592418322089,0.631767192119505
0.288523157761339,0.000866832766488694,0.710610009472172
0.999993993310234,5.33026887131446e-14,6.00668971261882e-06
0.682627612260085,4.23844256694262e-10,0.31737238731607
0.999991002647218,1.54583678581328e-13,8.99735262723492e-06
0.513039195936435,0.104367180562851,0.382593623500714
0.999999999998093,1.10679513500166e-30,1.90719448426629e-12
0.9999980381334,1.74977236225003e-16,1.96186660014986e-06
0.405470456876637,0.221793702951047,0.372735840172316
0.340596052393575,6.14535434628703e-09,0.65940394146107
0.999999364505537,7.63939385225047e-15,6.3549445605029e-07
0.670698945006965,7.40589159183155e-11,0.329301054918976
0.382164459276264,0.074789638172692,0.543045902551044
0.999999999927127,1.64798949393118e-23,7.28730153008706e-11
0.427323615676366,2.91854970587346e-11,0.572676384294449
0.524430166371743,3.88449520476316e-05,0.47553098867621
0.999999866365203,1.49595561318397e-14,1.33634781708398e-07
0.604333118837294,1.29862446524608e-11,0.39566688114972
0.999999999009923,4.01159064941715e-17,9.90077211561118e-10
0.999999999999778,9.69955300530845e-34,2.21943814364216e-13
0.395830623126795,2.62317377385483e-06,0.604166753699431
0.999996978052788,3.57274744834946e-19,3.0219472122248e-06
0.999999844604078,2.68941462568362e-15,1.55395919336132e-07
0.999999999999765,8.87986035151414e-34,2.34872937833647e-13
0.217526300062522,0.170780865972107,0.611692833965371
0.999999156841172,3.3532945815805e-19,8.43158827688096e-07
0.999981312238374,3.13545609420914e-17,1.86877616257189e-05
0.290072566482529,1.36425921943525e-12,0.709927433516107
0.618102578344798,6.81411745088464e-14,0.381897421655134
0.427775825955424,0.129686057876427,0.442538116168149
0.401566723060328,0.200740595978656,0.397692680961016
0.99999999997665,3.39674948171048e-28,2.33496455547339e-11
0.566540114941758,0.0900650475415361,0.343394837516706
0.999998468504534,4.99940612894577e-16,1.53149546528245e-06
0.999980118170024,5.50493041435216e-12,1.98818244708868e-05
0.762720155389521,0.23726928302419,1.05615862891106e-05
0.295891066840463,0.000111188857027723,0.70399774430251
0.999998687731866,2.66490453582036e-15,1.31226813156599e-06
0.999999999825157,6.83312370332845e-27,1.74842544824306e-10
0.999999999959119,7.40724919836964e-31,4.08810828123245e-11
0.999999994619081,3.07251198442235e-21,5.38091912430261e-09
0.596450546403753,4.08709956811965e-07,0.40354904488629
0.999997181199473,9.3002435430461e-16,2.81880052592232e-06
0.999995032350477,1.36628728548947e-16,4.9676495228133e-06
0.999999999935277,3.30996664772839e-27,6.47230953600937e-11
0.647785594508715,1.51709860618845e-10,0.352214405339576
0.558820057201979,1.21089723889721e-08,0.441179930689049
0.455634826740134,0.000145774348288063,0.544219398911578
0.491101239565823,2.10828192223584e-08,0.508898739351357
0.535955182356654,0.105832839157139,0.358211978486207
0.999999999995224,9.82584332605788e-30,4.77569133139905e-12
0.999999278018652,2.69366828182163e-15,7.2198134502457e-07
0.999999974068425,2.29568038821176e-23,2.59315748535924e-08
0.605736500257624,1.04081522585772e-06,0.39426245892715
0.493488803466608,0.052947966435827,0.453563230097565
0.568023683599196,2.77939825547946e-08,0.431976288606822
0.372379514371349,0.00284931025626681,0.624771175372384
0.999996479183809,2.46953611071265e-13,3.52081594424724e-06
0.549635700136413,2.12312116393398e-11,0.450364299842356
0.999999999550084,5.82014514728396e-22,4.49916289712524e-10
0.612619366237343,1.0878707799537e-10,0.38738063365387
0.999991485561345,4.33464427789157e-14,8.5144386116665e-06
0.321927829895478,0.0890186782808929,0.589053491823629
0.999999836413455,1.1664960392626e-20,1.63586544616802e-07
0.999999513833449,1.71730225452258e-15,4.86166548894437e-07
0.65685573157644,0.314200867493709,0.0289434009298511
0.72238608369936,0.277563188510777,5.0727789862661e-05
0.589552972702174,1.53733500728001e-10,0.410447027144093
0.490245417477594,8.36486716575505e-07,0.50975374603569
0.522785437362611,1.0895971367379e-06,0.477213473040253
0.435266437661159,2.83297480514043e-07,0.564733279041361
0.432838303023053,6.61309403120078e-05,0.567095566036635
0.622050556791971,1.7171624209124e-10,0.377949443036313
0.605193405029416,5.65375020739397e-12,0.39480659496493
0.999998967722147,3.87576551999993e-20,1.032277852837e-06
0.543209277355931,1.3974997426839e-07,0.456790582894095
0.411715523457528,0.477047532437379,0.111236944105093
0.43306547981235,0.019822384821855,0.547112135365795
0.262635678013045,8.57405128352195e-05,0.73727858147412
0.999999701001329,9.83670803363133e-20,2.98998671319164e-07
0.999999999866532,1.59027503240564e-22,1.3346764208205e-10
0.999999999941254,4.11450808701882e-27,5.87461767485777e-11
0.999998988581778,1.52346142018242e-19,1.01141822235976e-06
0.999999983910539,3.2844985234818e-22,1.60894605731163e-08
0.999999995815929,5.81647348970785e-23,4.18407137937398e-09
0.259364483361674,3.33484273300859e-09,0.740635513303483
0.999999997934332,4.11454299515615e-22,2.06566837082295e-09
0.999999999997801,2.45271571689684e-28,2.19864124438377e-12
0.999997261280587,9.23390510624329e-15,2.73871940397383e-06
0.999999998021946,5.42878571901134e-23,1.97805375544668e-09
0.999999999999795,3.58364586405568e-31,2.05025695724598e-13
0.999997041431827,1.65341372535165e-11,2.95855163929961e-06
0.99998567325624,1.26397464995079e-17,1.43267437594322e-05
0.99999999997513,5.49547015816085e-28,2.48706302760104e-11
0.999999984065426,2.26738906959236e-22,1.59345741261928e-08
0.9999993993066,2.14842356239611e-14,6.00693378649662e-07
0.23694131076119,0.000113122869650485,0.762945566369159
0.76097875202968,7.80527057674655e-08,0.239021169917614
0.628978150333274,3.25090322507443e-13,0.371021849666401
0.999999999860855,6.09497227334284e-24,1.39145205616291e-10
0.379353620240484,0.000245868020056698,0.620400511739459
